{"type":"FeatureCollection","source":"国土地理院 道路中心線（experimental_rdcl z16）の 高速自動車国道等","builtAt":"2026-09-26T11:27:38.718Z","features":[{"type":"Feature","properties":{"tunnel":0},"geometry":{"type":"LineString","coordinates":[[139.92838,35.67293],[139.92811,35.67277],[139.92737,35.67214]]}},{"type":"Feature","properties":{"tunnel":0},"geometry":{"type":"LineString","coordinates":[[139.92737,35.67242],[139.92782,35.67281],[139.93035,35.675]]}},{"type":"Feature","properties":{"tunnel":0},"geometry":{"type":"LineString","coordinates":[[139.92737,35.6727],[139.9275,35.67281],[139.92755,35.6729]]}},{"type":"Feature","properties":{"tunnel":0},"geometry":{"type":"LineString","coordinates":[[139.93035,35.675],[139.93052,35.67515]]}},{"type":"Feature","properties":{"tunnel":0},"geometry":{"type":"LineString","coordinates":[[139.93052,35.67515],[139.93286,35.67722]]}},{"type":"Feature","properties":{"tunnel":0},"geometry":{"type":"LineString","coordinates":[[139.92877,35.70919],[139.92872,35.70915],[139.92861,35.70913],[139.92842,35.70913],[139.92817,35.70917],[139.92756,35.70927],[139.92737,35.70928]]}},{"type":"Feature","properties":{"tunnel":0},"geometry":{"type":"LineString","coordinates":[[139.92737,35.70971],[139.92754,35.70961],[139.92824,35.70945],[139.92847,35.70938],[139.92862,35.70932],[139.92874,35.70926],[139.92877,35.70919]]}},{"type":"Feature","properties":{"tunnel":0},"geometry":{"type":"LineString","coordinates":[[139.92877,35.70919],[139.92971,35.70902],[139.93145,35.70867],[139.93199,35.70856],[139.93286,35.70841]]}},{"type":"Feature","properties":{"tunnel":0},"geometry":{"type":"LineString","coordinates":[[139.92737,35.70947],[139.92847,35.70925],[139.92877,35.70919]]}},{"type":"Feature","properties":{"tunnel":0},"geometry":{"type":"LineString","coordinates":[[139.92188,35.66725],[139.92335,35.66881],[139.92452,35.66994],[139.925,35.67036]]}},{"type":"Feature","properties":{"tunnel":0},"geometry":{"type":"LineString","coordinates":[[139.925,35.67036],[139.92522,35.67055]]}},{"type":"Feature","properties":{"tunnel":0},"geometry":{"type":"LineString","coordinates":[[139.92522,35.67055],[139.92538,35.67069]]}},{"type":"Feature","properties":{"tunnel":0},"geometry":{"type":"LineString","coordinates":[[139.92538,35.67069],[139.92605,35.67127]]}},{"type":"Feature","properties":{"tunnel":0},"geometry":{"type":"LineString","coordinates":[[139.92737,35.67214],[139.92665,35.67154],[139.92605,35.67127]]}},{"type":"Feature","properties":{"tunnel":0},"geometry":{"type":"LineString","coordinates":[[139.92605,35.67127],[139.9264,35.67158]]}},{"type":"Feature","properties":{"tunnel":0},"geometry":{"type":"LineString","coordinates":[[139.9264,35.67158],[139.92737,35.67242]]}},{"type":"Feature","properties":{"tunnel":0},"geometry":{"type":"LineString","coordinates":[[139.9264,35.67158],[139.92674,35.6721],[139.92693,35.67232],[139.92737,35.6727]]}},{"type":"Feature","properties":{"tunnel":0},"geometry":{"type":"LineString","coordinates":[[139.92188,35.71054],[139.92206,35.71051],[139.92225,35.71047]]}},{"type":"Feature","properties":{"tunnel":0},"geometry":{"type":"LineString","coordinates":[[139.92225,35.71047],[139.9223,35.7105],[139.92244,35.71051],[139.92275,35.7105],[139.92338,35.7104],[139.92393,35.71031],[139.92481,35.71016]]}},{"type":"Feature","properties":{"tunnel":0},"geometry":{"type":"LineString","coordinates":[[139.92472,35.7098],[139.92407,35.70996],[139.92335,35.71011],[139.9227,35.71024],[139.9224,35.71033],[139.92228,35.71041],[139.92225,35.71047]]}},{"type":"Feature","properties":{"tunnel":0},"geometry":{"type":"LineString","coordinates":[[139.925,35.70972],[139.92472,35.7098]]}},{"type":"Feature","properties":{"tunnel":0},"geometry":{"type":"LineString","coordinates":[[139.92472,35.7098],[139.925,35.70975]]}},{"type":"Feature","properties":{"tunnel":0},"geometry":{"type":"LineString","coordinates":[[139.92481,35.71016],[139.925,35.71014]]}},{"type":"Feature","properties":{"tunnel":0},"geometry":{"type":"LineString","coordinates":[[139.925,35.71011],[139.92481,35.71016]]}},{"type":"Feature","properties":{"tunnel":0},"geometry":{"type":"LineString","coordinates":[[139.92225,35.71047],[139.92256,35.71042],[139.925,35.70994]]}},{"type":"Feature","properties":{"tunnel":0},"geometry":{"type":"LineString","coordinates":[[139.92549,35.70967],[139.92655,35.70944],[139.92664,35.70939],[139.92669,35.70934],[139.92672,35.70926],[139.92673,35.7092],[139.92671,35.70911],[139.92666,35.70905],[139.92656,35.70899],[139.92647,35.70898],[139.92637,35.70899],[139.92627,35.70903],[139.9262,35.70909],[139.92612,35.70927],[139.92607,35.70936]]}},{"type":"Feature","properties":{"tunnel":0},"geometry":{"type":"LineString","coordinates":[[139.92627,35.71006],[139.92651,35.71028],[139.9266,35.71033],[139.92668,35.71035],[139.92675,35.71035],[139.92685,35.71032],[139.92692,35.71028],[139.92698,35.71023]]}},{"type":"Feature","properties":{"tunnel":0},"geometry":{"type":"LineString","coordinates":[[139.92721,35.70986],[139.92713,35.71008],[139.92708,35.71023],[139.92703,35.71031],[139.92696,35.71036],[139.92687,35.71043],[139.92681,35.71047]]}},{"type":"Feature","properties":{"tunnel":0},"geometry":{"type":"LineString","coordinates":[[139.92543,35.7096],[139.925,35.70972]]}},{"type":"Feature","properties":{"tunnel":0},"geometry":{"type":"LineString","coordinates":[[139.925,35.70975],[139.92549,35.70967]]}},{"type":"Feature","properties":{"tunnel":0},"geometry":{"type":"LineString","coordinates":[[139.92737,35.70928],[139.92726,35.70929],[139.92711,35.70926],[139.92699,35.70921],[139.92685,35.70914],[139.92677,35.70902],[139.92672,35.7089],[139.92665,35.70853]]}},{"type":"Feature","properties":{"tunnel":0},"geometry":{"type":"LineString","coordinates":[[139.925,35.71014],[139.92562,35.71007],[139.92582,35.71008],[139.92595,35.71012],[139.92606,35.71017],[139.92615,35.71027],[139.9262,35.71034],[139.92627,35.71057],[139.92637,35.71074],[139.92647,35.71082]]}},{"type":"Feature","properties":{"tunnel":0},"geometry":{"type":"LineString","coordinates":[[139.92698,35.71023],[139.92701,35.71014],[139.92702,35.71006],[139.92698,35.70995],[139.92685,35.70987],[139.92667,35.70982],[139.92646,35.70983],[139.92616,35.70988],[139.92586,35.70994],[139.92528,35.71005],[139.925,35.71011]]}},{"type":"Feature","properties":{"tunnel":0},"geometry":{"type":"LineString","coordinates":[[139.92721,35.70986],[139.92731,35.70975],[139.92737,35.70971]]}},{"type":"Feature","properties":{"tunnel":0},"geometry":{"type":"LineString","coordinates":[[139.925,35.70994],[139.92737,35.70947]]}},{"type":"Feature","properties":{"tunnel":0},"geometry":{"type":"LineString","coordinates":[[139.92681,35.71047],[139.9267,35.71054],[139.92659,35.71064],[139.92655,35.7107]]}},{"type":"Feature","properties":{"tunnel":0},"geometry":{"type":"LineString","coordinates":[[139.92655,35.7107],[139.92647,35.71082]]}},{"type":"Feature","properties":{"tunnel":0},"geometry":{"type":"LineString","coordinates":[[139.92585,35.7087],[139.92579,35.70877],[139.92578,35.70888],[139.92582,35.7091]]}},{"type":"Feature","properties":{"tunnel":0},"geometry":{"type":"LineString","coordinates":[[139.92582,35.7091],[139.92583,35.70916],[139.92581,35.7093],[139.92578,35.70935],[139.92573,35.70941],[139.92562,35.7095],[139.9255,35.70957],[139.92543,35.7096]]}},{"type":"Feature","properties":{"tunnel":0},"geometry":{"type":"LineString","coordinates":[[139.92091,35.66622],[139.92132,35.66667]]}},{"type":"Feature","properties":{"tunnel":0},"geometry":{"type":"LineString","coordinates":[[139.92132,35.66667],[139.92175,35.66712],[139.92188,35.66725]]}},{"type":"Feature","properties":{"tunnel":0},"geometry":{"type":"LineString","coordinates":[[139.91813,35.66325],[139.91954,35.66476],[139.92091,35.66622]]}},{"type":"Feature","properties":{"tunnel":0},"geometry":{"type":"LineString","coordinates":[[139.91668,35.66176],[139.91672,35.6618]]}},{"type":"Feature","properties":{"tunnel":0},"geometry":{"type":"LineString","coordinates":[[139.91672,35.6618],[139.91813,35.66325]]}},{"type":"Feature","properties":{"tunnel":0},"geometry":{"type":"LineString","coordinates":[[139.91638,35.66149],[139.91667,35.66175]]}},{"type":"Feature","properties":{"tunnel":0},"geometry":{"type":"LineString","coordinates":[[139.91667,35.66175],[139.91668,35.66176]]}},{"type":"Feature","properties":{"tunnel":0},"geometry":{"type":"LineString","coordinates":[[139.91638,35.70947],[139.91667,35.70964]]}},{"type":"Feature","properties":{"tunnel":0},"geometry":{"type":"LineString","coordinates":[[139.91901,35.71073],[139.91946,35.7108]]}},{"type":"Feature","properties":{"tunnel":0},"geometry":{"type":"LineString","coordinates":[[139.91946,35.7108],[139.91991,35.71082],[139.92048,35.71078],[139.92091,35.71072],[139.9216,35.7106],[139.92188,35.71054]]}},{"type":"Feature","properties":{"tunnel":0},"geometry":{"type":"LineString","coordinates":[[139.91717,35.70992],[139.91788,35.71032],[139.91839,35.71055],[139.91871,35.71065],[139.91901,35.71073]]}},{"type":"Feature","properties":{"tunnel":0},"geometry":{"type":"LineString","coordinates":[[139.91667,35.70964],[139.91717,35.70992]]}},{"type":"Feature","properties":{"tunnel":0},"geometry":{"type":"LineString","coordinates":[[139.91146,35.6573],[139.91196,35.65772]]}},{"type":"Feature","properties":{"tunnel":0},"geometry":{"type":"LineString","coordinates":[[139.91196,35.65772],[139.9122,35.65791],[139.91271,35.65833]]}},{"type":"Feature","properties":{"tunnel":0},"geometry":{"type":"LineString","coordinates":[[139.91271,35.65833],[139.91554,35.66071],[139.91638,35.66149]]}},{"type":"Feature","properties":{"tunnel":0},"geometry":{"type":"LineString","coordinates":[[139.91089,35.6568],[139.91092,35.65683]]}},{"type":"Feature","properties":{"tunnel":0},"geometry":{"type":"LineString","coordinates":[[139.91092,35.65683],[139.91146,35.6573]]}},{"type":"Feature","properties":{"tunnel":0},"geometry":{"type":"LineString","coordinates":[[139.91089,35.70615],[139.91127,35.70638]]}},{"type":"Feature","properties":{"tunnel":0},"geometry":{"type":"LineString","coordinates":[[139.91089,35.70632],[139.91099,35.70638]]}},{"type":"Feature","properties":{"tunnel":0},"geometry":{"type":"LineString","coordinates":[[139.91089,35.70648],[139.91198,35.70709],[139.91213,35.70715],[139.91219,35.70707]]}},{"type":"Feature","properties":{"tunnel":0},"geometry":{"type":"LineString","coordinates":[[139.91127,35.70638],[139.91217,35.70691],[139.91227,35.70699],[139.91219,35.70707]]}},{"type":"Feature","properties":{"tunnel":0},"geometry":{"type":"LineString","coordinates":[[139.91099,35.70638],[139.91122,35.70651]]}},{"type":"Feature","properties":{"tunnel":0},"geometry":{"type":"LineString","coordinates":[[139.91122,35.70651],[139.91219,35.70707]]}},{"type":"Feature","properties":{"tunnel":0},"geometry":{"type":"LineString","coordinates":[[139.91219,35.70707],[139.91254,35.70727],[139.91438,35.70833]]}},{"type":"Feature","properties":{"tunnel":0},"geometry":{"type":"LineString","coordinates":[[139.91438,35.70833],[139.91534,35.70888]]}},{"type":"Feature","properties":{"tunnel":0},"geometry":{"type":"LineString","coordinates":[[139.91534,35.70888],[139.91638,35.70947]]}},{"type":"Feature","properties":{"tunnel":0},"geometry":{"type":"LineString","coordinates":[[139.90612,35.65283],[139.9068,35.65341]]}},{"type":"Feature","properties":{"tunnel":0},"geometry":{"type":"LineString","coordinates":[[139.9068,35.65341],[139.90763,35.6541]]}},{"type":"Feature","properties":{"tunnel":0},"geometry":{"type":"LineString","coordinates":[[139.90763,35.6541],[139.90833,35.65469]]}},{"type":"Feature","properties":{"tunnel":0},"geometry":{"type":"LineString","coordinates":[[139.90653,35.65283],[139.90679,35.65311],[139.90717,35.65347],[139.90757,35.6539],[139.90763,35.6541]]}},{"type":"Feature","properties":{"tunnel":0},"geometry":{"type":"LineString","coordinates":[[139.90763,35.6541],[139.90728,35.65403],[139.90687,35.65377],[139.9063,35.65332],[139.90589,35.65301],[139.90563,35.65283]]}},{"type":"Feature","properties":{"tunnel":0},"geometry":{"type":"LineString","coordinates":[[139.90833,35.65469],[139.91089,35.6568]]}},{"type":"Feature","properties":{"tunnel":0},"geometry":{"type":"LineString","coordinates":[[139.9054,35.65223],[139.90612,35.65283]]}},{"type":"Feature","properties":{"tunnel":0},"geometry":{"type":"LineString","coordinates":[[139.90595,35.65211],[139.90632,35.6526],[139.90653,35.65283]]}},{"type":"Feature","properties":{"tunnel":0},"geometry":{"type":"LineString","coordinates":[[139.90563,35.65283],[139.9054,35.65267]]}},{"type":"Feature","properties":{"tunnel":0},"geometry":{"type":"LineString","coordinates":[[139.9073,35.7047],[139.90833,35.70507]]}},{"type":"Feature","properties":{"tunnel":0},"geometry":{"type":"LineString","coordinates":[[139.9054,35.70406],[139.9058,35.70419],[139.90649,35.70442],[139.9073,35.7047]]}},{"type":"Feature","properties":{"tunnel":0},"geometry":{"type":"LineString","coordinates":[[139.90871,35.70537],[139.90895,35.70546],[139.90967,35.70581],[139.91034,35.70618]]}},{"type":"Feature","properties":{"tunnel":0},"geometry":{"type":"LineString","coordinates":[[139.90887,35.70512],[139.90949,35.70541],[139.90999,35.70566],[139.91052,35.70594]]}},{"type":"Feature","properties":{"tunnel":0},"geometry":{"type":"LineString","coordinates":[[139.91034,35.70618],[139.9107,35.70638]]}},{"type":"Feature","properties":{"tunnel":0},"geometry":{"type":"LineString","coordinates":[[139.91052,35.70594],[139.91089,35.70615]]}},{"type":"Feature","properties":{"tunnel":0},"geometry":{"type":"LineString","coordinates":[[139.90833,35.70507],[139.90857,35.70516],[139.90886,35.70527],[139.90914,35.70539],[139.90951,35.70556],[139.90993,35.70577],[139.91089,35.70632]]}},{"type":"Feature","properties":{"tunnel":0},"geometry":{"type":"LineString","coordinates":[[139.9107,35.70638],[139.91089,35.70648]]}},{"type":"Feature","properties":{"tunnel":0},"geometry":{"type":"LineString","coordinates":[[139.90077,35.64837],[139.90118,35.64871]]}},{"type":"Feature","properties":{"tunnel":0},"geometry":{"type":"LineString","coordinates":[[139.90118,35.64871],[139.90274,35.65]]}},{"type":"Feature","properties":{"tunnel":0},"geometry":{"type":"LineString","coordinates":[[139.90309,35.65029],[139.90419,35.65121]]}},{"type":"Feature","properties":{"tunnel":0},"geometry":{"type":"LineString","coordinates":[[139.90419,35.65121],[139.9054,35.65223]]}},{"type":"Feature","properties":{"tunnel":0},"geometry":{"type":"LineString","coordinates":[[139.90274,35.65],[139.90309,35.65029]]}},{"type":"Feature","properties":{"tunnel":0},"geometry":{"type":"LineString","coordinates":[[139.9054,35.65267],[139.90517,35.65252],[139.905,35.65243]]}},{"type":"Feature","properties":{"tunnel":0},"geometry":{"type":"LineString","coordinates":[[139.8999,35.64764],[139.9,35.64772]]}},{"type":"Feature","properties":{"tunnel":0},"geometry":{"type":"LineString","coordinates":[[139.9,35.64772],[139.90077,35.64837]]}},{"type":"Feature","properties":{"tunnel":0},"geometry":{"type":"LineString","coordinates":[[139.8999,35.70218],[139.89993,35.70219]]}},{"type":"Feature","properties":{"tunnel":0},"geometry":{"type":"LineString","coordinates":[[139.89993,35.70219],[139.9,35.70221]]}},{"type":"Feature","properties":{"tunnel":0},"geometry":{"type":"LineString","coordinates":[[139.9,35.70221],[139.9016,35.70276]]}},{"type":"Feature","properties":{"tunnel":0},"geometry":{"type":"LineString","coordinates":[[139.9016,35.70276],[139.9041,35.70361],[139.9054,35.70406]]}},{"type":"Feature","properties":{"tunnel":0},"geometry":{"type":"LineString","coordinates":[[139.89441,35.64304],[139.89544,35.64391]]}},{"type":"Feature","properties":{"tunnel":0},"geometry":{"type":"LineString","coordinates":[[139.89544,35.64391],[139.89664,35.64491],[139.8999,35.64764]]}},{"type":"Feature","properties":{"tunnel":0},"geometry":{"type":"LineString","coordinates":[[139.89441,35.69838],[139.89468,35.69864],[139.89489,35.69889],[139.89579,35.7],[139.89579,35.7]]}},{"type":"Feature","properties":{"tunnel":0},"geometry":{"type":"LineString","coordinates":[[139.89579,35.7],[139.89586,35.70008],[139.89625,35.70054],[139.89643,35.70072],[139.89662,35.70087],[139.89682,35.701],[139.89703,35.70113],[139.89782,35.70147]]}},{"type":"Feature","properties":{"tunnel":0},"geometry":{"type":"LineString","coordinates":[[139.89782,35.70147],[139.89871,35.70176],[139.89916,35.70192]]}},{"type":"Feature","properties":{"tunnel":0},"geometry":{"type":"LineString","coordinates":[[139.89916,35.70192],[139.8999,35.70218]]}},{"type":"Feature","properties":{"tunnel":0},"geometry":{"type":"LineString","coordinates":[[139.88892,35.63872],[139.889,35.63876],[139.88908,35.63881],[139.88914,35.63885],[139.88954,35.63908],[139.88982,35.63928],[139.89005,35.63944]]}},{"type":"Feature","properties":{"tunnel":0},"geometry":{"type":"LineString","coordinates":[[139.88894,35.63894],[139.88904,35.639],[139.88912,35.63905],[139.88933,35.63919],[139.88966,35.63944]]}},{"type":"Feature","properties":{"tunnel":0},"geometry":{"type":"LineString","coordinates":[[139.88904,35.63854],[139.88942,35.63877],[139.89023,35.63925],[139.89052,35.63943],[139.89054,35.63944]]}},{"type":"Feature","properties":{"tunnel":0},"geometry":{"type":"LineString","coordinates":[[139.88894,35.63894],[139.88892,35.63893]]}},{"type":"Feature","properties":{"tunnel":0},"geometry":{"type":"LineString","coordinates":[[139.88892,35.63848],[139.88904,35.63854]]}},{"type":"Feature","properties":{"tunnel":0},"geometry":{"type":"LineString","coordinates":[[139.89039,35.6397],[139.89144,35.64058]]}},{"type":"Feature","properties":{"tunnel":0},"geometry":{"type":"LineString","coordinates":[[139.89144,35.64058],[139.89157,35.64068],[139.89167,35.64076]]}},{"type":"Feature","properties":{"tunnel":0},"geometry":{"type":"LineString","coordinates":[[139.89005,35.63944],[139.89039,35.6397]]}},{"type":"Feature","properties":{"tunnel":0},"geometry":{"type":"LineString","coordinates":[[139.8907,35.63956],[139.891,35.6398],[139.89152,35.64023],[139.89167,35.64036]]}},{"type":"Feature","properties":{"tunnel":0},"geometry":{"type":"LineString","coordinates":[[139.89027,35.63995],[139.89064,35.6403],[139.89111,35.64072],[139.8915,35.6411],[139.89152,35.64119]]}},{"type":"Feature","properties":{"tunnel":0},"geometry":{"type":"LineString","coordinates":[[139.88966,35.63944],[139.88995,35.63966]]}},{"type":"Feature","properties":{"tunnel":0},"geometry":{"type":"LineString","coordinates":[[139.88995,35.63966],[139.89027,35.63995]]}},{"type":"Feature","properties":{"tunnel":0},"geometry":{"type":"LineString","coordinates":[[139.89054,35.63944],[139.8907,35.63956]]}},{"type":"Feature","properties":{"tunnel":0},"geometry":{"type":"LineString","coordinates":[[139.89167,35.64076],[139.89275,35.64167]]}},{"type":"Feature","properties":{"tunnel":0},"geometry":{"type":"LineString","coordinates":[[139.89167,35.64036],[139.89169,35.64038],[139.89252,35.64108],[139.89298,35.64137],[139.89312,35.64143]]}},{"type":"Feature","properties":{"tunnel":0},"geometry":{"type":"LineString","coordinates":[[139.89275,35.64167],[139.89285,35.64175],[139.89355,35.64231],[139.89385,35.64257],[139.89441,35.64304]]}},{"type":"Feature","properties":{"tunnel":0},"geometry":{"type":"LineString","coordinates":[[139.88892,35.69742],[139.89055,35.69742],[139.89163,35.69741],[139.89167,35.69741]]}},{"type":"Feature","properties":{"tunnel":0},"geometry":{"type":"LineString","coordinates":[[139.89167,35.69741],[139.89178,35.69741],[139.89221,35.69744],[139.8923,35.69746]]}},{"type":"Feature","properties":{"tunnel":0},"geometry":{"type":"LineString","coordinates":[[139.8923,35.69746],[139.89269,35.69752],[139.89317,35.69765],[139.89349,35.69777],[139.89378,35.69791],[139.89406,35.69809],[139.8944,35.69836],[139.89441,35.69838]]}},{"type":"Feature","properties":{"tunnel":0},"geometry":{"type":"LineString","coordinates":[[139.88342,35.63753],[139.88364,35.63752],[139.88419,35.63752],[139.88452,35.63753],[139.88481,35.63755]]}},{"type":"Feature","properties":{"tunnel":0},"geometry":{"type":"LineString","coordinates":[[139.8875,35.63811],[139.88809,35.63833],[139.88834,35.63844],[139.88875,35.63862],[139.88886,35.63868],[139.88892,35.63872]]}},{"type":"Feature","properties":{"tunnel":0},"geometry":{"type":"LineString","coordinates":[[139.88892,35.63893],[139.88865,35.63878],[139.88838,35.63865],[139.88758,35.63821],[139.8875,35.63811]]}},{"type":"Feature","properties":{"tunnel":0},"geometry":{"type":"LineString","coordinates":[[139.88481,35.63755],[139.88546,35.6376],[139.88593,35.63767],[139.88646,35.63777],[139.88671,35.63783],[139.88676,35.63785],[139.88682,35.63786],[139.88729,35.63802]]}},{"type":"Feature","properties":{"tunnel":0},"geometry":{"type":"LineString","coordinates":[[139.88729,35.63802],[139.88755,35.63793],[139.88781,35.63802],[139.88843,35.63825],[139.88892,35.63848]]}},{"type":"Feature","properties":{"tunnel":0},"geometry":{"type":"LineString","coordinates":[[139.88729,35.63802],[139.8875,35.63811]]}},{"type":"Feature","properties":{"tunnel":0},"geometry":{"type":"LineString","coordinates":[[139.88604,35.63585],[139.88564,35.63618],[139.88525,35.63651],[139.88496,35.6367],[139.88482,35.63678],[139.88471,35.63684],[139.88462,35.63689],[139.88447,35.63695],[139.88443,35.63696],[139.88432,35.63699],[139.8841,35.63699],[139.88388,35.63697],[139.88376,35.63697],[139.88361,35.63698],[139.88352,35.63699],[139.88342,35.637]]}},{"type":"Feature","properties":{"tunnel":0},"geometry":{"type":"LineString","coordinates":[[139.88697,35.6353],[139.88627,35.63569],[139.88604,35.63585]]}},{"type":"Feature","properties":{"tunnel":0},"geometry":{"type":"LineString","coordinates":[[139.88342,35.69744],[139.88375,35.69743],[139.88892,35.69742]]}},{"type":"Feature","properties":{"tunnel":0},"geometry":{"type":"LineString","coordinates":[[139.87878,35.63873],[139.88018,35.63822],[139.88054,35.6381],[139.88098,35.63796],[139.88138,35.63785],[139.8818,35.63775],[139.88207,35.6377]]}},{"type":"Feature","properties":{"tunnel":0},"geometry":{"type":"LineString","coordinates":[[139.87793,35.63904],[139.87878,35.63873]]}},{"type":"Feature","properties":{"tunnel":0},"geometry":{"type":"LineString","coordinates":[[139.88207,35.6377],[139.88273,35.6376],[139.88333,35.63754]]}},{"type":"Feature","properties":{"tunnel":0},"geometry":{"type":"LineString","coordinates":[[139.88301,35.63705],[139.8826,35.63711],[139.88237,35.63715],[139.8822,35.6372],[139.88202,35.63725]]}},{"type":"Feature","properties":{"tunnel":0},"geometry":{"type":"LineString","coordinates":[[139.88333,35.63701],[139.88328,35.63702],[139.88301,35.63705]]}},{"type":"Feature","properties":{"tunnel":0},"geometry":{"type":"LineString","coordinates":[[139.88202,35.63725],[139.88188,35.6373],[139.88171,35.63739],[139.8813,35.63765],[139.88115,35.63772],[139.8807,35.63786],[139.88043,35.63796],[139.87969,35.63822],[139.8789,35.63861],[139.87878,35.63873]]}},{"type":"Feature","properties":{"tunnel":0},"geometry":{"type":"LineString","coordinates":[[139.88333,35.63754],[139.88342,35.63753]]}},{"type":"Feature","properties":{"tunnel":0},"geometry":{"type":"LineString","coordinates":[[139.88342,35.637],[139.88333,35.63701]]}},{"type":"Feature","properties":{"tunnel":0},"geometry":{"type":"LineString","coordinates":[[139.88333,35.69744],[139.88333,35.69744]]}},{"type":"Feature","properties":{"tunnel":0},"geometry":{"type":"LineString","coordinates":[[139.88122,35.69746],[139.88118,35.69744]]}},{"type":"Feature","properties":{"tunnel":0},"geometry":{"type":"LineString","coordinates":[[139.88179,35.6973],[139.88172,35.69738],[139.88143,35.69741],[139.88126,35.69743],[139.88118,35.69744]]}},{"type":"Feature","properties":{"tunnel":0},"geometry":{"type":"LineString","coordinates":[[139.87873,35.69745],[139.87848,35.69746]]}},{"type":"Feature","properties":{"tunnel":0},"geometry":{"type":"LineString","coordinates":[[139.87873,35.69745],[139.88118,35.69744]]}},{"type":"Feature","properties":{"tunnel":0},"geometry":{"type":"LineString","coordinates":[[139.88333,35.69744],[139.88333,35.69746]]}},{"type":"Feature","properties":{"tunnel":0},"geometry":{"type":"LineString","coordinates":[[139.88333,35.69744],[139.88332,35.69738],[139.88238,35.69737]]}},{"type":"Feature","properties":{"tunnel":0},"geometry":{"type":"LineString","coordinates":[[139.87873,35.69746],[139.87873,35.69745]]}},{"type":"Feature","properties":{"tunnel":0},"geometry":{"type":"LineString","coordinates":[[139.879,35.69735],[139.87876,35.69737],[139.87873,35.69745]]}},{"type":"Feature","properties":{"tunnel":0},"geometry":{"type":"LineString","coordinates":[[139.88238,35.69737],[139.88116,35.69736],[139.879,35.69735]]}},{"type":"Feature","properties":{"tunnel":0},"geometry":{"type":"LineString","coordinates":[[139.88333,35.69744],[139.88342,35.69744]]}},{"type":"Feature","properties":{"tunnel":0},"geometry":{"type":"LineString","coordinates":[[139.88181,35.69759],[139.88167,35.69754],[139.88127,35.69747],[139.88122,35.69746]]}},{"type":"Feature","properties":{"tunnel":0},"geometry":{"type":"LineString","coordinates":[[139.87848,35.69746],[139.8782,35.69746]]}},{"type":"Feature","properties":{"tunnel":0},"geometry":{"type":"LineString","coordinates":[[139.8782,35.69746],[139.87796,35.69748],[139.87793,35.69748]]}},{"type":"Feature","properties":{"tunnel":0},"geometry":{"type":"LineString","coordinates":[[139.88333,35.69746],[139.88331,35.69749],[139.88237,35.69751]]}},{"type":"Feature","properties":{"tunnel":0},"geometry":{"type":"LineString","coordinates":[[139.87901,35.69754],[139.87876,35.69752],[139.87873,35.69746]]}},{"type":"Feature","properties":{"tunnel":0},"geometry":{"type":"LineString","coordinates":[[139.88237,35.69751],[139.88106,35.69753],[139.87901,35.69754]]}},{"type":"Feature","properties":{"tunnel":0},"geometry":{"type":"LineString","coordinates":[[139.87812,35.80093],[139.87798,35.80192]]}},{"type":"Feature","properties":{"tunnel":0},"geometry":{"type":"LineString","coordinates":[[139.87798,35.80192],[139.87793,35.80219]]}},{"type":"Feature","properties":{"tunnel":0},"geometry":{"type":"LineString","coordinates":[[139.87244,35.64107],[139.87479,35.6402],[139.87483,35.64018]]}},{"type":"Feature","properties":{"tunnel":0},"geometry":{"type":"LineString","coordinates":[[139.87483,35.64018],[139.875,35.64012]]}},{"type":"Feature","properties":{"tunnel":0},"geometry":{"type":"LineString","coordinates":[[139.875,35.64012],[139.87685,35.63944]]}},{"type":"Feature","properties":{"tunnel":0},"geometry":{"type":"LineString","coordinates":[[139.87685,35.63944],[139.8776,35.63916],[139.87793,35.63904]]}},{"type":"Feature","properties":{"tunnel":0},"geometry":{"type":"LineString","coordinates":[[139.87244,35.69872],[139.87265,35.69868],[139.87353,35.69847],[139.875,35.69812]]}},{"type":"Feature","properties":{"tunnel":0},"geometry":{"type":"LineString","coordinates":[[139.87693,35.69766],[139.875,35.69812]]}},{"type":"Feature","properties":{"tunnel":0},"geometry":{"type":"LineString","coordinates":[[139.87793,35.69748],[139.87765,35.69751],[139.87734,35.69757],[139.87693,35.69766]]}},{"type":"Feature","properties":{"tunnel":0},"geometry":{"type":"LineString","coordinates":[[139.87777,35.8009],[139.87761,35.80186]]}},{"type":"Feature","properties":{"tunnel":0},"geometry":{"type":"LineString","coordinates":[[139.87761,35.80186],[139.87705,35.80415],[139.87708,35.80424],[139.87716,35.80431]]}},{"type":"Feature","properties":{"tunnel":0},"geometry":{"type":"LineString","coordinates":[[139.87793,35.80219],[139.8779,35.80234],[139.87767,35.80312],[139.87734,35.80419],[139.87728,35.80427],[139.87716,35.80431]]}},{"type":"Feature","properties":{"tunnel":0},"geometry":{"type":"LineString","coordinates":[[139.87716,35.80431],[139.87712,35.80445]]}},{"type":"Feature","properties":{"tunnel":0},"geometry":{"type":"LineString","coordinates":[[139.87712,35.80445],[139.87675,35.80582],[139.87611,35.80831],[139.87611,35.80833]]}},{"type":"Feature","properties":{"tunnel":0},"geometry":{"type":"LineString","coordinates":[[139.87611,35.80833],[139.87598,35.8089]]}},{"type":"Feature","properties":{"tunnel":0},"geometry":{"type":"LineString","coordinates":[[139.87598,35.8089],[139.87589,35.80929],[139.87564,35.81076],[139.87533,35.81252],[139.8752,35.81336]]}},{"type":"Feature","properties":{"tunnel":0},"geometry":{"type":"LineString","coordinates":[[139.875,35.81455],[139.87491,35.815]]}},{"type":"Feature","properties":{"tunnel":0},"geometry":{"type":"LineString","coordinates":[[139.87491,35.815],[139.87459,35.81667]]}},{"type":"Feature","properties":{"tunnel":0},"geometry":{"type":"LineString","coordinates":[[139.87459,35.81667],[139.87436,35.81781]]}},{"type":"Feature","properties":{"tunnel":0},"geometry":{"type":"LineString","coordinates":[[139.87507,35.81419],[139.875,35.81455]]}},{"type":"Feature","properties":{"tunnel":0},"geometry":{"type":"LineString","coordinates":[[139.8752,35.81336],[139.87507,35.81419]]}},{"type":"Feature","properties":{"tunnel":0},"geometry":{"type":"LineString","coordinates":[[139.87436,35.81781],[139.8743,35.81811]]}},{"type":"Feature","properties":{"tunnel":0},"geometry":{"type":"LineString","coordinates":[[139.8743,35.81811],[139.8739,35.81956]]}},{"type":"Feature","properties":{"tunnel":0},"geometry":{"type":"LineString","coordinates":[[139.8739,35.81956],[139.87333,35.82095],[139.87317,35.82134],[139.87311,35.82148],[139.87289,35.82196],[139.87274,35.82227]]}},{"type":"Feature","properties":{"tunnel":0},"geometry":{"type":"LineString","coordinates":[[139.87274,35.82227],[139.87252,35.82271],[139.87244,35.82288]]}},{"type":"Feature","properties":{"tunnel":0},"geometry":{"type":"LineString","coordinates":[[139.87083,35.64166],[139.87117,35.64153],[139.87225,35.64114],[139.87244,35.64107]]}},{"type":"Feature","properties":{"tunnel":0},"geometry":{"type":"LineString","coordinates":[[139.87082,35.64167],[139.87083,35.64166]]}},{"type":"Feature","properties":{"tunnel":0},"geometry":{"type":"LineString","coordinates":[[139.8706,35.64167],[139.87049,35.64161],[139.8703,35.64167]]}},{"type":"Feature","properties":{"tunnel":0},"geometry":{"type":"LineString","coordinates":[[139.8679,35.64238],[139.86732,35.64252]]}},{"type":"Feature","properties":{"tunnel":0},"geometry":{"type":"LineString","coordinates":[[139.86694,35.64308],[139.87068,35.64172]]}},{"type":"Feature","properties":{"tunnel":0},"geometry":{"type":"LineString","coordinates":[[139.86877,35.64221],[139.86817,35.64232],[139.8679,35.64238]]}},{"type":"Feature","properties":{"tunnel":0},"geometry":{"type":"LineString","coordinates":[[139.87068,35.64172],[139.87082,35.64167]]}},{"type":"Feature","properties":{"tunnel":0},"geometry":{"type":"LineString","coordinates":[[139.86835,35.64275],[139.86931,35.64239],[139.8698,35.64221],[139.87067,35.64188]]}},{"type":"Feature","properties":{"tunnel":0},"geometry":{"type":"LineString","coordinates":[[139.87068,35.64172],[139.8706,35.64167]]}},{"type":"Feature","properties":{"tunnel":0},"geometry":{"type":"LineString","coordinates":[[139.87067,35.64188],[139.87068,35.64172]]}},{"type":"Feature","properties":{"tunnel":0},"geometry":{"type":"LineString","coordinates":[[139.8703,35.64167],[139.86952,35.64195],[139.86924,35.64205],[139.86901,35.64213],[139.86889,35.64217],[139.86877,35.64221]]}},{"type":"Feature","properties":{"tunnel":0},"geometry":{"type":"LineString","coordinates":[[139.868,35.64312],[139.86803,35.64304],[139.86835,35.64275]]}},{"type":"Feature","properties":{"tunnel":0},"geometry":{"type":"LineString","coordinates":[[139.86694,35.69911],[139.8671,35.6991],[139.86801,35.69906],[139.86852,35.69903],[139.87081,35.69891],[139.87134,35.69887],[139.87175,35.69882]]}},{"type":"Feature","properties":{"tunnel":0},"geometry":{"type":"LineString","coordinates":[[139.87175,35.69882],[139.87239,35.69873],[139.87244,35.69872]]}},{"type":"Feature","properties":{"tunnel":0},"geometry":{"type":"LineString","coordinates":[[139.86981,35.82672],[139.86975,35.8268],[139.86925,35.82735],[139.86902,35.82761],[139.869,35.82763],[139.86843,35.8282],[139.86797,35.82861],[139.86788,35.8287],[139.86695,35.82958],[139.86694,35.82959]]}},{"type":"Feature","properties":{"tunnel":0},"geometry":{"type":"LineString","coordinates":[[139.87204,35.82361],[139.87164,35.8243]]}},{"type":"Feature","properties":{"tunnel":0},"geometry":{"type":"LineString","coordinates":[[139.87164,35.8243],[139.87141,35.82465]]}},{"type":"Feature","properties":{"tunnel":0},"geometry":{"type":"LineString","coordinates":[[139.87141,35.82465],[139.87117,35.825],[139.87116,35.825]]}},{"type":"Feature","properties":{"tunnel":0},"geometry":{"type":"LineString","coordinates":[[139.87244,35.82288],[139.87204,35.82361]]}},{"type":"Feature","properties":{"tunnel":0},"geometry":{"type":"LineString","coordinates":[[139.87116,35.825],[139.87087,35.82541],[139.87082,35.82548],[139.87076,35.82556],[139.87051,35.82588],[139.87026,35.82618],[139.86981,35.82672]]}},{"type":"Feature","properties":{"tunnel":0},"geometry":{"type":"LineString","coordinates":[[139.86525,35.64391],[139.86511,35.64396],[139.86375,35.64446]]}},{"type":"Feature","properties":{"tunnel":0},"geometry":{"type":"LineString","coordinates":[[139.86201,35.6451],[139.86145,35.6453]]}},{"type":"Feature","properties":{"tunnel":0},"geometry":{"type":"LineString","coordinates":[[139.86438,35.64398],[139.86459,35.64391]]}},{"type":"Feature","properties":{"tunnel":0},"geometry":{"type":"LineString","coordinates":[[139.86145,35.64508],[139.86438,35.64398]]}},{"type":"Feature","properties":{"tunnel":0},"geometry":{"type":"LineString","coordinates":[[139.86375,35.64446],[139.86283,35.6448],[139.86201,35.6451]]}},{"type":"Feature","properties":{"tunnel":0},"geometry":{"type":"LineString","coordinates":[[139.86145,35.64488],[139.86162,35.64482],[139.86348,35.64414],[139.8641,35.64391]]}},{"type":"Feature","properties":{"tunnel":0},"geometry":{"type":"LineString","coordinates":[[139.86591,35.64375],[139.86553,35.64379],[139.86525,35.64391]]}},{"type":"Feature","properties":{"tunnel":0},"geometry":{"type":"LineString","coordinates":[[139.86459,35.64391],[139.86629,35.64331],[139.86667,35.64318]]}},{"type":"Feature","properties":{"tunnel":0},"geometry":{"type":"LineString","coordinates":[[139.8641,35.64391],[139.86592,35.64323]]}},{"type":"Feature","properties":{"tunnel":0},"geometry":{"type":"LineString","coordinates":[[139.86592,35.64323],[139.86597,35.64321],[139.8665,35.64296]]}},{"type":"Feature","properties":{"tunnel":0},"geometry":{"type":"LineString","coordinates":[[139.86667,35.64318],[139.86677,35.64315],[139.86694,35.64308]]}},{"type":"Feature","properties":{"tunnel":0},"geometry":{"type":"LineString","coordinates":[[139.86239,35.69908],[139.8625,35.69914],[139.8632,35.69922],[139.86347,35.69924],[139.86368,35.69926],[139.86401,35.69928],[139.86478,35.69928],[139.8654,35.69926],[139.86639,35.69921],[139.86657,35.6992],[139.86664,35.69919],[139.86667,35.69919]]}},{"type":"Feature","properties":{"tunnel":0},"geometry":{"type":"LineString","coordinates":[[139.86667,35.69905],[139.86664,35.69905],[139.86656,35.69905],[139.86612,35.69907],[139.86482,35.69912],[139.86444,35.69913],[139.86401,35.69912],[139.86337,35.69908],[139.86317,35.69906],[139.86252,35.69905],[139.86239,35.69908]]}},{"type":"Feature","properties":{"tunnel":0},"geometry":{"type":"LineString","coordinates":[[139.86145,35.69899],[139.86239,35.69908]]}},{"type":"Feature","properties":{"tunnel":0},"geometry":{"type":"LineString","coordinates":[[139.86667,35.69919],[139.86671,35.69918],[139.86678,35.69915],[139.86682,35.69912]]}},{"type":"Feature","properties":{"tunnel":0},"geometry":{"type":"LineString","coordinates":[[139.86682,35.69912],[139.86679,35.69908],[139.86674,35.69906],[139.86667,35.69905]]}},{"type":"Feature","properties":{"tunnel":0},"geometry":{"type":"LineString","coordinates":[[139.86682,35.69912],[139.86694,35.69911]]}},{"type":"Feature","properties":{"tunnel":0},"geometry":{"type":"LineString","coordinates":[[139.86545,35.83117],[139.86547,35.83116],[139.86564,35.83099],[139.86588,35.83076],[139.86604,35.83059],[139.86612,35.83046],[139.86614,35.83031]]}},{"type":"Feature","properties":{"tunnel":0},"geometry":{"type":"LineString","coordinates":[[139.86614,35.83031],[139.86518,35.83117]]}},{"type":"Feature","properties":{"tunnel":0},"geometry":{"type":"LineString","coordinates":[[139.86667,35.82984],[139.86656,35.82993],[139.86631,35.83016],[139.86614,35.83031]]}},{"type":"Feature","properties":{"tunnel":0},"geometry":{"type":"LineString","coordinates":[[139.86694,35.82959],[139.86667,35.82984]]}},{"type":"Feature","properties":{"tunnel":0},"geometry":{"type":"LineString","coordinates":[[139.85644,35.64647],[139.85734,35.64637],[139.85818,35.6462],[139.85833,35.64616]]}},{"type":"Feature","properties":{"tunnel":0},"geometry":{"type":"LineString","coordinates":[[139.85644,35.64647],[139.85596,35.64651]]}},{"type":"Feature","properties":{"tunnel":0},"geometry":{"type":"LineString","coordinates":[[139.86145,35.6453],[139.86045,35.64566],[139.86016,35.64557]]}},{"type":"Feature","properties":{"tunnel":0},"geometry":{"type":"LineString","coordinates":[[139.86016,35.64557],[139.86145,35.64508]]}},{"type":"Feature","properties":{"tunnel":0},"geometry":{"type":"LineString","coordinates":[[139.85833,35.64616],[139.8589,35.64601],[139.86016,35.64557]]}},{"type":"Feature","properties":{"tunnel":0},"geometry":{"type":"LineString","coordinates":[[139.86016,35.64557],[139.86018,35.64536],[139.86068,35.64517],[139.86114,35.645],[139.86145,35.64488]]}},{"type":"Feature","properties":{"tunnel":0},"geometry":{"type":"LineString","coordinates":[[139.85772,35.68856],[139.85771,35.68853]]}},{"type":"Feature","properties":{"tunnel":0},"geometry":{"type":"LineString","coordinates":[[139.85833,35.68961],[139.85816,35.68919],[139.85795,35.68874],[139.85785,35.68853]]}},{"type":"Feature","properties":{"tunnel":0},"geometry":{"type":"LineString","coordinates":[[139.85911,35.69167],[139.85909,35.69157],[139.85877,35.69071],[139.85852,35.69004],[139.85836,35.68969],[139.85833,35.68961]]}},{"type":"Feature","properties":{"tunnel":0},"geometry":{"type":"LineString","coordinates":[[139.85948,35.69299],[139.8594,35.69269],[139.85916,35.69183],[139.85911,35.69167]]}},{"type":"Feature","properties":{"tunnel":0},"geometry":{"type":"LineString","coordinates":[[139.85771,35.68853],[139.85766,35.68844]]}},{"type":"Feature","properties":{"tunnel":0},"geometry":{"type":"LineString","coordinates":[[139.85802,35.68845],[139.85795,35.68833]]}},{"type":"Feature","properties":{"tunnel":0},"geometry":{"type":"LineString","coordinates":[[139.85766,35.68844],[139.85716,35.6875],[139.85689,35.68702],[139.85642,35.6863],[139.85596,35.68561]]}},{"type":"Feature","properties":{"tunnel":0},"geometry":{"type":"LineString","coordinates":[[139.85795,35.68833],[139.85781,35.68809],[139.85774,35.68795],[139.85749,35.68746],[139.85718,35.68699],[139.85663,35.68612],[139.85635,35.68571],[139.85596,35.68519]]}},{"type":"Feature","properties":{"tunnel":0},"geometry":{"type":"LineString","coordinates":[[139.85785,35.68853],[139.85742,35.6877],[139.85692,35.68683],[139.85682,35.68668],[139.85672,35.68651],[139.85603,35.68552],[139.85596,35.68542]]}},{"type":"Feature","properties":{"tunnel":0},"geometry":{"type":"LineString","coordinates":[[139.85596,35.69849],[139.85833,35.6987]]}},{"type":"Feature","properties":{"tunnel":0},"geometry":{"type":"LineString","coordinates":[[139.85967,35.69997],[139.85976,35.6994],[139.85985,35.69868],[139.8599,35.69794],[139.85991,35.69746]]}},{"type":"Feature","properties":{"tunnel":0},"geometry":{"type":"LineString","coordinates":[[139.85966,35.7],[139.85967,35.69997]]}},{"type":"Feature","properties":{"tunnel":0},"geometry":{"type":"LineString","coordinates":[[139.85833,35.6987],[139.86145,35.69899]]}},{"type":"Feature","properties":{"tunnel":0},"geometry":{"type":"LineString","coordinates":[[139.85924,35.70192],[139.85935,35.70155],[139.85957,35.70066],[139.85964,35.70025],[139.85966,35.7]]}},{"type":"Feature","properties":{"tunnel":0},"geometry":{"type":"LineString","coordinates":[[139.85735,35.70638],[139.85759,35.70598],[139.85806,35.70507],[139.85827,35.70461]]}},{"type":"Feature","properties":{"tunnel":0},"geometry":{"type":"LineString","coordinates":[[139.85827,35.70461],[139.85833,35.70445]]}},{"type":"Feature","properties":{"tunnel":0},"geometry":{"type":"LineString","coordinates":[[139.85833,35.70445],[139.85842,35.70425],[139.8586,35.70382],[139.85896,35.70278],[139.85921,35.702],[139.85924,35.70192]]}},{"type":"Feature","properties":{"tunnel":0},"geometry":{"type":"LineString","coordinates":[[139.85991,35.69746],[139.85991,35.69719],[139.85989,35.69592],[139.85984,35.69523],[139.8598,35.69484],[139.85971,35.69418],[139.85961,35.69359],[139.85954,35.69325],[139.85948,35.69299]]}},{"type":"Feature","properties":{"tunnel":0},"geometry":{"type":"LineString","coordinates":[[139.85614,35.70833],[139.85628,35.70812],[139.85645,35.70785],[139.85677,35.70736],[139.85735,35.70638]]}},{"type":"Feature","properties":{"tunnel":0},"geometry":{"type":"LineString","coordinates":[[139.85596,35.70859],[139.85614,35.70833]]}},{"type":"Feature","properties":{"tunnel":0},"geometry":{"type":"LineString","coordinates":[[139.85112,35.65461],[139.85106,35.65364],[139.85105,35.65351]]}},{"type":"Feature","properties":{"tunnel":0},"geometry":{"type":"LineString","coordinates":[[139.85115,35.6558],[139.8512,35.65544],[139.85112,35.65461]]}},{"type":"Feature","properties":{"tunnel":0},"geometry":{"type":"LineString","coordinates":[[139.8511,35.6573],[139.85116,35.65706],[139.85117,35.65667],[139.85118,35.65638],[139.85115,35.6558]]}},{"type":"Feature","properties":{"tunnel":0},"geometry":{"type":"LineString","coordinates":[[139.85115,35.6558],[139.85106,35.65546],[139.85105,35.65538]]}},{"type":"Feature","properties":{"tunnel":0},"geometry":{"type":"LineString","coordinates":[[139.85105,35.65538],[139.85087,35.65283]]}},{"type":"Feature","properties":{"tunnel":0},"geometry":{"type":"LineString","coordinates":[[139.85105,35.65351],[139.851,35.65283]]}},{"type":"Feature","properties":{"tunnel":0},"geometry":{"type":"LineString","coordinates":[[139.85073,35.64888],[139.85081,35.65]]}},{"type":"Feature","properties":{"tunnel":0},"geometry":{"type":"LineString","coordinates":[[139.85088,35.64999],[139.85079,35.64884]]}},{"type":"Feature","properties":{"tunnel":0},"geometry":{"type":"LineString","coordinates":[[139.85071,35.64837],[139.85073,35.64888]]}},{"type":"Feature","properties":{"tunnel":0},"geometry":{"type":"LineString","coordinates":[[139.85078,35.64877],[139.85079,35.64884]]}},{"type":"Feature","properties":{"tunnel":0},"geometry":{"type":"LineString","coordinates":[[139.85078,35.64877],[139.85067,35.64842]]}},{"type":"Feature","properties":{"tunnel":0},"geometry":{"type":"LineString","coordinates":[[139.85067,35.64842],[139.85067,35.64837]]}},{"type":"Feature","properties":{"tunnel":0},"geometry":{"type":"LineString","coordinates":[[139.85078,35.64877],[139.85079,35.6484],[139.85079,35.64837]]}},{"type":"Feature","properties":{"tunnel":0},"geometry":{"type":"LineString","coordinates":[[139.85065,35.65],[139.85066,35.64983],[139.85065,35.64952],[139.85058,35.64837]]}},{"type":"Feature","properties":{"tunnel":0},"geometry":{"type":"LineString","coordinates":[[139.85088,35.65],[139.85088,35.64999]]}},{"type":"Feature","properties":{"tunnel":0},"geometry":{"type":"LineString","coordinates":[[139.85072,35.65141],[139.85064,35.65006],[139.85065,35.65]]}},{"type":"Feature","properties":{"tunnel":0},"geometry":{"type":"LineString","coordinates":[[139.85087,35.65283],[139.8508,35.65173],[139.85072,35.65141]]}},{"type":"Feature","properties":{"tunnel":0},"geometry":{"type":"LineString","coordinates":[[139.851,35.65283],[139.85097,35.65247],[139.85095,35.65198],[139.85094,35.65159],[139.85088,35.65]]}},{"type":"Feature","properties":{"tunnel":0},"geometry":{"type":"LineString","coordinates":[[139.85081,35.65],[139.85084,35.65074]]}},{"type":"Feature","properties":{"tunnel":0},"geometry":{"type":"LineString","coordinates":[[139.85085,35.65096],[139.85089,35.65181],[139.85088,35.65225]]}},{"type":"Feature","properties":{"tunnel":0},"geometry":{"type":"LineString","coordinates":[[139.85084,35.65074],[139.85085,35.65096]]}},{"type":"Feature","properties":{"tunnel":0},"geometry":{"type":"LineString","coordinates":[[139.85596,35.64651],[139.85527,35.64656]]}},{"type":"Feature","properties":{"tunnel":0},"geometry":{"type":"LineString","coordinates":[[139.85527,35.64656],[139.85209,35.64675],[139.85152,35.64678],[139.85138,35.64679],[139.85046,35.64684]]}},{"type":"Feature","properties":{"tunnel":0},"geometry":{"type":"LineString","coordinates":[[139.85527,35.64656],[139.85438,35.64643]]}},{"type":"Feature","properties":{"tunnel":0},"geometry":{"type":"LineString","coordinates":[[139.85438,35.64678],[139.85527,35.64656]]}},{"type":"Feature","properties":{"tunnel":0},"geometry":{"type":"LineString","coordinates":[[139.85438,35.64643],[139.85266,35.64653],[139.85235,35.64655],[139.85211,35.64656],[139.85195,35.64659],[139.85165,35.64668],[139.85119,35.64691],[139.85101,35.64706]]}},{"type":"Feature","properties":{"tunnel":0},"geometry":{"type":"LineString","coordinates":[[139.85055,35.64768],[139.85048,35.64751],[139.85046,35.64748]]}},{"type":"Feature","properties":{"tunnel":0},"geometry":{"type":"LineString","coordinates":[[139.85069,35.64787],[139.85071,35.64837]]}},{"type":"Feature","properties":{"tunnel":0},"geometry":{"type":"LineString","coordinates":[[139.85067,35.64837],[139.8506,35.64782],[139.85055,35.64768]]}},{"type":"Feature","properties":{"tunnel":0},"geometry":{"type":"LineString","coordinates":[[139.85079,35.64837],[139.85079,35.64812],[139.85084,35.64784],[139.85091,35.64768],[139.85099,35.64754],[139.85112,35.6474],[139.85123,35.6473],[139.85146,35.64716],[139.85187,35.647],[139.85207,35.64695],[139.85225,35.64692],[139.85438,35.64678]]}},{"type":"Feature","properties":{"tunnel":0},"geometry":{"type":"LineString","coordinates":[[139.85101,35.64706],[139.85097,35.64709],[139.85085,35.64728],[139.85079,35.64741],[139.85073,35.64761],[139.85069,35.64787]]}},{"type":"Feature","properties":{"tunnel":0},"geometry":{"type":"LineString","coordinates":[[139.85058,35.64837],[139.85057,35.64836],[139.85047,35.64797],[139.85046,35.64796]]}},{"type":"Feature","properties":{"tunnel":0},"geometry":{"type":"LineString","coordinates":[[139.85056,35.65833],[139.85084,35.65791],[139.85102,35.65756],[139.8511,35.6573]]}},{"type":"Feature","properties":{"tunnel":0},"geometry":{"type":"LineString","coordinates":[[139.85046,35.65844],[139.85055,35.65834],[139.85056,35.65833]]}},{"type":"Feature","properties":{"tunnel":0},"geometry":{"type":"LineString","coordinates":[[139.85046,35.66562],[139.85051,35.66562],[139.85053,35.66555]]}},{"type":"Feature","properties":{"tunnel":0},"geometry":{"type":"LineString","coordinates":[[139.85053,35.66555],[139.85046,35.66553]]}},{"type":"Feature","properties":{"tunnel":0},"geometry":{"type":"LineString","coordinates":[[139.85053,35.66555],[139.85123,35.6655]]}},{"type":"Feature","properties":{"tunnel":0},"geometry":{"type":"LineString","coordinates":[[139.85265,35.66525],[139.85234,35.66533],[139.85217,35.66536]]}},{"type":"Feature","properties":{"tunnel":0},"geometry":{"type":"LineString","coordinates":[[139.85307,35.66519],[139.85299,35.66519],[139.85264,35.66534],[139.85238,35.66542],[139.85221,35.66546]]}},{"type":"Feature","properties":{"tunnel":0},"geometry":{"type":"LineString","coordinates":[[139.85217,35.66536],[139.85204,35.66537],[139.85154,35.66542],[139.8513,35.66545],[139.85123,35.6655]]}},{"type":"Feature","properties":{"tunnel":0},"geometry":{"type":"LineString","coordinates":[[139.85221,35.66546],[139.85205,35.66549],[139.85165,35.66553],[139.85134,35.66554],[139.85127,35.66553],[139.85123,35.6655]]}},{"type":"Feature","properties":{"tunnel":1},"geometry":{"type":"LineString","coordinates":[[139.85452,35.66428],[139.85335,35.66492],[139.85299,35.66512],[139.85284,35.66517],[139.85265,35.66525]]}},{"type":"Feature","properties":{"tunnel":0},"geometry":{"type":"LineString","coordinates":[[139.85559,35.66355],[139.85557,35.66366],[139.85541,35.66375]]}},{"type":"Feature","properties":{"tunnel":0},"geometry":{"type":"LineString","coordinates":[[139.85541,35.66375],[139.85452,35.66428]]}},{"type":"Feature","properties":{"tunnel":0},"geometry":{"type":"LineString","coordinates":[[139.85185,35.67961],[139.85179,35.67952],[139.85136,35.67875],[139.85093,35.67789],[139.85065,35.67717],[139.85046,35.67657]]}},{"type":"Feature","properties":{"tunnel":0},"geometry":{"type":"LineString","coordinates":[[139.85554,35.68482],[139.85505,35.68414],[139.855,35.68407]]}},{"type":"Feature","properties":{"tunnel":0},"geometry":{"type":"LineString","coordinates":[[139.85596,35.68561],[139.85596,35.68561],[139.85567,35.68519],[139.85556,35.685],[139.85554,35.68482]]}},{"type":"Feature","properties":{"tunnel":0},"geometry":{"type":"LineString","coordinates":[[139.85596,35.68519],[139.85583,35.68503],[139.85565,35.68483],[139.85554,35.68482]]}},{"type":"Feature","properties":{"tunnel":0},"geometry":{"type":"LineString","coordinates":[[139.85596,35.68542],[139.85554,35.68482]]}},{"type":"Feature","properties":{"tunnel":0},"geometry":{"type":"LineString","coordinates":[[139.85448,35.68333],[139.8524,35.68042],[139.85185,35.67961]]}},{"type":"Feature","properties":{"tunnel":0},"geometry":{"type":"LineString","coordinates":[[139.855,35.68407],[139.85491,35.68395],[139.85454,35.68342],[139.85448,35.68333]]}},{"type":"Feature","properties":{"tunnel":0},"geometry":{"type":"LineString","coordinates":[[139.85046,35.69718],[139.85078,35.69739],[139.85087,35.69746]]}},{"type":"Feature","properties":{"tunnel":0},"geometry":{"type":"LineString","coordinates":[[139.85418,35.71084],[139.85468,35.71027],[139.85573,35.70889],[139.85593,35.70863]]}},{"type":"Feature","properties":{"tunnel":0},"geometry":{"type":"LineString","coordinates":[[139.85593,35.70863],[139.85596,35.70859]]}},{"type":"Feature","properties":{"tunnel":0},"geometry":{"type":"LineString","coordinates":[[139.85087,35.69746],[139.8509,35.69747],[139.851,35.69754],[139.85111,35.6976],[139.85123,35.69767],[139.85138,35.69774],[139.85155,35.69781],[139.85171,35.69788],[139.85187,35.69794],[139.85208,35.69801],[139.85229,35.69807],[139.85247,35.69812],[139.85267,35.69816],[139.85293,35.69821],[139.85318,35.69824],[139.85376,35.69831],[139.85545,35.69845],[139.85596,35.69849]]}},{"type":"Feature","properties":{"tunnel":0},"geometry":{"type":"LineString","coordinates":[[139.85046,35.71482],[139.85059,35.7147]]}},{"type":"Feature","properties":{"tunnel":0},"geometry":{"type":"LineString","coordinates":[[139.85046,35.71464],[139.85096,35.71417],[139.85183,35.71332],[139.8526,35.71255],[139.85303,35.71212],[139.85365,35.71143],[139.85407,35.71097],[139.85418,35.71084]]}},{"type":"Feature","properties":{"tunnel":0},"geometry":{"type":"LineString","coordinates":[[139.8517,35.825],[139.8517,35.825]]}},{"type":"Feature","properties":{"tunnel":0},"geometry":{"type":"LineString","coordinates":[[139.8517,35.825],[139.85129,35.82415],[139.85106,35.82365],[139.85089,35.82331],[139.85046,35.82243]]}},{"type":"Feature","properties":{"tunnel":0},"geometry":{"type":"LineString","coordinates":[[139.85251,35.82672],[139.8525,35.8267],[139.8517,35.825]]}},{"type":"Feature","properties":{"tunnel":0},"geometry":{"type":"LineString","coordinates":[[139.85499,35.83117],[139.85496,35.83114],[139.85485,35.83098],[139.85469,35.83071],[139.85428,35.83005],[139.85393,35.82946],[139.85345,35.82857],[139.85288,35.82747],[139.85275,35.82723],[139.85251,35.82672]]}},{"type":"Feature","properties":{"tunnel":0},"geometry":{"type":"LineString","coordinates":[[139.84497,35.64719],[139.84604,35.64712]]}},{"type":"Feature","properties":{"tunnel":0},"geometry":{"type":"LineString","coordinates":[[139.85,35.64687],[139.84983,35.64688],[139.84934,35.64691],[139.84604,35.64712]]}},{"type":"Feature","properties":{"tunnel":0},"geometry":{"type":"LineString","coordinates":[[139.84925,35.64679],[139.84893,35.64678]]}},{"type":"Feature","properties":{"tunnel":0},"geometry":{"type":"LineString","coordinates":[[139.84893,35.64678],[139.8484,35.6468],[139.84682,35.64689],[139.84604,35.64712]]}},{"type":"Feature","properties":{"tunnel":0},"geometry":{"type":"LineString","coordinates":[[139.85,35.64701],[139.84996,35.64698],[139.84984,35.64694],[139.8496,35.64686],[139.84925,35.64679]]}},{"type":"Feature","properties":{"tunnel":0},"geometry":{"type":"LineString","coordinates":[[139.8491,35.64712],[139.84699,35.64724],[139.84604,35.64712]]}},{"type":"Feature","properties":{"tunnel":0},"geometry":{"type":"LineString","coordinates":[[139.8499,35.64731],[139.84982,35.64726],[139.84971,35.64723],[139.84943,35.64714],[139.8491,35.64712]]}},{"type":"Feature","properties":{"tunnel":0},"geometry":{"type":"LineString","coordinates":[[139.85,35.64737],[139.8499,35.64731]]}},{"type":"Feature","properties":{"tunnel":0},"geometry":{"type":"LineString","coordinates":[[139.85046,35.64684],[139.85,35.64687],[139.85,35.64687]]}},{"type":"Feature","properties":{"tunnel":0},"geometry":{"type":"LineString","coordinates":[[139.85001,35.64701],[139.85,35.64701]]}},{"type":"Feature","properties":{"tunnel":0},"geometry":{"type":"LineString","coordinates":[[139.85046,35.64748],[139.85041,35.64738],[139.85034,35.64729],[139.85016,35.64711],[139.85001,35.64701]]}},{"type":"Feature","properties":{"tunnel":0},"geometry":{"type":"LineString","coordinates":[[139.85003,35.64739],[139.85,35.64737]]}},{"type":"Feature","properties":{"tunnel":0},"geometry":{"type":"LineString","coordinates":[[139.85046,35.64796],[139.85041,35.64781],[139.85033,35.64767],[139.85022,35.64753],[139.85012,35.64745],[139.85003,35.64739]]}},{"type":"Feature","properties":{"tunnel":0},"geometry":{"type":"LineString","coordinates":[[139.84953,35.66622],[139.84953,35.66615],[139.84956,35.66604],[139.84964,35.66588],[139.84973,35.66578],[139.84984,35.66572],[139.84998,35.66568]]}},{"type":"Feature","properties":{"tunnel":0},"geometry":{"type":"LineString","coordinates":[[139.85,35.66554],[139.84984,35.66555],[139.84969,35.66559],[139.84964,35.66559],[139.84956,35.66562],[139.84945,35.66569],[139.84939,35.66574],[139.84933,35.66581],[139.8493,35.66585],[139.84926,35.66594],[139.84924,35.666],[139.84923,35.66607],[139.84924,35.66622]]}},{"type":"Feature","properties":{"tunnel":0},"geometry":{"type":"LineString","coordinates":[[139.84998,35.66568],[139.85,35.66567]]}},{"type":"Feature","properties":{"tunnel":0},"geometry":{"type":"LineString","coordinates":[[139.85,35.66554],[139.85,35.66554]]}},{"type":"Feature","properties":{"tunnel":0},"geometry":{"type":"LineString","coordinates":[[139.84938,35.66622],[139.84936,35.66582],[139.84905,35.66179],[139.84905,35.66176]]}},{"type":"Feature","properties":{"tunnel":0},"geometry":{"type":"LineString","coordinates":[[139.85,35.66567],[139.85009,35.66565],[139.85039,35.66563]]}},{"type":"Feature","properties":{"tunnel":0},"geometry":{"type":"LineString","coordinates":[[139.85039,35.66563],[139.85046,35.66562]]}},{"type":"Feature","properties":{"tunnel":0},"geometry":{"type":"LineString","coordinates":[[139.85039,35.66551],[139.85027,35.66552],[139.85,35.66554]]}},{"type":"Feature","properties":{"tunnel":0},"geometry":{"type":"LineString","coordinates":[[139.85046,35.66553],[139.85039,35.66551]]}},{"type":"Feature","properties":{"tunnel":0},"geometry":{"type":"LineString","coordinates":[[139.84905,35.66176],[139.84905,35.66154],[139.84904,35.6613],[139.84906,35.66091],[139.84908,35.66048],[139.84928,35.66003],[139.84948,35.65963],[139.84991,35.65908],[139.85,35.65897]]}},{"type":"Feature","properties":{"tunnel":0},"geometry":{"type":"LineString","coordinates":[[139.85,35.65897],[139.85046,35.65844]]}},{"type":"Feature","properties":{"tunnel":0},"geometry":{"type":"LineString","coordinates":[[139.84955,35.66667],[139.84953,35.66622]]}},{"type":"Feature","properties":{"tunnel":0},"geometry":{"type":"LineString","coordinates":[[139.84924,35.66622],[139.84926,35.66667]]}},{"type":"Feature","properties":{"tunnel":0},"geometry":{"type":"LineString","coordinates":[[139.84941,35.66667],[139.84938,35.66622]]}},{"type":"Feature","properties":{"tunnel":0},"geometry":{"type":"LineString","coordinates":[[139.84955,35.66891],[139.84953,35.6684],[139.84941,35.66667]]}},{"type":"Feature","properties":{"tunnel":0},"geometry":{"type":"LineString","coordinates":[[139.8497,35.67069],[139.84959,35.66941],[139.84955,35.66891]]}},{"type":"Feature","properties":{"tunnel":0},"geometry":{"type":"LineString","coordinates":[[139.84926,35.66667],[139.84929,35.66711]]}},{"type":"Feature","properties":{"tunnel":0},"geometry":{"type":"LineString","coordinates":[[139.84955,35.66891],[139.84965,35.66885],[139.84965,35.66827],[139.84958,35.6671]]}},{"type":"Feature","properties":{"tunnel":0},"geometry":{"type":"LineString","coordinates":[[139.84958,35.6671],[139.84955,35.66667]]}},{"type":"Feature","properties":{"tunnel":0},"geometry":{"type":"LineString","coordinates":[[139.84929,35.66711],[139.84938,35.66829],[139.84945,35.66885],[139.84955,35.66891]]}},{"type":"Feature","properties":{"tunnel":0},"geometry":{"type":"LineString","coordinates":[[139.85046,35.67657],[139.8504,35.67638],[139.85014,35.67537],[139.85009,35.67515]]}},{"type":"Feature","properties":{"tunnel":0},"geometry":{"type":"LineString","coordinates":[[139.85,35.67451],[139.84997,35.67431],[139.84984,35.67248],[139.8498,35.67187],[139.8497,35.67069]]}},{"type":"Feature","properties":{"tunnel":0},"geometry":{"type":"LineString","coordinates":[[139.85007,35.675],[139.85003,35.67476],[139.85,35.67451]]}},{"type":"Feature","properties":{"tunnel":0},"geometry":{"type":"LineString","coordinates":[[139.85009,35.67515],[139.85007,35.67505],[139.85007,35.675]]}},{"type":"Feature","properties":{"tunnel":0},"geometry":{"type":"LineString","coordinates":[[139.84497,35.69447],[139.84575,35.6945],[139.846,35.69452],[139.84613,35.69454]]}},{"type":"Feature","properties":{"tunnel":0},"geometry":{"type":"LineString","coordinates":[[139.84613,35.69454],[139.84666,35.69466],[139.84696,35.69479],[139.84725,35.69492],[139.84752,35.6951],[139.84771,35.69522],[139.84905,35.69619],[139.85,35.69687],[139.85,35.69687]]}},{"type":"Feature","properties":{"tunnel":0},"geometry":{"type":"LineString","coordinates":[[139.85,35.69687],[139.85046,35.69718]]}},{"type":"Feature","properties":{"tunnel":0},"geometry":{"type":"LineString","coordinates":[[139.84996,35.7153],[139.85,35.71526]]}},{"type":"Feature","properties":{"tunnel":0},"geometry":{"type":"LineString","coordinates":[[139.84976,35.7153],[139.85,35.71507]]}},{"type":"Feature","properties":{"tunnel":0},"geometry":{"type":"LineString","coordinates":[[139.85,35.71488],[139.84975,35.71512],[139.84956,35.7153]]}},{"type":"Feature","properties":{"tunnel":0},"geometry":{"type":"LineString","coordinates":[[139.85,35.71526],[139.85008,35.71518],[139.85046,35.71482]]}},{"type":"Feature","properties":{"tunnel":0},"geometry":{"type":"LineString","coordinates":[[139.85035,35.71453],[139.85006,35.71482]]}},{"type":"Feature","properties":{"tunnel":0},"geometry":{"type":"LineString","coordinates":[[139.85,35.71507],[139.85046,35.71464]]}},{"type":"Feature","properties":{"tunnel":0},"geometry":{"type":"LineString","coordinates":[[139.85006,35.71482],[139.85,35.71488]]}},{"type":"Feature","properties":{"tunnel":0},"geometry":{"type":"LineString","coordinates":[[139.84853,35.71667],[139.84855,35.71665],[139.84896,35.71624],[139.84942,35.7158],[139.84987,35.71538]]}},{"type":"Feature","properties":{"tunnel":0},"geometry":{"type":"LineString","coordinates":[[139.84987,35.71538],[139.84996,35.7153]]}},{"type":"Feature","properties":{"tunnel":0},"geometry":{"type":"LineString","coordinates":[[139.84833,35.71667],[139.8484,35.7166],[139.84976,35.7153]]}},{"type":"Feature","properties":{"tunnel":0},"geometry":{"type":"LineString","coordinates":[[139.84956,35.7153],[139.84922,35.71564],[139.84854,35.71629],[139.84822,35.71659]]}},{"type":"Feature","properties":{"tunnel":0},"geometry":{"type":"LineString","coordinates":[[139.84822,35.71659],[139.84814,35.71667]]}},{"type":"Feature","properties":{"tunnel":0},"geometry":{"type":"LineString","coordinates":[[139.84839,35.7168],[139.84853,35.71667]]}},{"type":"Feature","properties":{"tunnel":0},"geometry":{"type":"LineString","coordinates":[[139.84809,35.7169],[139.84833,35.71667]]}},{"type":"Feature","properties":{"tunnel":0},"geometry":{"type":"LineString","coordinates":[[139.84814,35.71667],[139.84806,35.71675],[139.84757,35.71731],[139.84739,35.7175],[139.84739,35.71758]]}},{"type":"Feature","properties":{"tunnel":0},"geometry":{"type":"LineString","coordinates":[[139.84739,35.71758],[139.84809,35.7169]]}},{"type":"Feature","properties":{"tunnel":0},"geometry":{"type":"LineString","coordinates":[[139.84739,35.71758],[139.84751,35.71757],[139.84774,35.71734],[139.84798,35.71714],[139.84827,35.71691],[139.84839,35.7168]]}},{"type":"Feature","properties":{"tunnel":0},"geometry":{"type":"LineString","coordinates":[[139.84511,35.71976],[139.84644,35.7185],[139.84739,35.71758]]}},{"type":"Feature","properties":{"tunnel":0},"geometry":{"type":"LineString","coordinates":[[139.84497,35.71989],[139.84511,35.71976]]}},{"type":"Feature","properties":{"tunnel":0},"geometry":{"type":"LineString","coordinates":[[139.84497,35.81305],[139.84504,35.81312],[139.84525,35.81336]]}},{"type":"Feature","properties":{"tunnel":0},"geometry":{"type":"LineString","coordinates":[[139.84506,35.81336],[139.84497,35.81326]]}},{"type":"Feature","properties":{"tunnel":0},"geometry":{"type":"LineString","coordinates":[[139.84507,35.81365],[139.84508,35.8136]]}},{"type":"Feature","properties":{"tunnel":0},"geometry":{"type":"LineString","coordinates":[[139.84533,35.81345],[139.84539,35.81346]]}},{"type":"Feature","properties":{"tunnel":0},"geometry":{"type":"LineString","coordinates":[[139.84525,35.81336],[139.84533,35.81345]]}},{"type":"Feature","properties":{"tunnel":0},"geometry":{"type":"LineString","coordinates":[[139.84497,35.81347],[139.84508,35.8136]]}},{"type":"Feature","properties":{"tunnel":0},"geometry":{"type":"LineString","coordinates":[[139.84752,35.81667],[139.84721,35.81616],[139.84652,35.81517],[139.84636,35.81495],[139.84618,35.81472],[139.84592,35.81441],[139.84566,35.81408],[139.84556,35.81395],[139.84525,35.81358],[139.84506,35.81336]]}},{"type":"Feature","properties":{"tunnel":0},"geometry":{"type":"LineString","coordinates":[[139.84773,35.817],[139.84752,35.81667],[139.84752,35.81667]]}},{"type":"Feature","properties":{"tunnel":0},"geometry":{"type":"LineString","coordinates":[[139.8482,35.81781],[139.84773,35.817]]}},{"type":"Feature","properties":{"tunnel":0},"geometry":{"type":"LineString","coordinates":[[139.85046,35.82243],[139.85039,35.82227]]}},{"type":"Feature","properties":{"tunnel":0},"geometry":{"type":"LineString","coordinates":[[139.85,35.82146],[139.84971,35.82086],[139.8493,35.81999],[139.84917,35.81974],[139.84891,35.81919],[139.84871,35.81876],[139.84857,35.81849],[139.84848,35.81832],[139.84835,35.81807],[139.8482,35.81781]]}},{"type":"Feature","properties":{"tunnel":0},"geometry":{"type":"LineString","coordinates":[[139.85001,35.82149],[139.85,35.82146]]}},{"type":"Feature","properties":{"tunnel":0},"geometry":{"type":"LineString","coordinates":[[139.85039,35.82227],[139.85023,35.82195],[139.85001,35.82149]]}},{"type":"Feature","properties":{"tunnel":0},"geometry":{"type":"LineString","coordinates":[[139.83948,35.64754],[139.84,35.64751],[139.84136,35.64742],[139.84167,35.6474]]}},{"type":"Feature","properties":{"tunnel":0},"geometry":{"type":"LineString","coordinates":[[139.84167,35.6474],[139.84167,35.6474],[139.84497,35.64719]]}},{"type":"Feature","properties":{"tunnel":0},"geometry":{"type":"LineString","coordinates":[[139.83948,35.69431],[139.84003,35.69433]]}},{"type":"Feature","properties":{"tunnel":0},"geometry":{"type":"LineString","coordinates":[[139.84003,35.69433],[139.84024,35.69434],[139.84167,35.69438]]}},{"type":"Feature","properties":{"tunnel":0},"geometry":{"type":"LineString","coordinates":[[139.84167,35.69438],[139.84167,35.69438],[139.84234,35.69439],[139.84336,35.69442],[139.84497,35.69447]]}},{"type":"Feature","properties":{"tunnel":0},"geometry":{"type":"LineString","coordinates":[[139.84074,35.725],[139.84148,35.72428],[139.84155,35.72422]]}},{"type":"Feature","properties":{"tunnel":0},"geometry":{"type":"LineString","coordinates":[[139.83948,35.72621],[139.84061,35.72512],[139.84074,35.725]]}},{"type":"Feature","properties":{"tunnel":0},"geometry":{"type":"LineString","coordinates":[[139.84155,35.72422],[139.84167,35.7241]]}},{"type":"Feature","properties":{"tunnel":0},"geometry":{"type":"LineString","coordinates":[[139.84167,35.7241],[139.8419,35.72388],[139.84207,35.72363],[139.84221,35.72337],[139.84239,35.7229],[139.84253,35.72254],[139.84277,35.72205],[139.843,35.72173],[139.84354,35.7212],[139.84407,35.72069],[139.8448,35.72005],[139.84495,35.71991],[139.84497,35.71989]]}},{"type":"Feature","properties":{"tunnel":0},"geometry":{"type":"LineString","coordinates":[[139.84488,35.81336],[139.84497,35.81347]]}},{"type":"Feature","properties":{"tunnel":0},"geometry":{"type":"LineString","coordinates":[[139.8405,35.80915],[139.8408,35.80925],[139.84106,35.80943],[139.84131,35.80952],[139.84135,35.80953],[139.8414,35.80955],[139.84149,35.80955],[139.84156,35.80954],[139.84159,35.80954],[139.84167,35.80953]]}},{"type":"Feature","properties":{"tunnel":0},"geometry":{"type":"LineString","coordinates":[[139.8405,35.80915],[139.8412,35.80964],[139.84142,35.80979],[139.8415,35.80984],[139.84167,35.80997]]}},{"type":"Feature","properties":{"tunnel":0},"geometry":{"type":"LineString","coordinates":[[139.84016,35.8089],[139.84038,35.80907]]}},{"type":"Feature","properties":{"tunnel":0},"geometry":{"type":"LineString","coordinates":[[139.84038,35.80907],[139.8405,35.80915]]}},{"type":"Feature","properties":{"tunnel":0},"geometry":{"type":"LineString","coordinates":[[139.84226,35.8094],[139.84256,35.80932],[139.84277,35.80927],[139.84294,35.80927],[139.84308,35.8093],[139.84316,35.80937],[139.84325,35.8095],[139.8433,35.80961],[139.84336,35.80973]]}},{"type":"Feature","properties":{"tunnel":0},"geometry":{"type":"LineString","coordinates":[[139.84226,35.8094],[139.84207,35.80951],[139.84197,35.80958],[139.84194,35.80964],[139.84191,35.80971],[139.8419,35.80974],[139.84189,35.80981],[139.84189,35.8099],[139.84191,35.81016]]}},{"type":"Feature","properties":{"tunnel":0},"geometry":{"type":"LineString","coordinates":[[139.84339,35.81161],[139.84355,35.81162],[139.84363,35.81167],[139.84388,35.8119],[139.8439,35.81193],[139.84392,35.81195],[139.84434,35.81237],[139.84462,35.81265],[139.84497,35.81305]]}},{"type":"Feature","properties":{"tunnel":0},"geometry":{"type":"LineString","coordinates":[[139.84167,35.80953],[139.84168,35.80953],[139.84183,35.8095],[139.84198,35.80946],[139.84215,35.80941],[139.84226,35.8094]]}},{"type":"Feature","properties":{"tunnel":0},"geometry":{"type":"LineString","coordinates":[[139.84339,35.81161],[139.84342,35.81188],[139.84376,35.81219],[139.84404,35.81245],[139.84431,35.81273],[139.84441,35.81283],[139.84473,35.81318],[139.84488,35.81336]]}},{"type":"Feature","properties":{"tunnel":0},"geometry":{"type":"LineString","coordinates":[[139.84497,35.81326],[139.84483,35.81309],[139.84465,35.81289],[139.84396,35.81216],[139.84385,35.81206],[139.84352,35.81174]]}},{"type":"Feature","properties":{"tunnel":0},"geometry":{"type":"LineString","coordinates":[[139.84339,35.81161],[139.84352,35.81174]]}},{"type":"Feature","properties":{"tunnel":0},"geometry":{"type":"LineString","coordinates":[[139.84167,35.80997],[139.84191,35.81016]]}},{"type":"Feature","properties":{"tunnel":0},"geometry":{"type":"LineString","coordinates":[[139.84191,35.81016],[139.8423,35.81048],[139.84248,35.81066],[139.84281,35.811],[139.84313,35.81135],[139.84339,35.81161]]}},{"type":"Feature","properties":{"tunnel":0},"geometry":{"type":"LineString","coordinates":[[139.83948,35.80842],[139.83957,35.80847],[139.84003,35.8088],[139.84016,35.8089]]}},{"type":"Feature","properties":{"tunnel":0},"geometry":{"type":"LineString","coordinates":[[139.83599,35.64748],[139.83678,35.64754],[139.83744,35.64757],[139.83883,35.64757],[139.83948,35.64754]]}},{"type":"Feature","properties":{"tunnel":0},"geometry":{"type":"LineString","coordinates":[[139.83398,35.6473],[139.83422,35.64732]]}},{"type":"Feature","properties":{"tunnel":0},"geometry":{"type":"LineString","coordinates":[[139.83398,35.64737],[139.83422,35.64732]]}},{"type":"Feature","properties":{"tunnel":0},"geometry":{"type":"LineString","coordinates":[[139.83398,35.64706],[139.83406,35.64708],[139.83422,35.64711],[139.8347,35.64717],[139.83504,35.64722],[139.83529,35.64741]]}},{"type":"Feature","properties":{"tunnel":0},"geometry":{"type":"LineString","coordinates":[[139.83529,35.64741],[139.83587,35.64747],[139.83595,35.64747],[139.83599,35.64748]]}},{"type":"Feature","properties":{"tunnel":0},"geometry":{"type":"LineString","coordinates":[[139.83422,35.64732],[139.83529,35.64741]]}},{"type":"Feature","properties":{"tunnel":0},"geometry":{"type":"LineString","coordinates":[[139.83398,35.69404],[139.83493,35.69408],[139.83557,35.69412]]}},{"type":"Feature","properties":{"tunnel":0},"geometry":{"type":"LineString","coordinates":[[139.83557,35.69412],[139.83811,35.69426],[139.83948,35.69431]]}},{"type":"Feature","properties":{"tunnel":0},"geometry":{"type":"LineString","coordinates":[[139.83699,35.72868],[139.83713,35.72854]]}},{"type":"Feature","properties":{"tunnel":0},"geometry":{"type":"LineString","coordinates":[[139.83713,35.72854],[139.83879,35.72688],[139.83948,35.72621]]}},{"type":"Feature","properties":{"tunnel":0},"geometry":{"type":"LineString","coordinates":[[139.83713,35.72868],[139.83715,35.72863],[139.83713,35.72854]]}},{"type":"Feature","properties":{"tunnel":0},"geometry":{"type":"LineString","coordinates":[[139.83651,35.72916],[139.83639,35.72919],[139.83607,35.72948],[139.835,35.7305],[139.83468,35.7308],[139.83416,35.73132],[139.83398,35.73148]]}},{"type":"Feature","properties":{"tunnel":0},"geometry":{"type":"LineString","coordinates":[[139.83398,35.73168],[139.83485,35.73082],[139.83522,35.73048]]}},{"type":"Feature","properties":{"tunnel":0},"geometry":{"type":"LineString","coordinates":[[139.83398,35.73182],[139.83473,35.73109],[139.83496,35.73091],[139.83529,35.7306],[139.83617,35.7297],[139.83647,35.72938],[139.83695,35.72887],[139.8371,35.72872]]}},{"type":"Feature","properties":{"tunnel":0},"geometry":{"type":"LineString","coordinates":[[139.83651,35.72916],[139.83699,35.72868]]}},{"type":"Feature","properties":{"tunnel":0},"geometry":{"type":"LineString","coordinates":[[139.83522,35.73048],[139.83592,35.72981],[139.83628,35.72946],[139.83647,35.72926],[139.83651,35.72916]]}},{"type":"Feature","properties":{"tunnel":0},"geometry":{"type":"LineString","coordinates":[[139.8371,35.72872],[139.83713,35.72868],[139.83713,35.72868]]}},{"type":"Feature","properties":{"tunnel":0},"geometry":{"type":"LineString","coordinates":[[139.83495,35.80599],[139.83438,35.80566],[139.83398,35.80545]]}},{"type":"Feature","properties":{"tunnel":0},"geometry":{"type":"LineString","coordinates":[[139.83458,35.8055],[139.83425,35.80534],[139.83398,35.80519]]}},{"type":"Feature","properties":{"tunnel":0},"geometry":{"type":"LineString","coordinates":[[139.83483,35.80577],[139.83474,35.80564],[139.83466,35.80556],[139.83458,35.8055]]}},{"type":"Feature","properties":{"tunnel":0},"geometry":{"type":"LineString","coordinates":[[139.83505,35.80603],[139.83495,35.80599]]}},{"type":"Feature","properties":{"tunnel":0},"geometry":{"type":"LineString","coordinates":[[139.8358,35.80627],[139.83554,35.80626],[139.83546,35.80624],[139.83505,35.80603]]}},{"type":"Feature","properties":{"tunnel":0},"geometry":{"type":"LineString","coordinates":[[139.83768,35.80732],[139.83785,35.80741],[139.83801,35.80749],[139.83811,35.80755],[139.83825,35.80763],[139.83841,35.80773],[139.83867,35.8079],[139.83897,35.80809],[139.83916,35.80822],[139.83934,35.80833],[139.83935,35.80833]]}},{"type":"Feature","properties":{"tunnel":0},"geometry":{"type":"LineString","coordinates":[[139.8358,35.80627],[139.83694,35.80692],[139.83732,35.80713],[139.83768,35.80732]]}},{"type":"Feature","properties":{"tunnel":0},"geometry":{"type":"LineString","coordinates":[[139.83483,35.80577],[139.83459,35.80565],[139.83398,35.80532]]}},{"type":"Feature","properties":{"tunnel":0},"geometry":{"type":"LineString","coordinates":[[139.83553,35.80615],[139.83486,35.80579],[139.83483,35.80577]]}},{"type":"Feature","properties":{"tunnel":0},"geometry":{"type":"LineString","coordinates":[[139.8358,35.80627],[139.83553,35.80615]]}},{"type":"Feature","properties":{"tunnel":0},"geometry":{"type":"LineString","coordinates":[[139.83935,35.80833],[139.83948,35.80842]]}},{"type":"Feature","properties":{"tunnel":0},"geometry":{"type":"LineString","coordinates":[[139.83315,35.64722],[139.83333,35.64723]]}},{"type":"Feature","properties":{"tunnel":0},"geometry":{"type":"LineString","coordinates":[[139.83316,35.64742],[139.83333,35.64744]]}},{"type":"Feature","properties":{"tunnel":0},"geometry":{"type":"LineString","coordinates":[[139.83005,35.64653],[139.82974,35.64657],[139.82956,35.64658],[139.82942,35.64659],[139.82905,35.6466],[139.82869,35.64658],[139.82849,35.64657]]}},{"type":"Feature","properties":{"tunnel":0},"geometry":{"type":"LineString","coordinates":[[139.82929,35.64722],[139.82905,35.64714],[139.82867,35.64704],[139.82849,35.647]]}},{"type":"Feature","properties":{"tunnel":0},"geometry":{"type":"LineString","coordinates":[[139.83317,35.64683],[139.83333,35.64689]]}},{"type":"Feature","properties":{"tunnel":0},"geometry":{"type":"LineString","coordinates":[[139.82849,35.64679],[139.82869,35.64681],[139.82874,35.64681]]}},{"type":"Feature","properties":{"tunnel":0},"geometry":{"type":"LineString","coordinates":[[139.83146,35.64745],[139.83182,35.64742],[139.83234,35.64741],[139.83316,35.64742]]}},{"type":"Feature","properties":{"tunnel":0},"geometry":{"type":"LineString","coordinates":[[139.82874,35.64681],[139.83315,35.64722]]}},{"type":"Feature","properties":{"tunnel":0},"geometry":{"type":"LineString","coordinates":[[139.83333,35.64723],[139.83348,35.64724],[139.83398,35.6473]]}},{"type":"Feature","properties":{"tunnel":0},"geometry":{"type":"LineString","coordinates":[[139.83333,35.64744],[139.8335,35.64745]]}},{"type":"Feature","properties":{"tunnel":0},"geometry":{"type":"LineString","coordinates":[[139.83333,35.64689],[139.83334,35.64689]]}},{"type":"Feature","properties":{"tunnel":0},"geometry":{"type":"LineString","coordinates":[[139.83334,35.64689],[139.83346,35.64693]]}},{"type":"Feature","properties":{"tunnel":0},"geometry":{"type":"LineString","coordinates":[[139.8335,35.64745],[139.83398,35.64737]]}},{"type":"Feature","properties":{"tunnel":0},"geometry":{"type":"LineString","coordinates":[[139.83346,35.64693],[139.83369,35.64699],[139.83384,35.64703],[139.83398,35.64706]]}},{"type":"Feature","properties":{"tunnel":0},"geometry":{"type":"LineString","coordinates":[[139.83333,35.694],[139.83333,35.694],[139.83253,35.69397],[139.83094,35.69389],[139.83074,35.69388],[139.82849,35.69376]]}},{"type":"Feature","properties":{"tunnel":0},"geometry":{"type":"LineString","coordinates":[[139.83333,35.694],[139.83334,35.694],[139.83398,35.69404]]}},{"type":"Feature","properties":{"tunnel":0},"geometry":{"type":"LineString","coordinates":[[139.83266,35.73314],[139.83273,35.73303],[139.83333,35.73245]]}},{"type":"Feature","properties":{"tunnel":0},"geometry":{"type":"LineString","coordinates":[[139.83333,35.73211],[139.83253,35.73288],[139.83226,35.73314]]}},{"type":"Feature","properties":{"tunnel":0},"geometry":{"type":"LineString","coordinates":[[139.83249,35.73314],[139.83333,35.73232]]}},{"type":"Feature","properties":{"tunnel":0},"geometry":{"type":"LineString","coordinates":[[139.83398,35.73148],[139.83356,35.73189],[139.83333,35.73211]]}},{"type":"Feature","properties":{"tunnel":0},"geometry":{"type":"LineString","coordinates":[[139.83333,35.73232],[139.83363,35.73204],[139.83398,35.73168]]}},{"type":"Feature","properties":{"tunnel":0},"geometry":{"type":"LineString","coordinates":[[139.83333,35.73245],[139.8335,35.73229],[139.83395,35.73185],[139.83398,35.73182]]}},{"type":"Feature","properties":{"tunnel":0},"geometry":{"type":"LineString","coordinates":[[139.83263,35.73319],[139.83266,35.73314]]}},{"type":"Feature","properties":{"tunnel":0},"geometry":{"type":"LineString","coordinates":[[139.83226,35.73314],[139.83216,35.73324],[139.83206,35.73333]]}},{"type":"Feature","properties":{"tunnel":0},"geometry":{"type":"LineString","coordinates":[[139.83229,35.73333],[139.83249,35.73314]]}},{"type":"Feature","properties":{"tunnel":0},"geometry":{"type":"LineString","coordinates":[[139.83105,35.73449],[139.83206,35.73356],[139.83229,35.73333]]}},{"type":"Feature","properties":{"tunnel":0},"geometry":{"type":"LineString","coordinates":[[139.82849,35.7372],[139.82885,35.73678],[139.82902,35.7366],[139.82925,35.73636],[139.8297,35.7359]]}},{"type":"Feature","properties":{"tunnel":0},"geometry":{"type":"LineString","coordinates":[[139.8297,35.7359],[139.82972,35.73587],[139.82983,35.73577],[139.83003,35.73559],[139.8302,35.73542]]}},{"type":"Feature","properties":{"tunnel":0},"geometry":{"type":"LineString","coordinates":[[139.83206,35.73333],[139.83164,35.73373],[139.83135,35.73401],[139.83033,35.73495],[139.83006,35.7352],[139.82969,35.73556],[139.82915,35.73611],[139.82892,35.73634],[139.82849,35.73682]]}},{"type":"Feature","properties":{"tunnel":0},"geometry":{"type":"LineString","coordinates":[[139.82849,35.73696],[139.82856,35.73688],[139.82875,35.73666],[139.82898,35.73646]]}},{"type":"Feature","properties":{"tunnel":0},"geometry":{"type":"LineString","coordinates":[[139.82849,35.73708],[139.8285,35.73707],[139.82871,35.73684],[139.82938,35.73611],[139.83055,35.73495],[139.83105,35.73449]]}},{"type":"Feature","properties":{"tunnel":0},"geometry":{"type":"LineString","coordinates":[[139.83154,35.80373],[139.83205,35.80407]]}},{"type":"Feature","properties":{"tunnel":0},"geometry":{"type":"LineString","coordinates":[[139.83271,35.80445],[139.83262,35.8044],[139.83205,35.80407]]}},{"type":"Feature","properties":{"tunnel":0},"geometry":{"type":"LineString","coordinates":[[139.8302,35.80268],[139.83008,35.8026],[139.82987,35.80242],[139.82957,35.80214]]}},{"type":"Feature","properties":{"tunnel":0},"geometry":{"type":"LineString","coordinates":[[139.82952,35.80248],[139.82933,35.80228]]}},{"type":"Feature","properties":{"tunnel":0},"geometry":{"type":"LineString","coordinates":[[139.82933,35.80228],[139.82878,35.80165],[139.82849,35.80127]]}},{"type":"Feature","properties":{"tunnel":0},"geometry":{"type":"LineString","coordinates":[[139.82957,35.80214],[139.82935,35.80191],[139.82904,35.80154],[139.82889,35.80136],[139.82878,35.8012],[139.82867,35.80104],[139.82855,35.80087],[139.82849,35.80077]]}},{"type":"Feature","properties":{"tunnel":0},"geometry":{"type":"LineString","coordinates":[[139.8324,35.80445],[139.83224,35.80436],[139.83211,35.80427],[139.83189,35.80414],[139.83171,35.80403],[139.83159,35.80394],[139.83135,35.80378],[139.83106,35.80358],[139.83087,35.80345],[139.83069,35.8033],[139.83011,35.80283],[139.82961,35.8024],[139.82941,35.8022],[139.8292,35.80196],[139.82886,35.80154],[139.82866,35.80125],[139.82849,35.801]]}},{"type":"Feature","properties":{"tunnel":0},"geometry":{"type":"LineString","coordinates":[[139.83244,35.80462],[139.83238,35.80459]]}},{"type":"Feature","properties":{"tunnel":0},"geometry":{"type":"LineString","coordinates":[[139.83333,35.8051],[139.83307,35.80496],[139.83273,35.80477],[139.83244,35.80462]]}},{"type":"Feature","properties":{"tunnel":0},"geometry":{"type":"LineString","coordinates":[[139.83333,35.80484],[139.83316,35.80472],[139.83271,35.80445]]}},{"type":"Feature","properties":{"tunnel":0},"geometry":{"type":"LineString","coordinates":[[139.83333,35.80498],[139.83329,35.80495],[139.8329,35.80474],[139.83253,35.80453],[139.8324,35.80445]]}},{"type":"Feature","properties":{"tunnel":0},"geometry":{"type":"LineString","coordinates":[[139.83398,35.80545],[139.83376,35.80533],[139.83335,35.80511],[139.83333,35.8051]]}},{"type":"Feature","properties":{"tunnel":0},"geometry":{"type":"LineString","coordinates":[[139.83398,35.80519],[139.83333,35.80484]]}},{"type":"Feature","properties":{"tunnel":0},"geometry":{"type":"LineString","coordinates":[[139.83398,35.80532],[139.83333,35.80498]]}},{"type":"Feature","properties":{"tunnel":0},"geometry":{"type":"LineString","coordinates":[[139.823,35.64625],[139.82495,35.64643]]}},{"type":"Feature","properties":{"tunnel":0},"geometry":{"type":"LineString","coordinates":[[139.82495,35.64643],[139.825,35.64644]]}},{"type":"Feature","properties":{"tunnel":0},"geometry":{"type":"LineString","coordinates":[[139.82849,35.64657],[139.82827,35.64656]]}},{"type":"Feature","properties":{"tunnel":0},"geometry":{"type":"LineString","coordinates":[[139.82849,35.647],[139.82841,35.64699],[139.82823,35.64696],[139.82788,35.64692],[139.82766,35.6469]]}},{"type":"Feature","properties":{"tunnel":0},"geometry":{"type":"LineString","coordinates":[[139.82622,35.64656],[139.82849,35.64679]]}},{"type":"Feature","properties":{"tunnel":0},"geometry":{"type":"LineString","coordinates":[[139.82521,35.64646],[139.82562,35.6465]]}},{"type":"Feature","properties":{"tunnel":0},"geometry":{"type":"LineString","coordinates":[[139.82562,35.6465],[139.82622,35.64656]]}},{"type":"Feature","properties":{"tunnel":0},"geometry":{"type":"LineString","coordinates":[[139.82581,35.64672],[139.82567,35.6467],[139.82558,35.64669],[139.82521,35.64646]]}},{"type":"Feature","properties":{"tunnel":0},"geometry":{"type":"LineString","coordinates":[[139.82827,35.64656],[139.82772,35.64651]]}},{"type":"Feature","properties":{"tunnel":0},"geometry":{"type":"LineString","coordinates":[[139.82772,35.64651],[139.82608,35.64635],[139.82562,35.6465]]}},{"type":"Feature","properties":{"tunnel":0},"geometry":{"type":"LineString","coordinates":[[139.82766,35.6469],[139.82581,35.64672]]}},{"type":"Feature","properties":{"tunnel":0},"geometry":{"type":"LineString","coordinates":[[139.825,35.64644],[139.82521,35.64646]]}},{"type":"Feature","properties":{"tunnel":0},"geometry":{"type":"LineString","coordinates":[[139.823,35.69347],[139.82437,35.69353],[139.825,35.69357]]}},{"type":"Feature","properties":{"tunnel":0},"geometry":{"type":"LineString","coordinates":[[139.82849,35.69376],[139.825,35.69357],[139.825,35.69357]]}},{"type":"Feature","properties":{"tunnel":0},"geometry":{"type":"LineString","coordinates":[[139.82818,35.73749],[139.82829,35.73743],[139.82849,35.7372]]}},{"type":"Feature","properties":{"tunnel":0},"geometry":{"type":"LineString","coordinates":[[139.82795,35.73753],[139.82789,35.7376]]}},{"type":"Feature","properties":{"tunnel":0},"geometry":{"type":"LineString","coordinates":[[139.82849,35.73682],[139.82849,35.73683],[139.82835,35.73699],[139.82818,35.73718],[139.82798,35.73741],[139.82796,35.73746],[139.82795,35.73753]]}},{"type":"Feature","properties":{"tunnel":0},"geometry":{"type":"LineString","coordinates":[[139.82818,35.73749],[139.82821,35.7374],[139.82824,35.73736]]}},{"type":"Feature","properties":{"tunnel":0},"geometry":{"type":"LineString","coordinates":[[139.82795,35.73753],[139.82802,35.7375],[139.82807,35.73745]]}},{"type":"Feature","properties":{"tunnel":0},"geometry":{"type":"LineString","coordinates":[[139.82807,35.73745],[139.82849,35.73696]]}},{"type":"Feature","properties":{"tunnel":0},"geometry":{"type":"LineString","coordinates":[[139.82824,35.73736],[139.82849,35.73708]]}},{"type":"Feature","properties":{"tunnel":0},"geometry":{"type":"LineString","coordinates":[[139.82809,35.7376],[139.82812,35.73757],[139.82818,35.73749]]}},{"type":"Feature","properties":{"tunnel":0},"geometry":{"type":"LineString","coordinates":[[139.825,35.74198],[139.82496,35.74205]]}},{"type":"Feature","properties":{"tunnel":0},"geometry":{"type":"LineString","coordinates":[[139.82789,35.7376],[139.82758,35.73796],[139.82742,35.73817],[139.82697,35.73879],[139.82663,35.73928],[139.82628,35.73979],[139.82577,35.74062],[139.82517,35.74167]]}},{"type":"Feature","properties":{"tunnel":0},"geometry":{"type":"LineString","coordinates":[[139.82534,35.74167],[139.82581,35.74081],[139.82623,35.74012],[139.82651,35.73968],[139.8269,35.73911],[139.82719,35.73871],[139.82748,35.73835],[139.82779,35.73795],[139.82809,35.7376]]}},{"type":"Feature","properties":{"tunnel":0},"geometry":{"type":"LineString","coordinates":[[139.82517,35.74167],[139.825,35.74198]]}},{"type":"Feature","properties":{"tunnel":0},"geometry":{"type":"LineString","coordinates":[[139.82513,35.74205],[139.82534,35.74167]]}},{"type":"Feature","properties":{"tunnel":0},"geometry":{"type":"LineString","coordinates":[[139.82496,35.74205],[139.82476,35.74242],[139.8246,35.74272],[139.82436,35.74313]]}},{"type":"Feature","properties":{"tunnel":0},"geometry":{"type":"LineString","coordinates":[[139.82304,35.74545],[139.823,35.74554]]}},{"type":"Feature","properties":{"tunnel":0},"geometry":{"type":"LineString","coordinates":[[139.82436,35.74313],[139.82413,35.74335],[139.82394,35.74351],[139.82373,35.74365],[139.82351,35.74373],[139.82338,35.74377]]}},{"type":"Feature","properties":{"tunnel":0},"geometry":{"type":"LineString","coordinates":[[139.823,35.7446],[139.82302,35.74465],[139.82306,35.74484],[139.82309,35.74514],[139.82308,35.7453],[139.82304,35.74545]]}},{"type":"Feature","properties":{"tunnel":0},"geometry":{"type":"LineString","coordinates":[[139.823,35.74385],[139.82305,35.74385],[139.82332,35.74382],[139.82342,35.74379]]}},{"type":"Feature","properties":{"tunnel":0},"geometry":{"type":"LineString","coordinates":[[139.82338,35.74377],[139.82333,35.74378],[139.82321,35.74381],[139.823,35.74383],[139.823,35.74383]]}},{"type":"Feature","properties":{"tunnel":0},"geometry":{"type":"LineString","coordinates":[[139.82303,35.74437],[139.823,35.74433]]}},{"type":"Feature","properties":{"tunnel":0},"geometry":{"type":"LineString","coordinates":[[139.82436,35.74313],[139.82411,35.74362]]}},{"type":"Feature","properties":{"tunnel":0},"geometry":{"type":"LineString","coordinates":[[139.82411,35.74362],[139.82353,35.74468],[139.82338,35.74497],[139.82325,35.74517],[139.82304,35.74545]]}},{"type":"Feature","properties":{"tunnel":0},"geometry":{"type":"LineString","coordinates":[[139.82317,35.74549],[139.82331,35.74533],[139.82344,35.74515]]}},{"type":"Feature","properties":{"tunnel":0},"geometry":{"type":"LineString","coordinates":[[139.823,35.74579],[139.82317,35.74549]]}},{"type":"Feature","properties":{"tunnel":0},"geometry":{"type":"LineString","coordinates":[[139.82317,35.74549],[139.8232,35.74527],[139.82324,35.74507],[139.82325,35.74494],[139.82323,35.74477],[139.82319,35.74464],[139.82314,35.74451],[139.82303,35.74437]]}},{"type":"Feature","properties":{"tunnel":0},"geometry":{"type":"LineString","coordinates":[[139.82342,35.74379],[139.82351,35.74377],[139.82373,35.74368],[139.82391,35.74358],[139.82409,35.74347],[139.82455,35.74311]]}},{"type":"Feature","properties":{"tunnel":0},"geometry":{"type":"LineString","coordinates":[[139.82344,35.74515],[139.82455,35.74311]]}},{"type":"Feature","properties":{"tunnel":0},"geometry":{"type":"LineString","coordinates":[[139.82455,35.74311],[139.825,35.74229]]}},{"type":"Feature","properties":{"tunnel":0},"geometry":{"type":"LineString","coordinates":[[139.825,35.74229],[139.82513,35.74205]]}},{"type":"Feature","properties":{"tunnel":0},"geometry":{"type":"LineString","coordinates":[[139.82487,35.75097],[139.8237,35.75166],[139.82328,35.75191],[139.823,35.75199]]}},{"type":"Feature","properties":{"tunnel":0},"geometry":{"type":"LineString","coordinates":[[139.825,35.7509],[139.82487,35.75097]]}},{"type":"Feature","properties":{"tunnel":0},"geometry":{"type":"LineString","coordinates":[[139.82524,35.75075],[139.82504,35.75087],[139.825,35.7509]]}},{"type":"Feature","properties":{"tunnel":0},"geometry":{"type":"LineString","coordinates":[[139.82548,35.7506],[139.82524,35.75075]]}},{"type":"Feature","properties":{"tunnel":0},"geometry":{"type":"LineString","coordinates":[[139.82344,35.77326],[139.82332,35.77284],[139.82308,35.77204],[139.82305,35.77197],[139.82304,35.77196]]}},{"type":"Feature","properties":{"tunnel":0},"geometry":{"type":"LineString","coordinates":[[139.82304,35.77196],[139.823,35.772]]}},{"type":"Feature","properties":{"tunnel":0},"geometry":{"type":"LineString","coordinates":[[139.823,35.7722],[139.82305,35.77242]]}},{"type":"Feature","properties":{"tunnel":0},"geometry":{"type":"LineString","coordinates":[[139.82305,35.77242],[139.82329,35.77326]]}},{"type":"Feature","properties":{"tunnel":0},"geometry":{"type":"LineString","coordinates":[[139.82302,35.77188],[139.82303,35.7719],[139.82304,35.77196]]}},{"type":"Feature","properties":{"tunnel":0},"geometry":{"type":"LineString","coordinates":[[139.82302,35.77188],[139.823,35.7718]]}},{"type":"Feature","properties":{"tunnel":0},"geometry":{"type":"LineString","coordinates":[[139.8238,35.775],[139.82367,35.77452]]}},{"type":"Feature","properties":{"tunnel":0},"geometry":{"type":"LineString","coordinates":[[139.82367,35.77452],[139.82362,35.77437]]}},{"type":"Feature","properties":{"tunnel":0},"geometry":{"type":"LineString","coordinates":[[139.82362,35.77437],[139.82371,35.77449],[139.82382,35.77478],[139.82389,35.775]]}},{"type":"Feature","properties":{"tunnel":0},"geometry":{"type":"LineString","coordinates":[[139.82398,35.775],[139.82386,35.7746]]}},{"type":"Feature","properties":{"tunnel":0},"geometry":{"type":"LineString","coordinates":[[139.82386,35.7746],[139.82365,35.77398],[139.82345,35.77329],[139.82344,35.77326]]}},{"type":"Feature","properties":{"tunnel":0},"geometry":{"type":"LineString","coordinates":[[139.82329,35.77326],[139.82362,35.77437]]}},{"type":"Feature","properties":{"tunnel":0},"geometry":{"type":"LineString","coordinates":[[139.82499,35.777],[139.82496,35.77706],[139.82493,35.77712],[139.82491,35.77722]]}},{"type":"Feature","properties":{"tunnel":0},"geometry":{"type":"LineString","coordinates":[[139.82491,35.77722],[139.82492,35.77731],[139.82495,35.77738],[139.825,35.77743]]}},{"type":"Feature","properties":{"tunnel":0},"geometry":{"type":"LineString","coordinates":[[139.82457,35.77662],[139.82445,35.77644]]}},{"type":"Feature","properties":{"tunnel":0},"geometry":{"type":"LineString","coordinates":[[139.82409,35.77537],[139.82398,35.775]]}},{"type":"Feature","properties":{"tunnel":0},"geometry":{"type":"LineString","coordinates":[[139.825,35.77701],[139.82495,35.77703],[139.82486,35.77715],[139.82483,35.77722]]}},{"type":"Feature","properties":{"tunnel":0},"geometry":{"type":"LineString","coordinates":[[139.82443,35.77721],[139.8238,35.775]]}},{"type":"Feature","properties":{"tunnel":0},"geometry":{"type":"LineString","coordinates":[[139.82457,35.77771],[139.82443,35.77721]]}},{"type":"Feature","properties":{"tunnel":0},"geometry":{"type":"LineString","coordinates":[[139.825,35.77756],[139.82496,35.77754],[139.82488,35.77747],[139.82484,35.77743],[139.82481,35.77737],[139.82479,35.77728],[139.82481,35.77718],[139.82486,35.77707],[139.82492,35.77699],[139.825,35.77694]]}},{"type":"Feature","properties":{"tunnel":0},"geometry":{"type":"LineString","coordinates":[[139.82478,35.77745],[139.82471,35.77712]]}},{"type":"Feature","properties":{"tunnel":0},"geometry":{"type":"LineString","coordinates":[[139.825,35.77699],[139.82499,35.777]]}},{"type":"Feature","properties":{"tunnel":0},"geometry":{"type":"LineString","coordinates":[[139.82389,35.775],[139.82423,35.77616],[139.82436,35.77663]]}},{"type":"Feature","properties":{"tunnel":0},"geometry":{"type":"LineString","coordinates":[[139.82436,35.77663],[139.82468,35.77771]]}},{"type":"Feature","properties":{"tunnel":0},"geometry":{"type":"LineString","coordinates":[[139.82478,35.77745],[139.82484,35.77771]]}},{"type":"Feature","properties":{"tunnel":0},"geometry":{"type":"LineString","coordinates":[[139.82472,35.77771],[139.82431,35.77616]]}},{"type":"Feature","properties":{"tunnel":0},"geometry":{"type":"LineString","coordinates":[[139.82431,35.77616],[139.82437,35.7762],[139.8244,35.77623],[139.82451,35.77643],[139.82462,35.77655],[139.82475,35.77665],[139.82489,35.7767],[139.825,35.77673]]}},{"type":"Feature","properties":{"tunnel":0},"geometry":{"type":"LineString","coordinates":[[139.82483,35.77722],[139.82479,35.77737],[139.82478,35.77745]]}},{"type":"Feature","properties":{"tunnel":0},"geometry":{"type":"LineString","coordinates":[[139.82471,35.77712],[139.82462,35.77675],[139.8246,35.77668],[139.82457,35.77662]]}},{"type":"Feature","properties":{"tunnel":0},"geometry":{"type":"LineString","coordinates":[[139.82426,35.776],[139.82431,35.77616]]}},{"type":"Feature","properties":{"tunnel":0},"geometry":{"type":"LineString","coordinates":[[139.82426,35.776],[139.82409,35.77537]]}},{"type":"Feature","properties":{"tunnel":0},"geometry":{"type":"LineString","coordinates":[[139.825,35.77756],[139.825,35.77756]]}},{"type":"Feature","properties":{"tunnel":0},"geometry":{"type":"LineString","coordinates":[[139.82532,35.77762],[139.82521,35.77762],[139.82513,35.77761],[139.82505,35.77758],[139.825,35.77756]]}},{"type":"Feature","properties":{"tunnel":0},"geometry":{"type":"LineString","coordinates":[[139.825,35.77743],[139.82506,35.77747],[139.82515,35.77751],[139.82524,35.77753],[139.82536,35.77752],[139.82547,35.77749],[139.82556,35.77743],[139.82562,35.77736],[139.82565,35.77726],[139.82565,35.77718],[139.82562,35.7771],[139.82555,35.77701],[139.82544,35.77694],[139.82531,35.77692],[139.82517,35.77693],[139.82504,35.77699],[139.825,35.77701]]}},{"type":"Feature","properties":{"tunnel":0},"geometry":{"type":"LineString","coordinates":[[139.825,35.77694],[139.82502,35.77693],[139.82508,35.77691]]}},{"type":"Feature","properties":{"tunnel":0},"geometry":{"type":"LineString","coordinates":[[139.825,35.77673],[139.82504,35.77674],[139.82524,35.77677]]}},{"type":"Feature","properties":{"tunnel":0},"geometry":{"type":"LineString","coordinates":[[139.82508,35.77691],[139.82503,35.77696],[139.825,35.77699]]}},{"type":"Feature","properties":{"tunnel":0},"geometry":{"type":"LineString","coordinates":[[139.82532,35.77762],[139.82544,35.7776],[139.82555,35.77756],[139.82563,35.77751],[139.8257,35.77745],[139.82576,35.7773],[139.82576,35.77716],[139.82572,35.77703],[139.82565,35.77693],[139.82555,35.77686],[139.82546,35.77682],[139.82524,35.77677]]}},{"type":"Feature","properties":{"tunnel":0},"geometry":{"type":"LineString","coordinates":[[139.82508,35.77691],[139.82516,35.77689],[139.82527,35.77688],[139.82537,35.77688],[139.82546,35.7769],[139.82554,35.77693],[139.8256,35.77698],[139.82567,35.77707],[139.8257,35.77715],[139.82571,35.77735],[139.82573,35.77755],[139.82575,35.77771]]}},{"type":"Feature","properties":{"tunnel":0},"geometry":{"type":"LineString","coordinates":[[139.82338,35.77859],[139.82349,35.77869],[139.8236,35.77874],[139.8237,35.77875],[139.8238,35.77875],[139.8239,35.77873],[139.82411,35.77867],[139.82428,35.77859],[139.82437,35.77855],[139.82447,35.77847],[139.82455,35.77838],[139.8246,35.77828],[139.82463,35.77819],[139.82464,35.77804],[139.82462,35.77789]]}},{"type":"Feature","properties":{"tunnel":0},"geometry":{"type":"LineString","coordinates":[[139.8241,35.7788],[139.824,35.77883],[139.82383,35.77887],[139.82365,35.77888],[139.82353,35.77885],[139.82339,35.77879]]}},{"type":"Feature","properties":{"tunnel":0},"geometry":{"type":"LineString","coordinates":[[139.82336,35.77865],[139.82343,35.77869],[139.82351,35.77872],[139.82363,35.77874],[139.82376,35.77874],[139.82386,35.77872],[139.82396,35.77866],[139.82403,35.77857]]}},{"type":"Feature","properties":{"tunnel":0},"geometry":{"type":"LineString","coordinates":[[139.82403,35.77857],[139.82405,35.77846],[139.82403,35.77833],[139.82393,35.77823],[139.8238,35.77817],[139.82364,35.77816],[139.8235,35.77819],[139.82339,35.77829],[139.82334,35.77839],[139.82333,35.77849],[139.82338,35.77859]]}},{"type":"Feature","properties":{"tunnel":0},"geometry":{"type":"LineString","coordinates":[[139.82368,35.77878],[139.82356,35.77877],[139.82343,35.77871],[139.82336,35.77865]]}},{"type":"Feature","properties":{"tunnel":0},"geometry":{"type":"LineString","coordinates":[[139.82336,35.77865],[139.82333,35.7786],[139.82329,35.7785],[139.82325,35.77833],[139.82321,35.77793]]}},{"type":"Feature","properties":{"tunnel":0},"geometry":{"type":"LineString","coordinates":[[139.8237,35.77804],[139.82391,35.77809]]}},{"type":"Feature","properties":{"tunnel":0},"geometry":{"type":"LineString","coordinates":[[139.82339,35.77879],[139.82324,35.77866],[139.8232,35.77853]]}},{"type":"Feature","properties":{"tunnel":0},"geometry":{"type":"LineString","coordinates":[[139.82391,35.77809],[139.82405,35.77817],[139.82414,35.77827],[139.82418,35.77839],[139.82416,35.77854]]}},{"type":"Feature","properties":{"tunnel":0},"geometry":{"type":"LineString","coordinates":[[139.82416,35.77854],[139.82412,35.77863],[139.82404,35.77869],[139.8239,35.77873],[139.8238,35.77877],[139.82368,35.77878]]}},{"type":"Feature","properties":{"tunnel":0},"geometry":{"type":"LineString","coordinates":[[139.8232,35.77853],[139.8232,35.77836],[139.82329,35.7782],[139.82341,35.7781],[139.82356,35.77806],[139.8237,35.77804]]}},{"type":"Feature","properties":{"tunnel":0},"geometry":{"type":"LineString","coordinates":[[139.82432,35.77868],[139.82439,35.77864],[139.82451,35.77857],[139.82462,35.77848],[139.82467,35.77841],[139.8247,35.77834],[139.82473,35.77827],[139.82476,35.77786]]}},{"type":"Feature","properties":{"tunnel":0},"geometry":{"type":"LineString","coordinates":[[139.8241,35.7788],[139.82432,35.77868]]}},{"type":"Feature","properties":{"tunnel":0},"geometry":{"type":"LineString","coordinates":[[139.82462,35.77789],[139.82457,35.77771]]}},{"type":"Feature","properties":{"tunnel":0},"geometry":{"type":"LineString","coordinates":[[139.825,35.77879],[139.82476,35.77786]]}},{"type":"Feature","properties":{"tunnel":0},"geometry":{"type":"LineString","coordinates":[[139.82468,35.77771],[139.82471,35.77781]]}},{"type":"Feature","properties":{"tunnel":0},"geometry":{"type":"LineString","coordinates":[[139.825,35.77954],[139.82495,35.77934],[139.82488,35.77917],[139.82481,35.77906],[139.82472,35.77896],[139.8246,35.77887],[139.82447,35.77883],[139.82433,35.7788],[139.82424,35.7788],[139.8241,35.7788]]}},{"type":"Feature","properties":{"tunnel":0},"geometry":{"type":"LineString","coordinates":[[139.82484,35.77771],[139.82494,35.77811],[139.825,35.77835]]}},{"type":"Feature","properties":{"tunnel":0},"geometry":{"type":"LineString","coordinates":[[139.82476,35.77786],[139.82472,35.77771]]}},{"type":"Feature","properties":{"tunnel":0},"geometry":{"type":"LineString","coordinates":[[139.82574,35.78126],[139.82525,35.77927]]}},{"type":"Feature","properties":{"tunnel":0},"geometry":{"type":"LineString","coordinates":[[139.825,35.77835],[139.82503,35.77848],[139.82512,35.77878],[139.82525,35.77927]]}},{"type":"Feature","properties":{"tunnel":0},"geometry":{"type":"LineString","coordinates":[[139.82598,35.78217],[139.82574,35.78126]]}},{"type":"Feature","properties":{"tunnel":0},"geometry":{"type":"LineString","coordinates":[[139.82575,35.77771],[139.82575,35.77775]]}},{"type":"Feature","properties":{"tunnel":0},"geometry":{"type":"LineString","coordinates":[[139.82546,35.78063],[139.82539,35.78032]]}},{"type":"Feature","properties":{"tunnel":0},"geometry":{"type":"LineString","coordinates":[[139.82546,35.78063],[139.82544,35.78063],[139.82539,35.78061],[139.82532,35.78056],[139.82527,35.78045],[139.82523,35.78037]]}},{"type":"Feature","properties":{"tunnel":0},"geometry":{"type":"LineString","coordinates":[[139.82553,35.78092],[139.82546,35.78063]]}},{"type":"Feature","properties":{"tunnel":0},"geometry":{"type":"LineString","coordinates":[[139.825,35.77879],[139.82539,35.78032]]}},{"type":"Feature","properties":{"tunnel":0},"geometry":{"type":"LineString","coordinates":[[139.82571,35.78162],[139.82553,35.78092]]}},{"type":"Feature","properties":{"tunnel":0},"geometry":{"type":"LineString","coordinates":[[139.82523,35.78037],[139.82509,35.77988],[139.825,35.77954]]}},{"type":"Feature","properties":{"tunnel":0},"geometry":{"type":"LineString","coordinates":[[139.82586,35.78217],[139.82571,35.78162]]}},{"type":"Feature","properties":{"tunnel":0},"geometry":{"type":"LineString","coordinates":[[139.82629,35.78333],[139.82598,35.78217]]}},{"type":"Feature","properties":{"tunnel":0},"geometry":{"type":"LineString","coordinates":[[139.82615,35.78333],[139.82586,35.78217]]}},{"type":"Feature","properties":{"tunnel":0},"geometry":{"type":"LineString","coordinates":[[139.82631,35.78343],[139.82629,35.78333]]}},{"type":"Feature","properties":{"tunnel":0},"geometry":{"type":"LineString","coordinates":[[139.82631,35.78343],[139.82635,35.78357]]}},{"type":"Feature","properties":{"tunnel":0},"geometry":{"type":"LineString","coordinates":[[139.82671,35.7854],[139.82676,35.78561],[139.82704,35.78663]]}},{"type":"Feature","properties":{"tunnel":0},"geometry":{"type":"LineString","coordinates":[[139.82635,35.78357],[139.82638,35.78368],[139.82639,35.78378],[139.82636,35.78383],[139.82633,35.78387],[139.82631,35.78389]]}},{"type":"Feature","properties":{"tunnel":0},"geometry":{"type":"LineString","coordinates":[[139.82622,35.78362],[139.82615,35.78333]]}},{"type":"Feature","properties":{"tunnel":0},"geometry":{"type":"LineString","coordinates":[[139.82631,35.78389],[139.82628,35.78386],[139.82622,35.78362]]}},{"type":"Feature","properties":{"tunnel":0},"geometry":{"type":"LineString","coordinates":[[139.82671,35.7854],[139.82665,35.78521],[139.82631,35.78389]]}},{"type":"Feature","properties":{"tunnel":0},"geometry":{"type":"LineString","coordinates":[[139.82816,35.79108],[139.82814,35.79091],[139.82807,35.79055]]}},{"type":"Feature","properties":{"tunnel":0},"geometry":{"type":"LineString","coordinates":[[139.82704,35.78663],[139.82713,35.78698],[139.82753,35.78846],[139.8279,35.78981],[139.82804,35.7904],[139.82807,35.79055]]}},{"type":"Feature","properties":{"tunnel":0},"geometry":{"type":"LineString","coordinates":[[139.82801,35.8],[139.82801,35.79999]]}},{"type":"Feature","properties":{"tunnel":0},"geometry":{"type":"LineString","coordinates":[[139.82791,35.8],[139.82791,35.79999]]}},{"type":"Feature","properties":{"tunnel":0},"geometry":{"type":"LineString","coordinates":[[139.82828,35.80068],[139.82821,35.80056],[139.82797,35.80012]]}},{"type":"Feature","properties":{"tunnel":0},"geometry":{"type":"LineString","coordinates":[[139.82849,35.80127],[139.82848,35.80126],[139.82823,35.80088],[139.82809,35.80064],[139.82795,35.8003],[139.82797,35.80012]]}},{"type":"Feature","properties":{"tunnel":0},"geometry":{"type":"LineString","coordinates":[[139.82849,35.80077],[139.82832,35.8005],[139.82812,35.8001],[139.82804,35.80002],[139.82801,35.8]]}},{"type":"Feature","properties":{"tunnel":0},"geometry":{"type":"LineString","coordinates":[[139.82849,35.801],[139.82843,35.8009],[139.82828,35.80068]]}},{"type":"Feature","properties":{"tunnel":0},"geometry":{"type":"LineString","coordinates":[[139.82797,35.80012],[139.82791,35.8]]}},{"type":"Feature","properties":{"tunnel":0},"geometry":{"type":"LineString","coordinates":[[139.82762,35.7993],[139.82758,35.7991],[139.82754,35.79892],[139.82749,35.79864]]}},{"type":"Feature","properties":{"tunnel":0},"geometry":{"type":"LineString","coordinates":[[139.82801,35.79999],[139.82783,35.79984]]}},{"type":"Feature","properties":{"tunnel":0},"geometry":{"type":"LineString","coordinates":[[139.82749,35.79864],[139.82744,35.79846],[139.82742,35.79833],[139.82737,35.79809],[139.82732,35.7978],[139.82728,35.79743],[139.82728,35.79696],[139.82729,35.79669],[139.8273,35.7965],[139.82735,35.79612],[139.82739,35.79583],[139.82745,35.79554]]}},{"type":"Feature","properties":{"tunnel":0},"geometry":{"type":"LineString","coordinates":[[139.82783,35.79984],[139.82773,35.79961],[139.82764,35.79935],[139.82762,35.7993]]}},{"type":"Feature","properties":{"tunnel":0},"geometry":{"type":"LineString","coordinates":[[139.82791,35.79999],[139.82783,35.79984]]}},{"type":"Feature","properties":{"tunnel":0},"geometry":{"type":"LineString","coordinates":[[139.82822,35.79167],[139.8282,35.79144],[139.82817,35.79118],[139.82816,35.79108]]}},{"type":"Feature","properties":{"tunnel":0},"geometry":{"type":"LineString","coordinates":[[139.82745,35.79554],[139.82749,35.79536],[139.82763,35.79476],[139.82769,35.79453],[139.82775,35.79431],[139.82783,35.79403]]}},{"type":"Feature","properties":{"tunnel":0},"geometry":{"type":"LineString","coordinates":[[139.8282,35.79216],[139.82822,35.79174],[139.82822,35.79167]]}},{"type":"Feature","properties":{"tunnel":0},"geometry":{"type":"LineString","coordinates":[[139.82783,35.79403],[139.82798,35.79347],[139.82809,35.79304],[139.82816,35.79264],[139.8282,35.79236],[139.8282,35.79216]]}},{"type":"Feature","properties":{"tunnel":0},"geometry":{"type":"LineString","coordinates":[[139.81841,35.64563],[139.81797,35.64558],[139.81762,35.64553],[139.8175,35.64551]]}},{"type":"Feature","properties":{"tunnel":0},"geometry":{"type":"LineString","coordinates":[[139.81823,35.64579],[139.82017,35.64599]]}},{"type":"Feature","properties":{"tunnel":0},"geometry":{"type":"LineString","coordinates":[[139.82017,35.64599],[139.82097,35.64606]]}},{"type":"Feature","properties":{"tunnel":0},"geometry":{"type":"LineString","coordinates":[[139.8175,35.64568],[139.81823,35.64579]]}},{"type":"Feature","properties":{"tunnel":0},"geometry":{"type":"LineString","coordinates":[[139.82097,35.64606],[139.823,35.64625]]}},{"type":"Feature","properties":{"tunnel":0},"geometry":{"type":"LineString","coordinates":[[139.8175,35.64587],[139.81773,35.64591],[139.81978,35.64611]]}},{"type":"Feature","properties":{"tunnel":0},"geometry":{"type":"LineString","coordinates":[[139.81978,35.64611],[139.82017,35.64599]]}},{"type":"Feature","properties":{"tunnel":0},"geometry":{"type":"LineString","coordinates":[[139.82017,35.64599],[139.81985,35.64576],[139.81841,35.64563]]}},{"type":"Feature","properties":{"tunnel":0},"geometry":{"type":"LineString","coordinates":[[139.82012,35.69332],[139.81975,35.69325],[139.81921,35.69321],[139.81903,35.69317],[139.81804,35.69311],[139.8175,35.69308]]}},{"type":"Feature","properties":{"tunnel":0},"geometry":{"type":"LineString","coordinates":[[139.8175,35.69331],[139.81765,35.69333],[139.81836,35.69336],[139.81863,35.69335],[139.81972,35.6934],[139.82012,35.69332]]}},{"type":"Feature","properties":{"tunnel":0},"geometry":{"type":"LineString","coordinates":[[139.81969,35.6933],[139.8175,35.69319]]}},{"type":"Feature","properties":{"tunnel":0},"geometry":{"type":"LineString","coordinates":[[139.82012,35.69332],[139.81969,35.6933]]}},{"type":"Feature","properties":{"tunnel":0},"geometry":{"type":"LineString","coordinates":[[139.82012,35.69332],[139.823,35.69347]]}},{"type":"Feature","properties":{"tunnel":0},"geometry":{"type":"LineString","coordinates":[[139.823,35.74554],[139.82285,35.74584],[139.82265,35.7462],[139.82246,35.74651]]}},{"type":"Feature","properties":{"tunnel":0},"geometry":{"type":"LineString","coordinates":[[139.82295,35.74448],[139.823,35.7446]]}},{"type":"Feature","properties":{"tunnel":0},"geometry":{"type":"LineString","coordinates":[[139.82141,35.74353],[139.82201,35.74375]]}},{"type":"Feature","properties":{"tunnel":0},"geometry":{"type":"LineString","coordinates":[[139.82207,35.7437],[139.82236,35.7438],[139.82268,35.74385],[139.82285,35.74386],[139.823,35.74385]]}},{"type":"Feature","properties":{"tunnel":0},"geometry":{"type":"LineString","coordinates":[[139.82201,35.74375],[139.82258,35.74407],[139.82274,35.7442],[139.82289,35.74438],[139.82295,35.74448]]}},{"type":"Feature","properties":{"tunnel":0},"geometry":{"type":"LineString","coordinates":[[139.823,35.74383],[139.82289,35.74384],[139.82269,35.74383],[139.82234,35.74377],[139.82201,35.74375]]}},{"type":"Feature","properties":{"tunnel":0},"geometry":{"type":"LineString","coordinates":[[139.823,35.74433],[139.82296,35.74429],[139.82278,35.74413],[139.82247,35.74395],[139.82207,35.7437]]}},{"type":"Feature","properties":{"tunnel":0},"geometry":{"type":"LineString","coordinates":[[139.82141,35.74353],[139.82031,35.74312],[139.81953,35.74284],[139.81883,35.7426],[139.81839,35.74243],[139.81802,35.74229],[139.8177,35.74216],[139.81752,35.74207],[139.8175,35.74206]]}},{"type":"Feature","properties":{"tunnel":0},"geometry":{"type":"LineString","coordinates":[[139.82207,35.7437],[139.82129,35.74342],[139.82051,35.74314],[139.81885,35.74249],[139.818,35.74217],[139.81781,35.74208],[139.81774,35.74205]]}},{"type":"Feature","properties":{"tunnel":0},"geometry":{"type":"LineString","coordinates":[[139.82259,35.74651],[139.823,35.74579]]}},{"type":"Feature","properties":{"tunnel":0},"geometry":{"type":"LineString","coordinates":[[139.81774,35.74205],[139.81761,35.74199],[139.8175,35.74192]]}},{"type":"Feature","properties":{"tunnel":0},"geometry":{"type":"LineString","coordinates":[[139.82246,35.74651],[139.82231,35.74676],[139.82224,35.7469],[139.82172,35.74787],[139.82168,35.74793],[139.82148,35.74831],[139.82144,35.74838],[139.82114,35.74897],[139.82108,35.74911],[139.82101,35.74931],[139.82095,35.74951],[139.82091,35.74971],[139.82088,35.74991],[139.82087,35.75]]}},{"type":"Feature","properties":{"tunnel":0},"geometry":{"type":"LineString","coordinates":[[139.82099,35.75],[139.821,35.74991],[139.82108,35.7495],[139.82112,35.74933],[139.82119,35.74915],[139.8213,35.74889],[139.82156,35.74833],[139.82185,35.7478],[139.82209,35.74738],[139.82259,35.74651]]}},{"type":"Feature","properties":{"tunnel":0},"geometry":{"type":"LineString","coordinates":[[139.82097,35.75097],[139.82096,35.75047],[139.82097,35.75016],[139.82099,35.75]]}},{"type":"Feature","properties":{"tunnel":0},"geometry":{"type":"LineString","coordinates":[[139.82087,35.75],[139.82086,35.75016],[139.82086,35.75055],[139.82087,35.75097]]}},{"type":"Feature","properties":{"tunnel":0},"geometry":{"type":"LineString","coordinates":[[139.82006,35.76026],[139.82003,35.7606],[139.82005,35.76088],[139.82008,35.76115],[139.82012,35.76136]]}},{"type":"Feature","properties":{"tunnel":0},"geometry":{"type":"LineString","coordinates":[[139.82012,35.76136],[139.82014,35.76151],[139.82023,35.76185]]}},{"type":"Feature","properties":{"tunnel":0},"geometry":{"type":"LineString","coordinates":[[139.82023,35.76185],[139.82052,35.76286],[139.82072,35.76361],[139.8208,35.7639],[139.82092,35.76434]]}},{"type":"Feature","properties":{"tunnel":0},"geometry":{"type":"LineString","coordinates":[[139.82006,35.76026],[139.82011,35.76022]]}},{"type":"Feature","properties":{"tunnel":0},"geometry":{"type":"LineString","coordinates":[[139.82003,35.75989],[139.82,35.76018],[139.82001,35.76023],[139.82006,35.76026]]}},{"type":"Feature","properties":{"tunnel":0},"geometry":{"type":"LineString","coordinates":[[139.82011,35.76022],[139.82014,35.76016],[139.82017,35.75989]]}},{"type":"Feature","properties":{"tunnel":0},"geometry":{"type":"LineString","coordinates":[[139.81892,35.75407],[139.81859,35.75407],[139.81814,35.75405],[139.81791,35.75404],[139.81757,35.75404],[139.8175,35.75404]]}},{"type":"Feature","properties":{"tunnel":0},"geometry":{"type":"LineString","coordinates":[[139.823,35.75199],[139.82299,35.75199],[139.82273,35.75202],[139.82231,35.75199]]}},{"type":"Feature","properties":{"tunnel":0},"geometry":{"type":"LineString","coordinates":[[139.82231,35.75199],[139.82221,35.75198],[139.82206,35.75196]]}},{"type":"Feature","properties":{"tunnel":0},"geometry":{"type":"LineString","coordinates":[[139.82084,35.7546],[139.82073,35.75523],[139.82069,35.75542],[139.82068,35.75543]]}},{"type":"Feature","properties":{"tunnel":0},"geometry":{"type":"LineString","coordinates":[[139.81892,35.75407],[139.81909,35.7541]]}},{"type":"Feature","properties":{"tunnel":0},"geometry":{"type":"LineString","coordinates":[[139.81929,35.75405],[139.81922,35.75406],[139.81892,35.75407]]}},{"type":"Feature","properties":{"tunnel":0},"geometry":{"type":"LineString","coordinates":[[139.82077,35.7554],[139.82073,35.75521],[139.82071,35.7551],[139.82068,35.75496],[139.82061,35.75478],[139.8205,35.75461],[139.82035,35.75446],[139.8202,35.75436]]}},{"type":"Feature","properties":{"tunnel":0},"geometry":{"type":"LineString","coordinates":[[139.81929,35.75405],[139.81956,35.75404],[139.81978,35.754],[139.81993,35.75395],[139.82005,35.75391],[139.8202,35.75383],[139.82035,35.75374],[139.82052,35.75362],[139.82063,35.75352],[139.82074,35.75337],[139.82089,35.75313],[139.82101,35.75261]]}},{"type":"Feature","properties":{"tunnel":0},"geometry":{"type":"LineString","coordinates":[[139.8208,35.75301],[139.82065,35.7533],[139.82055,35.75344],[139.82045,35.75355],[139.82023,35.75373],[139.82009,35.75381],[139.81998,35.75387],[139.81977,35.75394]]}},{"type":"Feature","properties":{"tunnel":0},"geometry":{"type":"LineString","coordinates":[[139.81977,35.75394],[139.81955,35.754],[139.81929,35.75405]]}},{"type":"Feature","properties":{"tunnel":0},"geometry":{"type":"LineString","coordinates":[[139.82092,35.75458],[139.82097,35.75421],[139.82105,35.75322],[139.82105,35.75313],[139.82104,35.75272],[139.82101,35.75261]]}},{"type":"Feature","properties":{"tunnel":0},"geometry":{"type":"LineString","coordinates":[[139.8202,35.75436],[139.82008,35.75429],[139.82,35.75426],[139.81968,35.75416],[139.81937,35.7541],[139.81909,35.7541]]}},{"type":"Feature","properties":{"tunnel":0},"geometry":{"type":"LineString","coordinates":[[139.82206,35.75196],[139.8219,35.75195],[139.82182,35.75195],[139.82173,35.75197],[139.82165,35.75197],[139.82153,35.75195],[139.82142,35.75191],[139.82127,35.7518],[139.82117,35.7517],[139.82114,35.75161],[139.8211,35.7515],[139.82098,35.75135]]}},{"type":"Feature","properties":{"tunnel":0},"geometry":{"type":"LineString","coordinates":[[139.82059,35.75543],[139.8206,35.75529],[139.82062,35.75512],[139.82058,35.75499],[139.82053,35.75485],[139.82042,35.7547],[139.82025,35.75452],[139.82012,35.75441],[139.81996,35.75432],[139.81974,35.75423],[139.81953,35.75418],[139.81931,35.75414],[139.81909,35.7541]]}},{"type":"Feature","properties":{"tunnel":0},"geometry":{"type":"LineString","coordinates":[[139.82098,35.75135],[139.82097,35.75097]]}},{"type":"Feature","properties":{"tunnel":0},"geometry":{"type":"LineString","coordinates":[[139.82101,35.75261],[139.821,35.75252],[139.82098,35.75175],[139.82098,35.75135]]}},{"type":"Feature","properties":{"tunnel":0},"geometry":{"type":"LineString","coordinates":[[139.82076,35.75543],[139.82077,35.7554]]}},{"type":"Feature","properties":{"tunnel":0},"geometry":{"type":"LineString","coordinates":[[139.82088,35.75269],[139.82085,35.75285],[139.8208,35.75301]]}},{"type":"Feature","properties":{"tunnel":0},"geometry":{"type":"LineString","coordinates":[[139.82087,35.75097],[139.82087,35.75145],[139.82088,35.75174],[139.82088,35.75245],[139.82088,35.75269]]}},{"type":"Feature","properties":{"tunnel":0},"geometry":{"type":"LineString","coordinates":[[139.82088,35.75269],[139.82091,35.75285],[139.8209,35.75308],[139.8209,35.7539]]}},{"type":"Feature","properties":{"tunnel":0},"geometry":{"type":"LineString","coordinates":[[139.82077,35.7554],[139.8208,35.75527]]}},{"type":"Feature","properties":{"tunnel":0},"geometry":{"type":"LineString","coordinates":[[139.8209,35.7539],[139.82084,35.7546]]}},{"type":"Feature","properties":{"tunnel":0},"geometry":{"type":"LineString","coordinates":[[139.8208,35.75527],[139.82083,35.75512],[139.82092,35.75458]]}},{"type":"Feature","properties":{"tunnel":0},"geometry":{"type":"LineString","coordinates":[[139.82068,35.75543],[139.82061,35.75553],[139.82059,35.7556],[139.82057,35.75567]]}},{"type":"Feature","properties":{"tunnel":0},"geometry":{"type":"LineString","coordinates":[[139.82057,35.75567],[139.82059,35.75547],[139.82059,35.75543]]}},{"type":"Feature","properties":{"tunnel":0},"geometry":{"type":"LineString","coordinates":[[139.82057,35.75567],[139.8205,35.75594],[139.82044,35.75637],[139.82035,35.75722],[139.82026,35.75799],[139.82022,35.75833]]}},{"type":"Feature","properties":{"tunnel":0},"geometry":{"type":"LineString","coordinates":[[139.82033,35.75833],[139.82041,35.75748],[139.82048,35.75688],[139.82062,35.75602],[139.82066,35.75583],[139.82071,35.75557],[139.82076,35.75543]]}},{"type":"Feature","properties":{"tunnel":0},"geometry":{"type":"LineString","coordinates":[[139.82022,35.75833],[139.82008,35.75949],[139.82003,35.75989]]}},{"type":"Feature","properties":{"tunnel":0},"geometry":{"type":"LineString","coordinates":[[139.82017,35.75989],[139.82033,35.75833]]}},{"type":"Feature","properties":{"tunnel":0},"geometry":{"type":"LineString","coordinates":[[139.823,35.772],[139.82299,35.77201],[139.82298,35.77207],[139.82298,35.77214],[139.823,35.7722]]}},{"type":"Feature","properties":{"tunnel":0},"geometry":{"type":"LineString","coordinates":[[139.823,35.7718],[139.82215,35.7688]]}},{"type":"Feature","properties":{"tunnel":0},"geometry":{"type":"LineString","coordinates":[[139.82092,35.76434],[139.821,35.76463],[139.8211,35.76498],[139.8212,35.76531],[139.82149,35.76643]]}},{"type":"Feature","properties":{"tunnel":0},"geometry":{"type":"LineString","coordinates":[[139.82156,35.76667],[139.82149,35.76643]]}},{"type":"Feature","properties":{"tunnel":0},"geometry":{"type":"LineString","coordinates":[[139.82215,35.7688],[139.82156,35.76667]]}},{"type":"Feature","properties":{"tunnel":0},"geometry":{"type":"LineString","coordinates":[[139.81486,35.64516],[139.8145,35.64506],[139.81431,35.64504],[139.81419,35.64503],[139.81404,35.64504],[139.8138,35.64506],[139.81355,35.64512],[139.81333,35.64521],[139.81312,35.64534],[139.81297,35.64549]]}},{"type":"Feature","properties":{"tunnel":0},"geometry":{"type":"LineString","coordinates":[[139.81667,35.64534],[139.81638,35.64526]]}},{"type":"Feature","properties":{"tunnel":0},"geometry":{"type":"LineString","coordinates":[[139.81501,35.6452],[139.81486,35.64516]]}},{"type":"Feature","properties":{"tunnel":0},"geometry":{"type":"LineString","coordinates":[[139.8163,35.64561],[139.81667,35.6457]]}},{"type":"Feature","properties":{"tunnel":0},"geometry":{"type":"LineString","coordinates":[[139.81483,35.64476],[139.81525,35.64489]]}},{"type":"Feature","properties":{"tunnel":0},"geometry":{"type":"LineString","coordinates":[[139.81317,35.6449],[139.81335,35.64479],[139.81361,35.6447],[139.81377,35.64466],[139.81391,35.64464],[139.81417,35.64463],[139.81435,35.64465],[139.81459,35.6447],[139.81483,35.64476]]}},{"type":"Feature","properties":{"tunnel":0},"geometry":{"type":"LineString","coordinates":[[139.81525,35.64489],[139.81586,35.6451]]}},{"type":"Feature","properties":{"tunnel":0},"geometry":{"type":"LineString","coordinates":[[139.81591,35.64549],[139.8163,35.64561]]}},{"type":"Feature","properties":{"tunnel":0},"geometry":{"type":"LineString","coordinates":[[139.81591,35.64549],[139.8151,35.64523],[139.81501,35.6452]]}},{"type":"Feature","properties":{"tunnel":0},"geometry":{"type":"LineString","coordinates":[[139.81586,35.6451],[139.81638,35.64526]]}},{"type":"Feature","properties":{"tunnel":0},"geometry":{"type":"LineString","coordinates":[[139.81201,35.64401],[139.81219,35.64416],[139.81235,35.64435],[139.81247,35.64453],[139.81254,35.64471],[139.81258,35.64483],[139.81261,35.64508],[139.8126,35.64539],[139.81251,35.64622]]}},{"type":"Feature","properties":{"tunnel":0},"geometry":{"type":"LineString","coordinates":[[139.81241,35.64638],[139.81256,35.6459],[139.81263,35.64564],[139.81274,35.64535],[139.81292,35.64509],[139.81311,35.64494],[139.81317,35.6449]]}},{"type":"Feature","properties":{"tunnel":0},"geometry":{"type":"LineString","coordinates":[[139.81249,35.64524],[139.8125,35.64541],[139.81243,35.6459],[139.81241,35.64638]]}},{"type":"Feature","properties":{"tunnel":0},"geometry":{"type":"LineString","coordinates":[[139.81655,35.64548],[139.81667,35.64551]]}},{"type":"Feature","properties":{"tunnel":0},"geometry":{"type":"LineString","coordinates":[[139.81201,35.64404],[139.81408,35.64471]]}},{"type":"Feature","properties":{"tunnel":0},"geometry":{"type":"LineString","coordinates":[[139.81408,35.64471],[139.81426,35.64477]]}},{"type":"Feature","properties":{"tunnel":0},"geometry":{"type":"LineString","coordinates":[[139.81426,35.64477],[139.81503,35.64501]]}},{"type":"Feature","properties":{"tunnel":1},"geometry":{"type":"LineString","coordinates":[[139.81503,35.64501],[139.81655,35.64548]]}},{"type":"Feature","properties":{"tunnel":0},"geometry":{"type":"LineString","coordinates":[[139.81297,35.64549],[139.81282,35.64568],[139.81267,35.646],[139.81255,35.64654],[139.81224,35.64801]]}},{"type":"Feature","properties":{"tunnel":0},"geometry":{"type":"LineString","coordinates":[[139.81225,35.64726],[139.8124,35.64648]]}},{"type":"Feature","properties":{"tunnel":0},"geometry":{"type":"LineString","coordinates":[[139.81224,35.64801],[139.81218,35.64805]]}},{"type":"Feature","properties":{"tunnel":0},"geometry":{"type":"LineString","coordinates":[[139.81218,35.64805],[139.81214,35.64837]]}},{"type":"Feature","properties":{"tunnel":0},"geometry":{"type":"LineString","coordinates":[[139.81225,35.64726],[139.81214,35.648]]}},{"type":"Feature","properties":{"tunnel":0},"geometry":{"type":"LineString","coordinates":[[139.81214,35.648],[139.81218,35.64805]]}},{"type":"Feature","properties":{"tunnel":0},"geometry":{"type":"LineString","coordinates":[[139.81201,35.64434],[139.81207,35.64437],[139.8123,35.64463],[139.81239,35.64477],[139.81245,35.64499],[139.81249,35.64524]]}},{"type":"Feature","properties":{"tunnel":0},"geometry":{"type":"LineString","coordinates":[[139.81251,35.64622],[139.81246,35.64639]]}},{"type":"Feature","properties":{"tunnel":0},"geometry":{"type":"LineString","coordinates":[[139.8124,35.64648],[139.81241,35.64638]]}},{"type":"Feature","properties":{"tunnel":0},"geometry":{"type":"LineString","coordinates":[[139.81668,35.64534],[139.81667,35.64534]]}},{"type":"Feature","properties":{"tunnel":0},"geometry":{"type":"LineString","coordinates":[[139.81698,35.64541],[139.81668,35.64534]]}},{"type":"Feature","properties":{"tunnel":0},"geometry":{"type":"LineString","coordinates":[[139.81667,35.6457],[139.81668,35.64571]]}},{"type":"Feature","properties":{"tunnel":0},"geometry":{"type":"LineString","coordinates":[[139.81668,35.64571],[139.81687,35.64575]]}},{"type":"Feature","properties":{"tunnel":0},"geometry":{"type":"LineString","coordinates":[[139.8175,35.64551],[139.81732,35.64548],[139.81698,35.64541]]}},{"type":"Feature","properties":{"tunnel":0},"geometry":{"type":"LineString","coordinates":[[139.81667,35.64551],[139.81678,35.64554]]}},{"type":"Feature","properties":{"tunnel":0},"geometry":{"type":"LineString","coordinates":[[139.81678,35.64554],[139.81692,35.64558],[139.81718,35.64563],[139.8175,35.64568]]}},{"type":"Feature","properties":{"tunnel":0},"geometry":{"type":"LineString","coordinates":[[139.81687,35.64575],[139.81701,35.64579],[139.81739,35.64586],[139.8175,35.64587]]}},{"type":"Feature","properties":{"tunnel":0},"geometry":{"type":"LineString","coordinates":[[139.81214,35.64837],[139.81201,35.64917]]}},{"type":"Feature","properties":{"tunnel":0},"geometry":{"type":"LineString","coordinates":[[139.81525,35.6932],[139.81546,35.69321]]}},{"type":"Feature","properties":{"tunnel":0},"geometry":{"type":"LineString","coordinates":[[139.81667,35.69303],[139.81603,35.69299]]}},{"type":"Feature","properties":{"tunnel":0},"geometry":{"type":"LineString","coordinates":[[139.81546,35.69321],[139.8157,35.69322],[139.81667,35.69327]]}},{"type":"Feature","properties":{"tunnel":0},"geometry":{"type":"LineString","coordinates":[[139.81507,35.69319],[139.81525,35.6932]]}},{"type":"Feature","properties":{"tunnel":0},"geometry":{"type":"LineString","coordinates":[[139.81244,35.69299],[139.8125,35.69302],[139.81507,35.69319]]}},{"type":"Feature","properties":{"tunnel":0},"geometry":{"type":"LineString","coordinates":[[139.81667,35.69315],[139.81666,35.69315],[139.81434,35.69303],[139.81368,35.69299]]}},{"type":"Feature","properties":{"tunnel":0},"geometry":{"type":"LineString","coordinates":[[139.8175,35.69308],[139.81667,35.69303]]}},{"type":"Feature","properties":{"tunnel":0},"geometry":{"type":"LineString","coordinates":[[139.81667,35.69327],[139.81738,35.6933],[139.8175,35.69331]]}},{"type":"Feature","properties":{"tunnel":0},"geometry":{"type":"LineString","coordinates":[[139.8175,35.69319],[139.81667,35.69315]]}},{"type":"Feature","properties":{"tunnel":0},"geometry":{"type":"LineString","coordinates":[[139.81508,35.69294],[139.81252,35.69286],[139.81224,35.69292]]}},{"type":"Feature","properties":{"tunnel":0},"geometry":{"type":"LineString","coordinates":[[139.81528,35.69295],[139.81508,35.69294]]}},{"type":"Feature","properties":{"tunnel":0},"geometry":{"type":"LineString","coordinates":[[139.81603,35.69299],[139.81546,35.69296]]}},{"type":"Feature","properties":{"tunnel":0},"geometry":{"type":"LineString","coordinates":[[139.81546,35.69296],[139.81528,35.69295]]}},{"type":"Feature","properties":{"tunnel":0},"geometry":{"type":"LineString","coordinates":[[139.81224,35.69292],[139.81201,35.69291]]}},{"type":"Feature","properties":{"tunnel":0},"geometry":{"type":"LineString","coordinates":[[139.81224,35.69292],[139.81244,35.69299]]}},{"type":"Feature","properties":{"tunnel":0},"geometry":{"type":"LineString","coordinates":[[139.81368,35.69299],[139.81272,35.69295]]}},{"type":"Feature","properties":{"tunnel":0},"geometry":{"type":"LineString","coordinates":[[139.81272,35.69295],[139.81224,35.69292]]}},{"type":"Feature","properties":{"tunnel":0},"geometry":{"type":"LineString","coordinates":[[139.8126,35.72342],[139.81201,35.72335]]}},{"type":"Feature","properties":{"tunnel":0},"geometry":{"type":"LineString","coordinates":[[139.81201,35.72639],[139.81288,35.72625]]}},{"type":"Feature","properties":{"tunnel":0},"geometry":{"type":"LineString","coordinates":[[139.81272,35.73314],[139.81286,35.73328],[139.81292,35.73333]]}},{"type":"Feature","properties":{"tunnel":0},"geometry":{"type":"LineString","coordinates":[[139.81269,35.73333],[139.81259,35.73322],[139.81252,35.73314]]}},{"type":"Feature","properties":{"tunnel":0},"geometry":{"type":"LineString","coordinates":[[139.81308,35.73333],[139.81298,35.73323],[139.81289,35.73314]]}},{"type":"Feature","properties":{"tunnel":0},"geometry":{"type":"LineString","coordinates":[[139.81491,35.7354],[139.81537,35.73623],[139.81554,35.73661],[139.81565,35.737],[139.81567,35.7372],[139.8157,35.73748],[139.81569,35.7376]]}},{"type":"Feature","properties":{"tunnel":0},"geometry":{"type":"LineString","coordinates":[[139.81292,35.73333],[139.81308,35.73349],[139.81339,35.73377],[139.81396,35.73427],[139.81419,35.73449],[139.81441,35.73472],[139.81463,35.73499],[139.81491,35.7354]]}},{"type":"Feature","properties":{"tunnel":0},"geometry":{"type":"LineString","coordinates":[[139.81578,35.7376],[139.81579,35.73746],[139.81578,35.73732],[139.81576,35.73713],[139.81571,35.73691],[139.81567,35.73675],[139.81561,35.73656],[139.81547,35.73624],[139.81524,35.73578]]}},{"type":"Feature","properties":{"tunnel":0},"geometry":{"type":"LineString","coordinates":[[139.81524,35.73578],[139.81507,35.73547]]}},{"type":"Feature","properties":{"tunnel":0},"geometry":{"type":"LineString","coordinates":[[139.81553,35.7376],[139.81553,35.73745],[139.81553,35.73721],[139.81549,35.73704],[139.81541,35.73674],[139.81528,35.73641],[139.81514,35.73614],[139.8149,35.73567],[139.81477,35.73546],[139.81463,35.73524],[139.8145,35.73507],[139.8141,35.73464],[139.81389,35.73444],[139.81364,35.73422],[139.81312,35.73375],[139.81274,35.73339],[139.81269,35.73333]]}},{"type":"Feature","properties":{"tunnel":0},"geometry":{"type":"LineString","coordinates":[[139.81479,35.73503],[139.81474,35.73496],[139.81462,35.73479],[139.81446,35.73461],[139.81429,35.73444],[139.81418,35.73433],[139.81394,35.73412],[139.81336,35.7336],[139.81308,35.73333]]}},{"type":"Feature","properties":{"tunnel":0},"geometry":{"type":"LineString","coordinates":[[139.81507,35.73547],[139.81504,35.73541],[139.81479,35.73503]]}},{"type":"Feature","properties":{"tunnel":0},"geometry":{"type":"LineString","coordinates":[[139.81278,35.73301],[139.8126,35.73278],[139.81244,35.73256],[139.8123,35.73232],[139.81201,35.73172]]}},{"type":"Feature","properties":{"tunnel":0},"geometry":{"type":"LineString","coordinates":[[139.81201,35.73202],[139.81213,35.73226],[139.81229,35.73254]]}},{"type":"Feature","properties":{"tunnel":0},"geometry":{"type":"LineString","coordinates":[[139.81229,35.73254],[139.81246,35.73281],[139.81261,35.73302],[139.81272,35.73314]]}},{"type":"Feature","properties":{"tunnel":0},"geometry":{"type":"LineString","coordinates":[[139.81252,35.73314],[139.81236,35.73294],[139.81218,35.73264],[139.81201,35.73228]]}},{"type":"Feature","properties":{"tunnel":0},"geometry":{"type":"LineString","coordinates":[[139.81289,35.73314],[139.81278,35.73301]]}},{"type":"Feature","properties":{"tunnel":0},"geometry":{"type":"LineString","coordinates":[[139.81667,35.75428],[139.8165,35.7544],[139.8162,35.75463],[139.8155,35.75527],[139.81534,35.75543]]}},{"type":"Feature","properties":{"tunnel":0},"geometry":{"type":"LineString","coordinates":[[139.81674,35.75424],[139.81667,35.75427],[139.81667,35.75428]]}},{"type":"Feature","properties":{"tunnel":0},"geometry":{"type":"LineString","coordinates":[[139.8175,35.75404],[139.8173,35.75406],[139.81711,35.7541],[139.81699,35.75414],[139.81693,35.75416],[139.81684,35.7542],[139.81674,35.75424]]}},{"type":"Feature","properties":{"tunnel":0},"geometry":{"type":"LineString","coordinates":[[139.81569,35.7376],[139.81569,35.73788]]}},{"type":"Feature","properties":{"tunnel":0},"geometry":{"type":"LineString","coordinates":[[139.81569,35.73788],[139.81567,35.73806],[139.81559,35.73877],[139.81559,35.73891]]}},{"type":"Feature","properties":{"tunnel":0},"geometry":{"type":"LineString","coordinates":[[139.81559,35.73891],[139.81557,35.73907]]}},{"type":"Feature","properties":{"tunnel":0},"geometry":{"type":"LineString","coordinates":[[139.81557,35.73907],[139.81549,35.73899],[139.81544,35.73887],[139.81544,35.73867]]}},{"type":"Feature","properties":{"tunnel":0},"geometry":{"type":"LineString","coordinates":[[139.81557,35.73907],[139.81565,35.73899],[139.81568,35.73892],[139.81569,35.73881]]}},{"type":"Feature","properties":{"tunnel":0},"geometry":{"type":"LineString","coordinates":[[139.81577,35.73791],[139.81578,35.73765],[139.81578,35.7376]]}},{"type":"Feature","properties":{"tunnel":0},"geometry":{"type":"LineString","coordinates":[[139.81544,35.73867],[139.81548,35.73812],[139.81553,35.73771],[139.81553,35.7376]]}},{"type":"Feature","properties":{"tunnel":0},"geometry":{"type":"LineString","coordinates":[[139.81569,35.73881],[139.81571,35.73849],[139.81577,35.73791]]}},{"type":"Feature","properties":{"tunnel":0},"geometry":{"type":"LineString","coordinates":[[139.8156,35.73931],[139.81562,35.73944],[139.81567,35.73958],[139.81572,35.73973],[139.81582,35.73992],[139.81593,35.7401],[139.81607,35.7403],[139.81661,35.74104]]}},{"type":"Feature","properties":{"tunnel":0},"geometry":{"type":"LineString","coordinates":[[139.81557,35.73907],[139.8156,35.73931]]}},{"type":"Feature","properties":{"tunnel":0},"geometry":{"type":"LineString","coordinates":[[139.81667,35.74106],[139.81661,35.74104]]}},{"type":"Feature","properties":{"tunnel":0},"geometry":{"type":"LineString","coordinates":[[139.81667,35.74122],[139.81662,35.74115],[139.81661,35.74104]]}},{"type":"Feature","properties":{"tunnel":0},"geometry":{"type":"LineString","coordinates":[[139.81719,35.74166],[139.81705,35.74148],[139.81681,35.74117],[139.81673,35.7411],[139.81667,35.74106]]}},{"type":"Feature","properties":{"tunnel":0},"geometry":{"type":"LineString","coordinates":[[139.81702,35.74167],[139.81695,35.74159],[139.81686,35.74147],[139.81669,35.74126],[139.81667,35.74122]]}},{"type":"Feature","properties":{"tunnel":0},"geometry":{"type":"LineString","coordinates":[[139.8172,35.74167],[139.81719,35.74166]]}},{"type":"Feature","properties":{"tunnel":0},"geometry":{"type":"LineString","coordinates":[[139.81749,35.74205],[139.81738,35.74199],[139.81726,35.7419],[139.81714,35.74179],[139.81705,35.74171],[139.81702,35.74167]]}},{"type":"Feature","properties":{"tunnel":0},"geometry":{"type":"LineString","coordinates":[[139.8175,35.74192],[139.81746,35.74189],[139.81731,35.74176],[139.8172,35.74167]]}},{"type":"Feature","properties":{"tunnel":0},"geometry":{"type":"LineString","coordinates":[[139.8175,35.74206],[139.81749,35.74205]]}},{"type":"Feature","properties":{"tunnel":0},"geometry":{"type":"LineString","coordinates":[[139.81534,35.75543],[139.81483,35.7559],[139.81432,35.75637],[139.81375,35.75685],[139.81335,35.75718]]}},{"type":"Feature","properties":{"tunnel":0},"geometry":{"type":"LineString","coordinates":[[139.81335,35.75718],[139.81304,35.75741],[139.81264,35.75771],[139.81238,35.75789]]}},{"type":"Feature","properties":{"tunnel":0},"geometry":{"type":"LineString","coordinates":[[139.81238,35.75789],[139.81231,35.75794]]}},{"type":"Feature","properties":{"tunnel":0},"geometry":{"type":"LineString","coordinates":[[139.81231,35.75794],[139.81229,35.75795]]}},{"type":"Feature","properties":{"tunnel":0},"geometry":{"type":"LineString","coordinates":[[139.81229,35.75795],[139.81201,35.75813]]}},{"type":"Feature","properties":{"tunnel":0},"geometry":{"type":"LineString","coordinates":[[139.80833,35.64305],[139.80802,35.64295],[139.80652,35.64247]]}},{"type":"Feature","properties":{"tunnel":0},"geometry":{"type":"LineString","coordinates":[[139.80833,35.64266],[139.80652,35.64209]]}},{"type":"Feature","properties":{"tunnel":0},"geometry":{"type":"LineString","coordinates":[[139.80652,35.64227],[139.80833,35.64285],[139.80833,35.64285]]}},{"type":"Feature","properties":{"tunnel":0},"geometry":{"type":"LineString","coordinates":[[139.80997,35.64358],[139.8088,35.6432],[139.80833,35.64305]]}},{"type":"Feature","properties":{"tunnel":0},"geometry":{"type":"LineString","coordinates":[[139.80833,35.64285],[139.80834,35.64285],[139.8088,35.643]]}},{"type":"Feature","properties":{"tunnel":0},"geometry":{"type":"LineString","coordinates":[[139.80836,35.64267],[139.80833,35.64266]]}},{"type":"Feature","properties":{"tunnel":0},"geometry":{"type":"LineString","coordinates":[[139.8094,35.64301],[139.80892,35.64285],[139.80836,35.64267]]}},{"type":"Feature","properties":{"tunnel":0},"geometry":{"type":"LineString","coordinates":[[139.8094,35.64301],[139.81057,35.64338]]}},{"type":"Feature","properties":{"tunnel":0},"geometry":{"type":"LineString","coordinates":[[139.81081,35.64365],[139.8116,35.64391]]}},{"type":"Feature","properties":{"tunnel":1},"geometry":{"type":"LineString","coordinates":[[139.81081,35.64365],[139.80987,35.64335],[139.80917,35.64313],[139.8088,35.643]]}},{"type":"Feature","properties":{"tunnel":0},"geometry":{"type":"LineString","coordinates":[[139.81057,35.64338],[139.81081,35.64346],[139.81099,35.64352],[139.81138,35.64365],[139.81149,35.6437],[139.8116,35.64375],[139.81189,35.64391]]}},{"type":"Feature","properties":{"tunnel":0},"geometry":{"type":"LineString","coordinates":[[139.80997,35.64358],[139.81099,35.64391]]}},{"type":"Feature","properties":{"tunnel":0},"geometry":{"type":"LineString","coordinates":[[139.81201,35.64917],[139.81197,35.64944],[139.81189,35.65]]}},{"type":"Feature","properties":{"tunnel":0},"geometry":{"type":"LineString","coordinates":[[139.81189,35.65],[139.81188,35.65002]]}},{"type":"Feature","properties":{"tunnel":0},"geometry":{"type":"LineString","coordinates":[[139.81188,35.65002],[139.81157,35.65216],[139.81151,35.65266],[139.81148,35.65283]]}},{"type":"Feature","properties":{"tunnel":0},"geometry":{"type":"LineString","coordinates":[[139.81189,35.64391],[139.81201,35.64401]]}},{"type":"Feature","properties":{"tunnel":0},"geometry":{"type":"LineString","coordinates":[[139.8116,35.64391],[139.81196,35.64402],[139.81201,35.64404]]}},{"type":"Feature","properties":{"tunnel":0},"geometry":{"type":"LineString","coordinates":[[139.81189,35.64391],[139.81189,35.64391]]}},{"type":"Feature","properties":{"tunnel":0},"geometry":{"type":"LineString","coordinates":[[139.81099,35.64391],[139.81145,35.64405],[139.81184,35.64423],[139.81201,35.64434]]}},{"type":"Feature","properties":{"tunnel":0},"geometry":{"type":"LineString","coordinates":[[139.80824,35.65874],[139.8077,35.6593],[139.80746,35.6596],[139.80694,35.66053],[139.80669,35.66098],[139.80652,35.66125]]}},{"type":"Feature","properties":{"tunnel":0},"geometry":{"type":"LineString","coordinates":[[139.80833,35.65864],[139.80824,35.65874]]}},{"type":"Feature","properties":{"tunnel":0},"geometry":{"type":"LineString","coordinates":[[139.80652,35.6595],[139.80658,35.65951],[139.8068,35.65952],[139.807,35.65952],[139.8071,35.65951],[139.80721,35.65948],[139.80729,35.65944],[139.8074,35.65938],[139.80748,35.65932],[139.80772,35.65909],[139.8079,35.65892],[139.80807,35.65879],[139.80818,35.65873],[139.80824,35.65874]]}},{"type":"Feature","properties":{"tunnel":0},"geometry":{"type":"LineString","coordinates":[[139.80966,35.6573],[139.80864,35.65833]]}},{"type":"Feature","properties":{"tunnel":0},"geometry":{"type":"LineString","coordinates":[[139.80864,35.65833],[139.80833,35.65864]]}},{"type":"Feature","properties":{"tunnel":0},"geometry":{"type":"LineString","coordinates":[[139.81148,35.65283],[139.8114,35.65331],[139.81131,35.65394],[139.81121,35.65464],[139.81116,35.65495],[139.81111,35.65523],[139.81098,35.65566],[139.81086,35.6559],[139.81077,35.65607],[139.81062,35.65628],[139.81036,35.65657]]}},{"type":"Feature","properties":{"tunnel":0},"geometry":{"type":"LineString","coordinates":[[139.81036,35.65657],[139.80993,35.657],[139.80975,35.65721],[139.80966,35.6573]]}},{"type":"Feature","properties":{"tunnel":0},"geometry":{"type":"LineString","coordinates":[[139.80833,35.69272],[139.80652,35.69263]]}},{"type":"Feature","properties":{"tunnel":0},"geometry":{"type":"LineString","coordinates":[[139.81201,35.69291],[139.81049,35.69283]]}},{"type":"Feature","properties":{"tunnel":0},"geometry":{"type":"LineString","coordinates":[[139.80841,35.69273],[139.80833,35.69272]]}},{"type":"Feature","properties":{"tunnel":0},"geometry":{"type":"LineString","coordinates":[[139.81049,35.69283],[139.80841,35.69273]]}},{"type":"Feature","properties":{"tunnel":0},"geometry":{"type":"LineString","coordinates":[[139.81201,35.72335],[139.81194,35.72335],[139.81159,35.72331],[139.81126,35.72332]]}},{"type":"Feature","properties":{"tunnel":0},"geometry":{"type":"LineString","coordinates":[[139.81126,35.72332],[139.811,35.72335],[139.81085,35.7234],[139.81074,35.72347],[139.81064,35.72356],[139.81058,35.72365],[139.81054,35.72377],[139.81053,35.72389],[139.81053,35.72401]]}},{"type":"Feature","properties":{"tunnel":0},"geometry":{"type":"LineString","coordinates":[[139.81037,35.72169],[139.81026,35.72171],[139.81013,35.72169],[139.81003,35.72165],[139.80993,35.72158],[139.80986,35.72149],[139.80982,35.72138],[139.80952,35.72014]]}},{"type":"Feature","properties":{"tunnel":0},"geometry":{"type":"LineString","coordinates":[[139.81041,35.72422],[139.81032,35.72388]]}},{"type":"Feature","properties":{"tunnel":0},"geometry":{"type":"LineString","coordinates":[[139.80957,35.721],[139.80931,35.71988]]}},{"type":"Feature","properties":{"tunnel":0},"geometry":{"type":"LineString","coordinates":[[139.81032,35.72388],[139.80957,35.721]]}},{"type":"Feature","properties":{"tunnel":0},"geometry":{"type":"LineString","coordinates":[[139.81053,35.72401],[139.81054,35.72418],[139.81054,35.72422]]}},{"type":"Feature","properties":{"tunnel":0},"geometry":{"type":"LineString","coordinates":[[139.81032,35.72388],[139.81027,35.72396],[139.81024,35.72405],[139.81024,35.72418]]}},{"type":"Feature","properties":{"tunnel":0},"geometry":{"type":"LineString","coordinates":[[139.80952,35.72014],[139.80947,35.72003],[139.80939,35.71993],[139.80931,35.71988]]}},{"type":"Feature","properties":{"tunnel":0},"geometry":{"type":"LineString","coordinates":[[139.80957,35.721],[139.80948,35.72097],[139.80939,35.72087],[139.80929,35.72054]]}},{"type":"Feature","properties":{"tunnel":0},"geometry":{"type":"LineString","coordinates":[[139.80929,35.72054],[139.80908,35.71976]]}},{"type":"Feature","properties":{"tunnel":0},"geometry":{"type":"LineString","coordinates":[[139.80931,35.71988],[139.80928,35.71976]]}},{"type":"Feature","properties":{"tunnel":0},"geometry":{"type":"LineString","coordinates":[[139.81024,35.72418],[139.81025,35.72422]]}},{"type":"Feature","properties":{"tunnel":0},"geometry":{"type":"LineString","coordinates":[[139.8075,35.71667],[139.80743,35.71658],[139.80689,35.71601],[139.80652,35.71564]]}},{"type":"Feature","properties":{"tunnel":0},"geometry":{"type":"LineString","coordinates":[[139.80774,35.71694],[139.8075,35.71667]]}},{"type":"Feature","properties":{"tunnel":0},"geometry":{"type":"LineString","coordinates":[[139.80833,35.7177],[139.80828,35.71762],[139.8078,35.71701]]}},{"type":"Feature","properties":{"tunnel":0},"geometry":{"type":"LineString","coordinates":[[139.8078,35.71701],[139.80774,35.71694]]}},{"type":"Feature","properties":{"tunnel":0},"geometry":{"type":"LineString","coordinates":[[139.80853,35.71796],[139.80833,35.7177]]}},{"type":"Feature","properties":{"tunnel":0},"geometry":{"type":"LineString","coordinates":[[139.80876,35.71839],[139.80874,35.71859]]}},{"type":"Feature","properties":{"tunnel":0},"geometry":{"type":"LineString","coordinates":[[139.80874,35.71859],[139.80875,35.71875],[139.80899,35.71943]]}},{"type":"Feature","properties":{"tunnel":0},"geometry":{"type":"LineString","coordinates":[[139.80908,35.71976],[139.80899,35.71943]]}},{"type":"Feature","properties":{"tunnel":0},"geometry":{"type":"LineString","coordinates":[[139.80928,35.71976],[139.80919,35.7194],[139.8091,35.71915],[139.809,35.7189],[139.80853,35.71796]]}},{"type":"Feature","properties":{"tunnel":0},"geometry":{"type":"LineString","coordinates":[[139.81201,35.73172],[139.812,35.73169]]}},{"type":"Feature","properties":{"tunnel":0},"geometry":{"type":"LineString","coordinates":[[139.81185,35.73171],[139.81201,35.73202]]}},{"type":"Feature","properties":{"tunnel":0},"geometry":{"type":"LineString","coordinates":[[139.81169,35.73161],[139.81167,35.73153],[139.8117,35.73138]]}},{"type":"Feature","properties":{"tunnel":0},"geometry":{"type":"LineString","coordinates":[[139.812,35.73169],[139.81193,35.7316],[139.81178,35.73155]]}},{"type":"Feature","properties":{"tunnel":0},"geometry":{"type":"LineString","coordinates":[[139.81185,35.73171],[139.81178,35.73155]]}},{"type":"Feature","properties":{"tunnel":0},"geometry":{"type":"LineString","coordinates":[[139.81148,35.73091],[139.81134,35.73054],[139.81122,35.73017],[139.81116,35.72996],[139.81105,35.72938],[139.81099,35.72895],[139.81096,35.72868]]}},{"type":"Feature","properties":{"tunnel":0},"geometry":{"type":"LineString","coordinates":[[139.81201,35.73228],[139.81169,35.73161]]}},{"type":"Feature","properties":{"tunnel":0},"geometry":{"type":"LineString","coordinates":[[139.81178,35.73155],[139.8117,35.73138]]}},{"type":"Feature","properties":{"tunnel":0},"geometry":{"type":"LineString","coordinates":[[139.8117,35.73138],[139.81163,35.73124],[139.81148,35.73091]]}},{"type":"Feature","properties":{"tunnel":0},"geometry":{"type":"LineString","coordinates":[[139.81044,35.72437],[139.81041,35.72422]]}},{"type":"Feature","properties":{"tunnel":0},"geometry":{"type":"LineString","coordinates":[[139.81054,35.72422],[139.81053,35.72427],[139.81044,35.72437]]}},{"type":"Feature","properties":{"tunnel":0},"geometry":{"type":"LineString","coordinates":[[139.81025,35.72422],[139.81036,35.725]]}},{"type":"Feature","properties":{"tunnel":0},"geometry":{"type":"LineString","coordinates":[[139.81053,35.725],[139.81049,35.72464],[139.81044,35.72437]]}},{"type":"Feature","properties":{"tunnel":0},"geometry":{"type":"LineString","coordinates":[[139.81058,35.7262],[139.81063,35.72625],[139.81071,35.72632],[139.8108,35.72639],[139.81091,35.72644],[139.81106,35.72648],[139.81122,35.72649],[139.81141,35.72648],[139.81201,35.72639]]}},{"type":"Feature","properties":{"tunnel":0},"geometry":{"type":"LineString","coordinates":[[139.81036,35.725],[139.81048,35.7259],[139.81052,35.72607],[139.81058,35.7262]]}},{"type":"Feature","properties":{"tunnel":0},"geometry":{"type":"LineString","coordinates":[[139.81071,35.72657],[139.81053,35.725]]}},{"type":"Feature","properties":{"tunnel":0},"geometry":{"type":"LineString","coordinates":[[139.81096,35.72868],[139.81095,35.72856]]}},{"type":"Feature","properties":{"tunnel":0},"geometry":{"type":"LineString","coordinates":[[139.8109,35.72811],[139.81071,35.72657]]}},{"type":"Feature","properties":{"tunnel":0},"geometry":{"type":"LineString","coordinates":[[139.81095,35.72856],[139.8109,35.72811]]}},{"type":"Feature","properties":{"tunnel":0},"geometry":{"type":"LineString","coordinates":[[139.81196,35.75816],[139.81169,35.75833]]}},{"type":"Feature","properties":{"tunnel":0},"geometry":{"type":"LineString","coordinates":[[139.81201,35.75813],[139.81196,35.75816]]}},{"type":"Feature","properties":{"tunnel":0},"geometry":{"type":"LineString","coordinates":[[139.81158,35.75841],[139.8109,35.75881]]}},{"type":"Feature","properties":{"tunnel":0},"geometry":{"type":"LineString","coordinates":[[139.80936,35.75955],[139.80925,35.7597],[139.80902,35.75981],[139.80882,35.75989]]}},{"type":"Feature","properties":{"tunnel":0},"geometry":{"type":"LineString","coordinates":[[139.80986,35.7594],[139.80976,35.75954],[139.80932,35.75979]]}},{"type":"Feature","properties":{"tunnel":0},"geometry":{"type":"LineString","coordinates":[[139.80859,35.75989],[139.809,35.75971],[139.80936,35.75955]]}},{"type":"Feature","properties":{"tunnel":0},"geometry":{"type":"LineString","coordinates":[[139.80932,35.75979],[139.80921,35.75989]]}},{"type":"Feature","properties":{"tunnel":0},"geometry":{"type":"LineString","coordinates":[[139.81023,35.7592],[139.80986,35.7594]]}},{"type":"Feature","properties":{"tunnel":0},"geometry":{"type":"LineString","coordinates":[[139.81169,35.75833],[139.81167,35.75835]]}},{"type":"Feature","properties":{"tunnel":0},"geometry":{"type":"LineString","coordinates":[[139.81167,35.75835],[139.81158,35.75841]]}},{"type":"Feature","properties":{"tunnel":0},"geometry":{"type":"LineString","coordinates":[[139.80932,35.75979],[139.80909,35.75989]]}},{"type":"Feature","properties":{"tunnel":0},"geometry":{"type":"LineString","coordinates":[[139.80936,35.75955],[139.80966,35.75941],[139.80986,35.7594]]}},{"type":"Feature","properties":{"tunnel":0},"geometry":{"type":"LineString","coordinates":[[139.8109,35.75881],[139.81052,35.75902],[139.81039,35.7591]]}},{"type":"Feature","properties":{"tunnel":0},"geometry":{"type":"LineString","coordinates":[[139.81039,35.7591],[139.81023,35.7592]]}},{"type":"Feature","properties":{"tunnel":0},"geometry":{"type":"LineString","coordinates":[[139.80833,35.76008],[139.80822,35.76013]]}},{"type":"Feature","properties":{"tunnel":0},"geometry":{"type":"LineString","coordinates":[[139.80652,35.76068],[139.80708,35.76049],[139.8078,35.76022],[139.80833,35.75999]]}},{"type":"Feature","properties":{"tunnel":0},"geometry":{"type":"LineString","coordinates":[[139.80833,35.76027],[139.80815,35.76033]]}},{"type":"Feature","properties":{"tunnel":0},"geometry":{"type":"LineString","coordinates":[[139.80833,35.76018],[139.8078,35.76036],[139.80738,35.76051],[139.80716,35.76059],[139.80694,35.76067],[139.80681,35.76071],[139.80652,35.76082]]}},{"type":"Feature","properties":{"tunnel":0},"geometry":{"type":"LineString","coordinates":[[139.80815,35.76033],[139.80695,35.76075],[139.80652,35.76089]]}},{"type":"Feature","properties":{"tunnel":0},"geometry":{"type":"LineString","coordinates":[[139.80822,35.76013],[139.80788,35.76026],[139.80664,35.76071],[139.80652,35.76075]]}},{"type":"Feature","properties":{"tunnel":0},"geometry":{"type":"LineString","coordinates":[[139.80882,35.75989],[139.80833,35.76008]]}},{"type":"Feature","properties":{"tunnel":0},"geometry":{"type":"LineString","coordinates":[[139.80833,35.75999],[139.80859,35.75989]]}},{"type":"Feature","properties":{"tunnel":0},"geometry":{"type":"LineString","coordinates":[[139.80921,35.75989],[139.80917,35.75991],[139.80895,35.76002],[139.80866,35.76015],[139.80833,35.76027]]}},{"type":"Feature","properties":{"tunnel":0},"geometry":{"type":"LineString","coordinates":[[139.80909,35.75989],[139.80852,35.76012],[139.80833,35.76018]]}},{"type":"Feature","properties":{"tunnel":0},"geometry":{"type":"LineString","coordinates":[[139.80194,35.64067],[139.80195,35.64047],[139.8015,35.64027],[139.80103,35.64004],[139.80103,35.64004]]}},{"type":"Feature","properties":{"tunnel":0},"geometry":{"type":"LineString","coordinates":[[139.80103,35.64047],[139.80134,35.64061],[139.80194,35.64067]]}},{"type":"Feature","properties":{"tunnel":0},"geometry":{"type":"LineString","coordinates":[[139.80103,35.64025],[139.80157,35.64049],[139.80194,35.64067]]}},{"type":"Feature","properties":{"tunnel":0},"geometry":{"type":"LineString","coordinates":[[139.80194,35.64067],[139.80273,35.64102],[139.80346,35.64126],[139.80383,35.64139]]}},{"type":"Feature","properties":{"tunnel":0},"geometry":{"type":"LineString","coordinates":[[139.80383,35.64139],[139.80436,35.64156]]}},{"type":"Feature","properties":{"tunnel":0},"geometry":{"type":"LineString","coordinates":[[139.80436,35.64156],[139.80467,35.64167]]}},{"type":"Feature","properties":{"tunnel":0},"geometry":{"type":"LineString","coordinates":[[139.80652,35.64247],[139.80609,35.64233],[139.80574,35.6422],[139.8051,35.64181]]}},{"type":"Feature","properties":{"tunnel":0},"geometry":{"type":"LineString","coordinates":[[139.80467,35.64167],[139.8051,35.64181]]}},{"type":"Feature","properties":{"tunnel":0},"geometry":{"type":"LineString","coordinates":[[139.8051,35.64181],[139.80601,35.64211]]}},{"type":"Feature","properties":{"tunnel":0},"geometry":{"type":"LineString","coordinates":[[139.80652,35.64209],[139.80588,35.64189],[139.8051,35.64181]]}},{"type":"Feature","properties":{"tunnel":0},"geometry":{"type":"LineString","coordinates":[[139.80601,35.64211],[139.80652,35.64227]]}},{"type":"Feature","properties":{"tunnel":0},"geometry":{"type":"LineString","coordinates":[[139.80652,35.66125],[139.80621,35.66175],[139.8062,35.66176]]}},{"type":"Feature","properties":{"tunnel":0},"geometry":{"type":"LineString","coordinates":[[139.80491,35.65933],[139.80652,35.6595]]}},{"type":"Feature","properties":{"tunnel":0},"geometry":{"type":"LineString","coordinates":[[139.80519,35.66622],[139.8052,35.66643],[139.8052,35.66667]]}},{"type":"Feature","properties":{"tunnel":0},"geometry":{"type":"LineString","coordinates":[[139.80534,35.66622],[139.80535,35.66667]]}},{"type":"Feature","properties":{"tunnel":0},"geometry":{"type":"LineString","coordinates":[[139.8052,35.66667],[139.80523,35.66762]]}},{"type":"Feature","properties":{"tunnel":0},"geometry":{"type":"LineString","coordinates":[[139.80535,35.66667],[139.80535,35.6667]]}},{"type":"Feature","properties":{"tunnel":0},"geometry":{"type":"LineString","coordinates":[[139.80523,35.66762],[139.80525,35.66791],[139.80525,35.66801],[139.80525,35.66812],[139.80524,35.6682],[139.80523,35.6683],[139.80522,35.66839],[139.80518,35.66853],[139.80516,35.66861],[139.80513,35.66868],[139.80499,35.66897],[139.80484,35.66929],[139.80479,35.66942],[139.80474,35.66954],[139.8047,35.66971],[139.80468,35.66981],[139.80467,35.66997],[139.80468,35.67011],[139.80472,35.67036],[139.80479,35.67069]]}},{"type":"Feature","properties":{"tunnel":0},"geometry":{"type":"LineString","coordinates":[[139.80535,35.6667],[139.80536,35.66761],[139.80535,35.66778],[139.80535,35.66788],[139.80534,35.66796],[139.80533,35.66809],[139.80528,35.6683],[139.80518,35.66864],[139.80505,35.66887],[139.80482,35.66938],[139.80473,35.66966],[139.8047,35.67011],[139.80481,35.67069]]}},{"type":"Feature","properties":{"tunnel":0},"geometry":{"type":"LineString","coordinates":[[139.80596,35.66213],[139.80591,35.66212],[139.80585,35.66219],[139.80569,35.66244],[139.80553,35.66271],[139.80549,35.66281],[139.80544,35.66292],[139.80539,35.66303],[139.80536,35.66315],[139.80533,35.66323],[139.80531,35.66333],[139.80528,35.66348],[139.80526,35.66364],[139.80523,35.66385],[139.8052,35.66405],[139.8052,35.66408]]}},{"type":"Feature","properties":{"tunnel":0},"geometry":{"type":"LineString","coordinates":[[139.80518,35.66432],[139.80515,35.66468],[139.80515,35.66482],[139.80515,35.665],[139.80519,35.66622]]}},{"type":"Feature","properties":{"tunnel":0},"geometry":{"type":"LineString","coordinates":[[139.80537,35.66444],[139.8054,35.66417],[139.80541,35.66409]]}},{"type":"Feature","properties":{"tunnel":0},"geometry":{"type":"LineString","coordinates":[[139.80537,35.66444],[139.80534,35.66473],[139.80533,35.66495],[139.80533,35.6652],[139.80534,35.66622]]}},{"type":"Feature","properties":{"tunnel":0},"geometry":{"type":"LineString","coordinates":[[139.8062,35.66176],[139.8061,35.66191],[139.80596,35.66213]]}},{"type":"Feature","properties":{"tunnel":0},"geometry":{"type":"LineString","coordinates":[[139.80588,35.66242],[139.80594,35.66231],[139.80598,35.66223],[139.806,35.66216],[139.80596,35.66213]]}},{"type":"Feature","properties":{"tunnel":0},"geometry":{"type":"LineString","coordinates":[[139.80532,35.66409],[139.80536,35.66385],[139.80542,35.66348],[139.80544,35.66334],[139.80547,35.66324]]}},{"type":"Feature","properties":{"tunnel":0},"geometry":{"type":"LineString","coordinates":[[139.80547,35.66324],[139.80554,35.66297],[139.80559,35.66286],[139.80563,35.66276],[139.80568,35.66267],[139.80578,35.66252],[139.80588,35.66242]]}},{"type":"Feature","properties":{"tunnel":0},"geometry":{"type":"LineString","coordinates":[[139.80541,35.66409],[139.80542,35.66403],[139.80546,35.66375],[139.80552,35.66338],[139.80557,35.66319],[139.80559,35.66312],[139.8056,35.66307],[139.80565,35.66292],[139.80568,35.66283],[139.80573,35.66271],[139.80578,35.66261]]}},{"type":"Feature","properties":{"tunnel":0},"geometry":{"type":"LineString","coordinates":[[139.8052,35.66408],[139.80518,35.66432]]}},{"type":"Feature","properties":{"tunnel":0},"geometry":{"type":"LineString","coordinates":[[139.80525,35.66551],[139.80523,35.66534],[139.80523,35.66513]]}},{"type":"Feature","properties":{"tunnel":0},"geometry":{"type":"LineString","coordinates":[[139.80523,35.66506],[139.80523,35.6645],[139.80525,35.66441]]}},{"type":"Feature","properties":{"tunnel":0},"geometry":{"type":"LineString","coordinates":[[139.80523,35.66513],[139.80523,35.66506]]}},{"type":"Feature","properties":{"tunnel":0},"geometry":{"type":"LineString","coordinates":[[139.80528,35.66427],[139.80529,35.66421],[139.80532,35.66409]]}},{"type":"Feature","properties":{"tunnel":0},"geometry":{"type":"LineString","coordinates":[[139.80525,35.66441],[139.80528,35.66427]]}},{"type":"Feature","properties":{"tunnel":0},"geometry":{"type":"LineString","coordinates":[[139.80578,35.66261],[139.80583,35.66252],[139.80588,35.66242]]}},{"type":"Feature","properties":{"tunnel":0},"geometry":{"type":"LineString","coordinates":[[139.80368,35.67248],[139.8032,35.67256],[139.80201,35.67278],[139.80103,35.67295]]}},{"type":"Feature","properties":{"tunnel":0},"geometry":{"type":"LineString","coordinates":[[139.80634,35.67203],[139.80535,35.67213]]}},{"type":"Feature","properties":{"tunnel":0},"geometry":{"type":"LineString","coordinates":[[139.80493,35.67219],[139.8045,35.67229]]}},{"type":"Feature","properties":{"tunnel":0},"geometry":{"type":"LineString","coordinates":[[139.80491,35.6721],[139.80525,35.67205],[139.80536,35.67203]]}},{"type":"Feature","properties":{"tunnel":0},"geometry":{"type":"LineString","coordinates":[[139.80536,35.67203],[139.80632,35.67193]]}},{"type":"Feature","properties":{"tunnel":0},"geometry":{"type":"LineString","coordinates":[[139.80479,35.67069],[139.80483,35.67087],[139.80487,35.67113],[139.80488,35.67137],[139.80482,35.67158],[139.80473,35.67178],[139.80455,35.67198],[139.80424,35.67221],[139.80395,35.67232],[139.80356,35.67244]]}},{"type":"Feature","properties":{"tunnel":0},"geometry":{"type":"LineString","coordinates":[[139.80481,35.67069],[139.80489,35.67114],[139.80489,35.67139],[139.80473,35.67181],[139.80457,35.672],[139.80431,35.6722],[139.80403,35.67232],[139.80356,35.67244]]}},{"type":"Feature","properties":{"tunnel":0},"geometry":{"type":"LineString","coordinates":[[139.8045,35.67229],[139.80402,35.67239],[139.80368,35.67248]]}},{"type":"Feature","properties":{"tunnel":0},"geometry":{"type":"LineString","coordinates":[[139.80364,35.67233],[139.80409,35.67226],[139.80472,35.67213],[139.80491,35.6721]]}},{"type":"Feature","properties":{"tunnel":0},"geometry":{"type":"LineString","coordinates":[[139.80535,35.67213],[139.80493,35.67219]]}},{"type":"Feature","properties":{"tunnel":0},"geometry":{"type":"LineString","coordinates":[[139.80356,35.67244],[139.80346,35.67245],[139.80294,35.67253],[139.80103,35.67287]]}},{"type":"Feature","properties":{"tunnel":0},"geometry":{"type":"LineString","coordinates":[[139.80103,35.67278],[139.80364,35.67233]]}},{"type":"Feature","properties":{"tunnel":0},"geometry":{"type":"LineString","coordinates":[[139.80652,35.69263],[139.80498,35.69255],[139.80103,35.69234]]}},{"type":"Feature","properties":{"tunnel":0},"geometry":{"type":"LineString","coordinates":[[139.80288,35.71224],[139.80273,35.71212],[139.80226,35.71186],[139.8017,35.71159],[139.80124,35.71133],[139.80103,35.7112]]}},{"type":"Feature","properties":{"tunnel":0},"geometry":{"type":"LineString","coordinates":[[139.80617,35.7153],[139.80594,35.71507],[139.8054,35.71454],[139.8051,35.71426],[139.80471,35.7139],[139.80446,35.71367],[139.80428,35.7135],[139.80393,35.71316],[139.80358,35.71285],[139.80319,35.71248],[139.80288,35.71224]]}},{"type":"Feature","properties":{"tunnel":0},"geometry":{"type":"LineString","coordinates":[[139.80652,35.71564],[139.80617,35.7153]]}},{"type":"Feature","properties":{"tunnel":0},"geometry":{"type":"LineString","coordinates":[[139.80103,35.76194],[139.80114,35.76193],[139.80226,35.76177],[139.80254,35.76175],[139.80282,35.76176]]}},{"type":"Feature","properties":{"tunnel":0},"geometry":{"type":"LineString","coordinates":[[139.80103,35.7621],[139.80227,35.76197]]}},{"type":"Feature","properties":{"tunnel":0},"geometry":{"type":"LineString","coordinates":[[139.80385,35.76139],[139.80333,35.7615],[139.80311,35.76155]]}},{"type":"Feature","properties":{"tunnel":0},"geometry":{"type":"LineString","coordinates":[[139.80282,35.76176],[139.80223,35.76187],[139.80121,35.762],[139.80103,35.76202]]}},{"type":"Feature","properties":{"tunnel":0},"geometry":{"type":"LineString","coordinates":[[139.80385,35.76139],[139.80495,35.76113],[139.80579,35.7609],[139.80651,35.76068],[139.80652,35.76068]]}},{"type":"Feature","properties":{"tunnel":0},"geometry":{"type":"LineString","coordinates":[[139.80652,35.76082],[139.80646,35.76084],[139.80607,35.76097],[139.80545,35.76116],[139.8046,35.76139],[139.80417,35.7615]]}},{"type":"Feature","properties":{"tunnel":0},"geometry":{"type":"LineString","coordinates":[[139.80652,35.76089],[139.80595,35.76108],[139.80588,35.76114]]}},{"type":"Feature","properties":{"tunnel":0},"geometry":{"type":"LineString","coordinates":[[139.80652,35.76075],[139.80598,35.76092],[139.80511,35.76117],[139.80417,35.7615]]}},{"type":"Feature","properties":{"tunnel":0},"geometry":{"type":"LineString","coordinates":[[139.80311,35.76155],[139.8024,35.76168],[139.80186,35.76176],[139.80146,35.76181]]}},{"type":"Feature","properties":{"tunnel":0},"geometry":{"type":"LineString","coordinates":[[139.80417,35.7615],[139.80389,35.76155]]}},{"type":"Feature","properties":{"tunnel":0},"geometry":{"type":"LineString","coordinates":[[139.80146,35.76181],[139.80134,35.76182],[139.80103,35.76184]]}},{"type":"Feature","properties":{"tunnel":0},"geometry":{"type":"LineString","coordinates":[[139.80389,35.76155],[139.80324,35.76169],[139.80321,35.76169]]}},{"type":"Feature","properties":{"tunnel":0},"geometry":{"type":"LineString","coordinates":[[139.80321,35.76169],[139.80282,35.76176]]}},{"type":"Feature","properties":{"tunnel":0},"geometry":{"type":"LineString","coordinates":[[139.7999,35.63944],[139.7997,35.63933],[139.79902,35.63894],[139.79863,35.63871],[139.79841,35.63859],[139.79815,35.63845],[139.7979,35.63837],[139.79772,35.63835],[139.79752,35.63833],[139.79731,35.63833]]}},{"type":"Feature","properties":{"tunnel":0},"geometry":{"type":"LineString","coordinates":[[139.79633,35.63944],[139.79647,35.63932],[139.79657,35.63925],[139.79672,35.63918],[139.79691,35.63912],[139.79707,35.63907],[139.79732,35.63904],[139.79749,35.63904],[139.79765,35.63907],[139.79784,35.63911],[139.79805,35.63917],[139.79828,35.63925],[139.79872,35.63944]]}},{"type":"Feature","properties":{"tunnel":0},"geometry":{"type":"LineString","coordinates":[[139.79617,35.63944],[139.7964,35.63916],[139.79652,35.63899],[139.79659,35.63887],[139.79665,35.63871]]}},{"type":"Feature","properties":{"tunnel":0},"geometry":{"type":"LineString","coordinates":[[139.79655,35.63864],[139.79634,35.63883],[139.79615,35.63905],[139.79593,35.63931],[139.7958,35.63944]]}},{"type":"Feature","properties":{"tunnel":0},"geometry":{"type":"LineString","coordinates":[[139.79731,35.63833],[139.79715,35.63837],[139.79696,35.63842]]}},{"type":"Feature","properties":{"tunnel":0},"geometry":{"type":"LineString","coordinates":[[139.7966,35.63861],[139.79655,35.63864]]}},{"type":"Feature","properties":{"tunnel":0},"geometry":{"type":"LineString","coordinates":[[139.79899,35.6392],[139.79942,35.63944]]}},{"type":"Feature","properties":{"tunnel":0},"geometry":{"type":"LineString","coordinates":[[139.79665,35.63871],[139.7967,35.63857],[139.79672,35.63845],[139.79673,35.63834],[139.79671,35.63822],[139.79667,35.6381]]}},{"type":"Feature","properties":{"tunnel":0},"geometry":{"type":"LineString","coordinates":[[139.79696,35.63842],[139.79674,35.63851],[139.7966,35.63861]]}},{"type":"Feature","properties":{"tunnel":0},"geometry":{"type":"LineString","coordinates":[[139.79667,35.6381],[139.79663,35.63797],[139.79655,35.63781],[139.79634,35.63761],[139.79609,35.63743],[139.79575,35.63722],[139.79553,35.6371]]}},{"type":"Feature","properties":{"tunnel":0},"geometry":{"type":"LineString","coordinates":[[139.79553,35.63763],[139.79583,35.63786],[139.7959,35.63794],[139.79598,35.63805]]}},{"type":"Feature","properties":{"tunnel":0},"geometry":{"type":"LineString","coordinates":[[139.79553,35.63723],[139.79608,35.63752],[139.79873,35.63905]]}},{"type":"Feature","properties":{"tunnel":0},"geometry":{"type":"LineString","coordinates":[[139.79873,35.63905],[139.79871,35.63885],[139.79829,35.63857],[139.79777,35.63827],[139.79762,35.63819],[139.79724,35.63798],[139.79715,35.63794],[139.79697,35.63782],[139.79686,35.63777],[139.79649,35.63754],[139.79628,35.63741],[139.79574,35.63711],[139.79553,35.637]]}},{"type":"Feature","properties":{"tunnel":0},"geometry":{"type":"LineString","coordinates":[[139.79873,35.63905],[139.79899,35.6392]]}},{"type":"Feature","properties":{"tunnel":0},"geometry":{"type":"LineString","coordinates":[[139.79553,35.63773],[139.79568,35.63781],[139.79601,35.63793],[139.79654,35.63815],[139.79663,35.63818],[139.79746,35.63858],[139.79762,35.63867],[139.79802,35.63888],[139.79855,35.63914],[139.79899,35.6392]]}},{"type":"Feature","properties":{"tunnel":0},"geometry":{"type":"LineString","coordinates":[[139.79608,35.63828],[139.79612,35.6384],[139.79612,35.63866],[139.7961,35.6388],[139.79605,35.63891],[139.796,35.63903],[139.79593,35.63916],[139.79577,35.63944]]}},{"type":"Feature","properties":{"tunnel":0},"geometry":{"type":"LineString","coordinates":[[139.79598,35.63805],[139.79605,35.63819],[139.79608,35.63828]]}},{"type":"Feature","properties":{"tunnel":0},"geometry":{"type":"LineString","coordinates":[[139.79553,35.64027],[139.79577,35.63997]]}},{"type":"Feature","properties":{"tunnel":0},"geometry":{"type":"LineString","coordinates":[[139.8,35.6395],[139.7999,35.63944]]}},{"type":"Feature","properties":{"tunnel":0},"geometry":{"type":"LineString","coordinates":[[139.79577,35.63997],[139.79616,35.63959],[139.79633,35.63944]]}},{"type":"Feature","properties":{"tunnel":0},"geometry":{"type":"LineString","coordinates":[[139.79872,35.63944],[139.8,35.64001]]}},{"type":"Feature","properties":{"tunnel":0},"geometry":{"type":"LineString","coordinates":[[139.79577,35.63997],[139.79609,35.63954],[139.79617,35.63944]]}},{"type":"Feature","properties":{"tunnel":0},"geometry":{"type":"LineString","coordinates":[[139.7958,35.63944],[139.79572,35.63953]]}},{"type":"Feature","properties":{"tunnel":0},"geometry":{"type":"LineString","coordinates":[[139.79942,35.63944],[139.79952,35.63949],[139.8,35.63975]]}},{"type":"Feature","properties":{"tunnel":0},"geometry":{"type":"LineString","coordinates":[[139.79572,35.63953],[139.79553,35.63977]]}},{"type":"Feature","properties":{"tunnel":0},"geometry":{"type":"LineString","coordinates":[[139.79577,35.63944],[139.79572,35.63953]]}},{"type":"Feature","properties":{"tunnel":0},"geometry":{"type":"LineString","coordinates":[[139.80103,35.64004],[139.80059,35.63982],[139.80017,35.63959],[139.8,35.6395]]}},{"type":"Feature","properties":{"tunnel":0},"geometry":{"type":"LineString","coordinates":[[139.8,35.64001],[139.80103,35.64047]]}},{"type":"Feature","properties":{"tunnel":0},"geometry":{"type":"LineString","coordinates":[[139.8,35.63975],[139.8004,35.63996],[139.80103,35.64025]]}},{"type":"Feature","properties":{"tunnel":0},"geometry":{"type":"LineString","coordinates":[[139.8,35.67298],[139.7998,35.67301]]}},{"type":"Feature","properties":{"tunnel":0},"geometry":{"type":"LineString","coordinates":[[139.79766,35.67352],[139.79738,35.67366]]}},{"type":"Feature","properties":{"tunnel":0},"geometry":{"type":"LineString","coordinates":[[139.79553,35.67443],[139.79564,35.67429],[139.79577,35.67416],[139.79595,35.67403],[139.79609,35.67394],[139.7963,35.67385],[139.79732,35.67357],[139.79766,35.67352]]}},{"type":"Feature","properties":{"tunnel":0},"geometry":{"type":"LineString","coordinates":[[139.8,35.67306],[139.79766,35.67352]]}},{"type":"Feature","properties":{"tunnel":0},"geometry":{"type":"LineString","coordinates":[[139.7998,35.67301],[139.79805,35.67331],[139.79752,35.67343],[139.79632,35.67373],[139.79605,35.67382],[139.79582,35.67395],[139.79558,35.67411],[139.79553,35.67416]]}},{"type":"Feature","properties":{"tunnel":0},"geometry":{"type":"LineString","coordinates":[[139.79738,35.67366],[139.79665,35.67384],[139.7964,35.67394],[139.79607,35.67412],[139.79585,35.6743],[139.7957,35.67446],[139.79558,35.67462],[139.79553,35.67473]]}},{"type":"Feature","properties":{"tunnel":0},"geometry":{"type":"LineString","coordinates":[[139.80103,35.67295],[139.8007,35.673],[139.80037,35.67301],[139.8,35.67306]]}},{"type":"Feature","properties":{"tunnel":0},"geometry":{"type":"LineString","coordinates":[[139.80103,35.67287],[139.8008,35.6729],[139.80071,35.67288]]}},{"type":"Feature","properties":{"tunnel":0},"geometry":{"type":"LineString","coordinates":[[139.80071,35.67288],[139.80077,35.67282],[139.80091,35.6728]]}},{"type":"Feature","properties":{"tunnel":0},"geometry":{"type":"LineString","coordinates":[[139.80071,35.67288],[139.8,35.67298]]}},{"type":"Feature","properties":{"tunnel":0},"geometry":{"type":"LineString","coordinates":[[139.80091,35.6728],[139.80103,35.67278]]}},{"type":"Feature","properties":{"tunnel":0},"geometry":{"type":"LineString","coordinates":[[139.79745,35.70638],[139.79733,35.70614]]}},{"type":"Feature","properties":{"tunnel":0},"geometry":{"type":"LineString","coordinates":[[139.79733,35.70614],[139.79706,35.70558],[139.79677,35.70503],[139.79668,35.70489]]}},{"type":"Feature","properties":{"tunnel":0},"geometry":{"type":"LineString","coordinates":[[139.79668,35.70489],[139.79656,35.70474],[139.79642,35.70454],[139.79632,35.70443],[139.7961,35.70423],[139.79597,35.70413],[139.79587,35.70409]]}},{"type":"Feature","properties":{"tunnel":0},"geometry":{"type":"LineString","coordinates":[[139.79652,35.70506],[139.79587,35.70409]]}},{"type":"Feature","properties":{"tunnel":0},"geometry":{"type":"LineString","coordinates":[[139.7973,35.70638],[139.79728,35.70633],[139.79714,35.70607],[139.79705,35.70589],[139.79689,35.70561]]}},{"type":"Feature","properties":{"tunnel":0},"geometry":{"type":"LineString","coordinates":[[139.79689,35.70561],[139.79652,35.70506]]}},{"type":"Feature","properties":{"tunnel":0},"geometry":{"type":"LineString","coordinates":[[139.79587,35.70409],[139.79572,35.70386],[139.79553,35.70356]]}},{"type":"Feature","properties":{"tunnel":0},"geometry":{"type":"LineString","coordinates":[[139.8,35.69229],[139.79955,35.69227],[139.79829,35.69219],[139.79682,35.69212],[139.79553,35.69206]]}},{"type":"Feature","properties":{"tunnel":0},"geometry":{"type":"LineString","coordinates":[[139.80103,35.69234],[139.80001,35.69229],[139.8,35.69229]]}},{"type":"Feature","properties":{"tunnel":0},"geometry":{"type":"LineString","coordinates":[[139.7975,35.70648],[139.79745,35.70638]]}},{"type":"Feature","properties":{"tunnel":0},"geometry":{"type":"LineString","coordinates":[[139.79851,35.70833],[139.79851,35.70833],[139.79817,35.70789],[139.79798,35.70764],[139.79782,35.70737],[139.79759,35.70695],[139.79738,35.70653],[139.7973,35.70638]]}},{"type":"Feature","properties":{"tunnel":0},"geometry":{"type":"LineString","coordinates":[[139.79927,35.70926],[139.79879,35.70869],[139.79851,35.70833]]}},{"type":"Feature","properties":{"tunnel":0},"geometry":{"type":"LineString","coordinates":[[139.8,35.71012],[139.79927,35.70926]]}},{"type":"Feature","properties":{"tunnel":0},"geometry":{"type":"LineString","coordinates":[[139.80061,35.71084],[139.8,35.71012]]}},{"type":"Feature","properties":{"tunnel":0},"geometry":{"type":"LineString","coordinates":[[139.80103,35.7112],[139.80097,35.71117],[139.80086,35.71107],[139.80065,35.71089],[139.80061,35.71084]]}},{"type":"Feature","properties":{"tunnel":0},"geometry":{"type":"LineString","coordinates":[[139.79992,35.76204],[139.8,35.76204]]}},{"type":"Feature","properties":{"tunnel":0},"geometry":{"type":"LineString","coordinates":[[139.7977,35.76199],[139.79793,35.76209]]}},{"type":"Feature","properties":{"tunnel":0},"geometry":{"type":"LineString","coordinates":[[139.79793,35.76209],[139.79898,35.76207],[139.79992,35.76204]]}},{"type":"Feature","properties":{"tunnel":0},"geometry":{"type":"LineString","coordinates":[[139.79806,35.76217],[139.79832,35.76225]]}},{"type":"Feature","properties":{"tunnel":0},"geometry":{"type":"LineString","coordinates":[[139.8,35.76211],[139.79911,35.76216],[139.79832,35.76217],[139.79806,35.76217]]}},{"type":"Feature","properties":{"tunnel":0},"geometry":{"type":"LineString","coordinates":[[139.79806,35.76217],[139.79745,35.76215],[139.79691,35.76213],[139.79625,35.76208],[139.79598,35.76206],[139.79558,35.76202],[139.79553,35.76202]]}},{"type":"Feature","properties":{"tunnel":0},"geometry":{"type":"LineString","coordinates":[[139.79832,35.76225],[139.79899,35.76224],[139.79954,35.76222],[139.8,35.76219]]}},{"type":"Feature","properties":{"tunnel":0},"geometry":{"type":"LineString","coordinates":[[139.8,35.76192],[139.79887,35.76198],[139.79876,35.76198]]}},{"type":"Feature","properties":{"tunnel":0},"geometry":{"type":"LineString","coordinates":[[139.7977,35.76199],[139.79661,35.76199]]}},{"type":"Feature","properties":{"tunnel":0},"geometry":{"type":"LineString","coordinates":[[139.79661,35.76199],[139.79654,35.76199],[139.79603,35.76194],[139.79574,35.76191]]}},{"type":"Feature","properties":{"tunnel":0},"geometry":{"type":"LineString","coordinates":[[139.79876,35.76198],[139.79805,35.76199],[139.7977,35.76199]]}},{"type":"Feature","properties":{"tunnel":0},"geometry":{"type":"LineString","coordinates":[[139.79574,35.76191],[139.79553,35.76189]]}},{"type":"Feature","properties":{"tunnel":0},"geometry":{"type":"LineString","coordinates":[[139.8,35.76204],[139.80045,35.76199],[139.80103,35.76194]]}},{"type":"Feature","properties":{"tunnel":0},"geometry":{"type":"LineString","coordinates":[[139.8,35.76192],[139.8,35.76192]]}},{"type":"Feature","properties":{"tunnel":0},"geometry":{"type":"LineString","coordinates":[[139.80083,35.76212],[139.80103,35.7621]]}},{"type":"Feature","properties":{"tunnel":0},"geometry":{"type":"LineString","coordinates":[[139.80103,35.76202],[139.8007,35.76206],[139.80035,35.76209],[139.8,35.76211]]}},{"type":"Feature","properties":{"tunnel":0},"geometry":{"type":"LineString","coordinates":[[139.8,35.76219],[139.80083,35.76212]]}},{"type":"Feature","properties":{"tunnel":0},"geometry":{"type":"LineString","coordinates":[[139.80103,35.76184],[139.80074,35.76187],[139.8,35.76192]]}},{"type":"Feature","properties":{"tunnel":0},"geometry":{"type":"LineString","coordinates":[[139.7907,35.51881],[139.7904,35.51893],[139.79004,35.51906]]}},{"type":"Feature","properties":{"tunnel":0},"geometry":{"type":"LineString","coordinates":[[139.79163,35.51881],[139.79149,35.51884],[139.79132,35.51886]]}},{"type":"Feature","properties":{"tunnel":0},"geometry":{"type":"LineString","coordinates":[[139.79036,35.51952],[139.79023,35.51962],[139.79006,35.51968],[139.79004,35.51969]]}},{"type":"Feature","properties":{"tunnel":0},"geometry":{"type":"LineString","coordinates":[[139.79004,35.51955],[139.79012,35.51955],[139.79036,35.51952]]}},{"type":"Feature","properties":{"tunnel":0},"geometry":{"type":"LineString","coordinates":[[139.79158,35.51881],[139.79152,35.51888],[139.7914,35.519]]}},{"type":"Feature","properties":{"tunnel":0},"geometry":{"type":"LineString","coordinates":[[139.79036,35.51952],[139.79056,35.51939],[139.79071,35.51928],[139.79094,35.51909],[139.79111,35.51898],[139.79132,35.51886]]}},{"type":"Feature","properties":{"tunnel":0},"geometry":{"type":"LineString","coordinates":[[139.79088,35.51881],[139.79086,35.51882]]}},{"type":"Feature","properties":{"tunnel":0},"geometry":{"type":"LineString","coordinates":[[139.7901,35.51916],[139.79057,35.51896],[139.79086,35.51882]]}},{"type":"Feature","properties":{"tunnel":0},"geometry":{"type":"LineString","coordinates":[[139.79004,35.51919],[139.7901,35.51916]]}},{"type":"Feature","properties":{"tunnel":0},"geometry":{"type":"LineString","coordinates":[[139.7914,35.519],[139.79122,35.51915],[139.79113,35.51922],[139.79087,35.51938],[139.79041,35.51964],[139.79004,35.51977]]}},{"type":"Feature","properties":{"tunnel":0},"geometry":{"type":"LineString","coordinates":[[139.79132,35.51903],[139.79147,35.51889],[139.79155,35.51881]]}},{"type":"Feature","properties":{"tunnel":0},"geometry":{"type":"LineString","coordinates":[[139.79132,35.51886],[139.79137,35.51881]]}},{"type":"Feature","properties":{"tunnel":0},"geometry":{"type":"LineString","coordinates":[[139.79114,35.51881],[139.79017,35.51926]]}},{"type":"Feature","properties":{"tunnel":0},"geometry":{"type":"LineString","coordinates":[[139.79004,35.51963],[139.79035,35.51957],[139.79057,35.5195],[139.7907,35.51945],[139.79089,35.51935],[139.79111,35.5192],[139.79132,35.51903]]}},{"type":"Feature","properties":{"tunnel":0},"geometry":{"type":"LineString","coordinates":[[139.79017,35.51926],[139.79004,35.51933]]}},{"type":"Feature","properties":{"tunnel":0},"geometry":{"type":"LineString","coordinates":[[139.79011,35.51881],[139.79004,35.5189]]}},{"type":"Feature","properties":{"tunnel":1},"geometry":{"type":"LineString","coordinates":[[139.7917,35.51881],[139.79172,35.51887],[139.79191,35.51939],[139.79219,35.52019],[139.79241,35.52107],[139.7926,35.52185],[139.7929,35.52288],[139.79302,35.52329]]}},{"type":"Feature","properties":{"tunnel":1},"geometry":{"type":"LineString","coordinates":[[139.79523,35.53223],[139.79532,35.53288],[139.79534,35.53333]]}},{"type":"Feature","properties":{"tunnel":0},"geometry":{"type":"LineString","coordinates":[[139.7952,35.53614],[139.79515,35.53636],[139.79505,35.5367]]}},{"type":"Feature","properties":{"tunnel":1},"geometry":{"type":"LineString","coordinates":[[139.79534,35.53333],[139.79535,35.53357],[139.79536,35.53372],[139.79536,35.53473],[139.79532,35.53522],[139.79528,35.53573],[139.7952,35.53614]]}},{"type":"Feature","properties":{"tunnel":1},"geometry":{"type":"LineString","coordinates":[[139.79421,35.52776],[139.79451,35.52891],[139.79482,35.53009],[139.79505,35.53103],[139.79512,35.53148],[139.79518,35.53191],[139.79523,35.53223]]}},{"type":"Feature","properties":{"tunnel":1},"geometry":{"type":"LineString","coordinates":[[139.79302,35.52329],[139.79312,35.52361],[139.79341,35.5247],[139.79345,35.52485],[139.79349,35.525]]}},{"type":"Feature","properties":{"tunnel":1},"geometry":{"type":"LineString","coordinates":[[139.79349,35.525],[139.79372,35.52602],[139.79415,35.5275],[139.79421,35.52776]]}},{"type":"Feature","properties":{"tunnel":0},"geometry":{"type":"LineString","coordinates":[[139.79505,35.5367],[139.79503,35.53679],[139.79499,35.53689],[139.79495,35.53702],[139.79478,35.53745],[139.7946,35.53788]]}},{"type":"Feature","properties":{"tunnel":0},"geometry":{"type":"LineString","coordinates":[[139.7946,35.53788],[139.79439,35.53827],[139.79416,35.5388],[139.79401,35.53904],[139.79355,35.53983],[139.79327,35.54022],[139.79297,35.54069],[139.79263,35.54117]]}},{"type":"Feature","properties":{"tunnel":0},"geometry":{"type":"LineString","coordinates":[[139.79244,35.54108],[139.79282,35.5405],[139.79283,35.5405]]}},{"type":"Feature","properties":{"tunnel":0},"geometry":{"type":"LineString","coordinates":[[139.79288,35.54117],[139.79301,35.54098],[139.7935,35.54033]]}},{"type":"Feature","properties":{"tunnel":0},"geometry":{"type":"LineString","coordinates":[[139.79238,35.54117],[139.79244,35.54108]]}},{"type":"Feature","properties":{"tunnel":0},"geometry":{"type":"LineString","coordinates":[[139.79204,35.54117],[139.79218,35.54101],[139.7924,35.54083],[139.79262,35.54065],[139.79283,35.5405]]}},{"type":"Feature","properties":{"tunnel":0},"geometry":{"type":"LineString","coordinates":[[139.7935,35.54033],[139.79341,35.54056],[139.79334,35.54073],[139.79328,35.54097],[139.79318,35.54117]]}},{"type":"Feature","properties":{"tunnel":0},"geometry":{"type":"LineString","coordinates":[[139.7935,35.54033],[139.79395,35.53961],[139.79417,35.53919],[139.79446,35.53856],[139.79456,35.53826],[139.7946,35.53788]]}},{"type":"Feature","properties":{"tunnel":0},"geometry":{"type":"LineString","coordinates":[[139.79283,35.5405],[139.79342,35.53961],[139.79427,35.53826],[139.7946,35.53788]]}},{"type":"Feature","properties":{"tunnel":0},"geometry":{"type":"LineString","coordinates":[[139.79167,35.54252],[139.79166,35.54252],[139.79098,35.54349]]}},{"type":"Feature","properties":{"tunnel":1},"geometry":{"type":"LineString","coordinates":[[139.79098,35.54349],[139.79004,35.54482]]}},{"type":"Feature","properties":{"tunnel":0},"geometry":{"type":"LineString","coordinates":[[139.79263,35.54117],[139.79228,35.54167]]}},{"type":"Feature","properties":{"tunnel":0},"geometry":{"type":"LineString","coordinates":[[139.7926,35.54158],[139.79288,35.54117]]}},{"type":"Feature","properties":{"tunnel":0},"geometry":{"type":"LineString","coordinates":[[139.79202,35.54167],[139.79238,35.54117]]}},{"type":"Feature","properties":{"tunnel":0},"geometry":{"type":"LineString","coordinates":[[139.79255,35.54167],[139.7926,35.54158]]}},{"type":"Feature","properties":{"tunnel":0},"geometry":{"type":"LineString","coordinates":[[139.7917,35.54151],[139.79196,35.54126],[139.79204,35.54117]]}},{"type":"Feature","properties":{"tunnel":0},"geometry":{"type":"LineString","coordinates":[[139.79318,35.54117],[139.79315,35.54124],[139.79308,35.54137],[139.79302,35.54148],[139.79294,35.54161],[139.79292,35.54167]]}},{"type":"Feature","properties":{"tunnel":0},"geometry":{"type":"LineString","coordinates":[[139.79228,35.54167],[139.79227,35.54168],[139.79176,35.54239],[139.79167,35.54252]]}},{"type":"Feature","properties":{"tunnel":0},"geometry":{"type":"LineString","coordinates":[[139.79177,35.54202],[139.79184,35.54192],[139.792,35.54168],[139.79202,35.54167]]}},{"type":"Feature","properties":{"tunnel":0},"geometry":{"type":"LineString","coordinates":[[139.79217,35.5422],[139.79252,35.5417],[139.79255,35.54167]]}},{"type":"Feature","properties":{"tunnel":0},"geometry":{"type":"LineString","coordinates":[[139.79292,35.54167],[139.79286,35.54178],[139.79283,35.54193]]}},{"type":"Feature","properties":{"tunnel":0},"geometry":{"type":"LineString","coordinates":[[139.79441,35.64167],[139.79553,35.64027]]}},{"type":"Feature","properties":{"tunnel":0},"geometry":{"type":"LineString","coordinates":[[139.79553,35.63977],[139.79405,35.64167]]}},{"type":"Feature","properties":{"tunnel":0},"geometry":{"type":"LineString","coordinates":[[139.79258,35.64391],[139.79275,35.6437],[139.7934,35.6429],[139.79438,35.64169],[139.79441,35.64167]]}},{"type":"Feature","properties":{"tunnel":0},"geometry":{"type":"LineString","coordinates":[[139.79405,35.64167],[139.79318,35.64278],[139.79252,35.64358],[139.79226,35.64391]]}},{"type":"Feature","properties":{"tunnel":0},"geometry":{"type":"LineString","coordinates":[[139.79125,35.63498],[139.79167,35.6352]]}},{"type":"Feature","properties":{"tunnel":0},"geometry":{"type":"LineString","coordinates":[[139.79167,35.6352],[139.79183,35.6353],[139.79227,35.63552]]}},{"type":"Feature","properties":{"tunnel":0},"geometry":{"type":"LineString","coordinates":[[139.79227,35.63552],[139.79329,35.63604]]}},{"type":"Feature","properties":{"tunnel":0},"geometry":{"type":"LineString","coordinates":[[139.79342,35.63611],[139.79378,35.6363]]}},{"type":"Feature","properties":{"tunnel":0},"geometry":{"type":"LineString","coordinates":[[139.79329,35.63604],[139.79342,35.63611]]}},{"type":"Feature","properties":{"tunnel":0},"geometry":{"type":"LineString","coordinates":[[139.79553,35.6371],[139.79536,35.63701]]}},{"type":"Feature","properties":{"tunnel":0},"geometry":{"type":"LineString","coordinates":[[139.7935,35.63641],[139.79427,35.63685],[139.79509,35.63736]]}},{"type":"Feature","properties":{"tunnel":0},"geometry":{"type":"LineString","coordinates":[[139.79342,35.63611],[139.7935,35.63641]]}},{"type":"Feature","properties":{"tunnel":0},"geometry":{"type":"LineString","coordinates":[[139.79373,35.63612],[139.79342,35.63611]]}},{"type":"Feature","properties":{"tunnel":0},"geometry":{"type":"LineString","coordinates":[[139.79536,35.63701],[139.79373,35.63612]]}},{"type":"Feature","properties":{"tunnel":0},"geometry":{"type":"LineString","coordinates":[[139.79509,35.63736],[139.79551,35.63761],[139.79553,35.63763]]}},{"type":"Feature","properties":{"tunnel":0},"geometry":{"type":"LineString","coordinates":[[139.79378,35.6363],[139.79459,35.63672],[139.79553,35.63723]]}},{"type":"Feature","properties":{"tunnel":0},"geometry":{"type":"LineString","coordinates":[[139.79553,35.637],[139.79552,35.63699],[139.79526,35.63684],[139.79495,35.63668],[139.79471,35.63655],[139.79434,35.63635],[139.79425,35.63624]]}},{"type":"Feature","properties":{"tunnel":0},"geometry":{"type":"LineString","coordinates":[[139.79486,35.63744],[139.79496,35.63743],[139.7954,35.63765],[139.79553,35.63773]]}},{"type":"Feature","properties":{"tunnel":0},"geometry":{"type":"LineString","coordinates":[[139.79004,35.63433],[139.79041,35.63453]]}},{"type":"Feature","properties":{"tunnel":0},"geometry":{"type":"LineString","coordinates":[[139.79041,35.63453],[139.79123,35.63496],[139.79125,35.63498]]}},{"type":"Feature","properties":{"tunnel":0},"geometry":{"type":"LineString","coordinates":[[139.79061,35.64642],[139.7908,35.64616],[139.79127,35.64556]]}},{"type":"Feature","properties":{"tunnel":0},"geometry":{"type":"LineString","coordinates":[[139.79127,35.64556],[139.79163,35.64511],[139.79167,35.64506]]}},{"type":"Feature","properties":{"tunnel":0},"geometry":{"type":"LineString","coordinates":[[139.79101,35.64546],[139.79032,35.64629]]}},{"type":"Feature","properties":{"tunnel":0},"geometry":{"type":"LineString","coordinates":[[139.79167,35.64464],[139.79101,35.64546]]}},{"type":"Feature","properties":{"tunnel":0},"geometry":{"type":"LineString","coordinates":[[139.79167,35.64506],[139.79258,35.64391]]}},{"type":"Feature","properties":{"tunnel":0},"geometry":{"type":"LineString","coordinates":[[139.79226,35.64391],[139.79167,35.64464]]}},{"type":"Feature","properties":{"tunnel":0},"geometry":{"type":"LineString","coordinates":[[139.79167,35.67781],[139.79138,35.67794],[139.79004,35.67849]]}},{"type":"Feature","properties":{"tunnel":0},"geometry":{"type":"LineString","coordinates":[[139.79167,35.67796],[139.79062,35.67837]]}},{"type":"Feature","properties":{"tunnel":0},"geometry":{"type":"LineString","coordinates":[[139.79021,35.67853],[139.79004,35.6786]]}},{"type":"Feature","properties":{"tunnel":0},"geometry":{"type":"LineString","coordinates":[[139.79057,35.67839],[139.79021,35.67853]]}},{"type":"Feature","properties":{"tunnel":0},"geometry":{"type":"LineString","coordinates":[[139.79021,35.67849],[139.79122,35.67807]]}},{"type":"Feature","properties":{"tunnel":0},"geometry":{"type":"LineString","coordinates":[[139.79122,35.67807],[139.79167,35.67788]]}},{"type":"Feature","properties":{"tunnel":0},"geometry":{"type":"LineString","coordinates":[[139.79062,35.67837],[139.79057,35.67839]]}},{"type":"Feature","properties":{"tunnel":0},"geometry":{"type":"LineString","coordinates":[[139.79057,35.67839],[139.79051,35.67847]]}},{"type":"Feature","properties":{"tunnel":0},"geometry":{"type":"LineString","coordinates":[[139.79051,35.67847],[139.79004,35.67867]]}},{"type":"Feature","properties":{"tunnel":0},"geometry":{"type":"LineString","coordinates":[[139.79274,35.67754],[139.79167,35.67796]]}},{"type":"Feature","properties":{"tunnel":0},"geometry":{"type":"LineString","coordinates":[[139.79537,35.67515],[139.79514,35.67586],[139.79502,35.67617],[139.7949,35.67636],[139.79482,35.67648],[139.79469,35.67661],[139.7945,35.67678],[139.79435,35.67687],[139.79405,35.67701],[139.79359,35.6772],[139.79311,35.6774],[139.79274,35.67754]]}},{"type":"Feature","properties":{"tunnel":0},"geometry":{"type":"LineString","coordinates":[[139.79167,35.67788],[139.79242,35.67757],[139.79271,35.67745],[139.79297,35.67734],[139.79384,35.67698],[139.79416,35.67681],[139.79444,35.67663],[139.79459,35.67648],[139.79469,35.67637],[139.79478,35.67624],[139.79484,35.67613]]}},{"type":"Feature","properties":{"tunnel":0},"geometry":{"type":"LineString","coordinates":[[139.79498,35.67515],[139.79493,35.67538],[139.7948,35.67577],[139.79471,35.676],[139.79464,35.67615],[139.79452,35.67633],[139.79439,35.67648],[139.79423,35.67662],[139.7941,35.67671],[139.79365,35.67692],[139.79327,35.6771],[139.79242,35.67748],[139.79167,35.67781]]}},{"type":"Feature","properties":{"tunnel":0},"geometry":{"type":"LineString","coordinates":[[139.79484,35.67613],[139.79488,35.6761],[139.79496,35.67601],[139.79522,35.67515]]}},{"type":"Feature","properties":{"tunnel":0},"geometry":{"type":"LineString","coordinates":[[139.79485,35.67597],[139.79483,35.67608],[139.79484,35.67613]]}},{"type":"Feature","properties":{"tunnel":0},"geometry":{"type":"LineString","coordinates":[[139.79485,35.67597],[139.79512,35.67516],[139.79512,35.67515]]}},{"type":"Feature","properties":{"tunnel":0},"geometry":{"type":"LineString","coordinates":[[139.79527,35.675],[139.79532,35.67483],[139.7954,35.67465],[139.79551,35.67446],[139.79553,35.67443]]}},{"type":"Feature","properties":{"tunnel":0},"geometry":{"type":"LineString","coordinates":[[139.79553,35.67416],[139.79544,35.67426],[139.79533,35.67441],[139.79526,35.67454],[139.7952,35.67468],[139.7951,35.675]]}},{"type":"Feature","properties":{"tunnel":0},"geometry":{"type":"LineString","coordinates":[[139.79547,35.67484],[139.79542,35.675]]}},{"type":"Feature","properties":{"tunnel":0},"geometry":{"type":"LineString","coordinates":[[139.79553,35.67473],[139.79547,35.67484]]}},{"type":"Feature","properties":{"tunnel":0},"geometry":{"type":"LineString","coordinates":[[139.7951,35.675],[139.79509,35.67504]]}},{"type":"Feature","properties":{"tunnel":0},"geometry":{"type":"LineString","coordinates":[[139.79542,35.675],[139.79537,35.67515]]}},{"type":"Feature","properties":{"tunnel":0},"geometry":{"type":"LineString","coordinates":[[139.79509,35.67504],[139.79499,35.67513],[139.79498,35.67515]]}},{"type":"Feature","properties":{"tunnel":0},"geometry":{"type":"LineString","coordinates":[[139.79522,35.67515],[139.79527,35.675]]}},{"type":"Feature","properties":{"tunnel":0},"geometry":{"type":"LineString","coordinates":[[139.79512,35.67515],[139.79509,35.67504]]}},{"type":"Feature","properties":{"tunnel":0},"geometry":{"type":"LineString","coordinates":[[139.79004,35.68371],[139.79051,35.68407]]}},{"type":"Feature","properties":{"tunnel":0},"geometry":{"type":"LineString","coordinates":[[139.79004,35.68383],[139.79019,35.68395],[139.79035,35.68407]]}},{"type":"Feature","properties":{"tunnel":0},"geometry":{"type":"LineString","coordinates":[[139.79008,35.6836],[139.79004,35.68357]]}},{"type":"Feature","properties":{"tunnel":0},"geometry":{"type":"LineString","coordinates":[[139.79071,35.68407],[139.7902,35.68368],[139.79008,35.6836]]}},{"type":"Feature","properties":{"tunnel":0},"geometry":{"type":"LineString","coordinates":[[139.79143,35.68479],[139.7914,35.68465],[139.79129,35.68454]]}},{"type":"Feature","properties":{"tunnel":0},"geometry":{"type":"LineString","coordinates":[[139.79051,35.68407],[139.7908,35.68429]]}},{"type":"Feature","properties":{"tunnel":0},"geometry":{"type":"LineString","coordinates":[[139.79035,35.68407],[139.79078,35.6844]]}},{"type":"Feature","properties":{"tunnel":0},"geometry":{"type":"LineString","coordinates":[[139.7908,35.68429],[139.79108,35.68451],[139.79124,35.68464]]}},{"type":"Feature","properties":{"tunnel":0},"geometry":{"type":"LineString","coordinates":[[139.79078,35.6844],[139.7908,35.68442],[139.7911,35.68465]]}},{"type":"Feature","properties":{"tunnel":0},"geometry":{"type":"LineString","coordinates":[[139.79125,35.68716],[139.79143,35.68696],[139.79157,35.68678],[139.79165,35.68667],[139.79167,35.68665]]}},{"type":"Feature","properties":{"tunnel":0},"geometry":{"type":"LineString","coordinates":[[139.79124,35.68464],[139.79143,35.68479]]}},{"type":"Feature","properties":{"tunnel":0},"geometry":{"type":"LineString","coordinates":[[139.7911,35.68465],[139.79122,35.68474],[139.79145,35.6848]]}},{"type":"Feature","properties":{"tunnel":0},"geometry":{"type":"LineString","coordinates":[[139.79129,35.68454],[139.79091,35.68423]]}},{"type":"Feature","properties":{"tunnel":0},"geometry":{"type":"LineString","coordinates":[[139.79145,35.6848],[139.79143,35.68479]]}},{"type":"Feature","properties":{"tunnel":0},"geometry":{"type":"LineString","coordinates":[[139.79004,35.68811],[139.79029,35.68788],[139.79041,35.6878],[139.79075,35.68756],[139.7911,35.6873],[139.79122,35.68719],[139.79125,35.68716]]}},{"type":"Feature","properties":{"tunnel":0},"geometry":{"type":"LineString","coordinates":[[139.79091,35.68423],[139.79078,35.68413],[139.79071,35.68407]]}},{"type":"Feature","properties":{"tunnel":0},"geometry":{"type":"LineString","coordinates":[[139.79167,35.68498],[139.79165,35.68497],[139.79165,35.68496],[139.79145,35.6848]]}},{"type":"Feature","properties":{"tunnel":0},"geometry":{"type":"LineString","coordinates":[[139.79176,35.68507],[139.79167,35.68498]]}},{"type":"Feature","properties":{"tunnel":0},"geometry":{"type":"LineString","coordinates":[[139.79167,35.68665],[139.7918,35.68644],[139.79192,35.68623],[139.79198,35.68611],[139.79203,35.68599],[139.79205,35.68575],[139.79204,35.68556],[139.79201,35.68544],[139.79199,35.6854]]}},{"type":"Feature","properties":{"tunnel":0},"geometry":{"type":"LineString","coordinates":[[139.79199,35.6854],[139.79192,35.68528]]}},{"type":"Feature","properties":{"tunnel":0},"geometry":{"type":"LineString","coordinates":[[139.79192,35.68528],[139.79189,35.68522],[139.79176,35.68507]]}},{"type":"Feature","properties":{"tunnel":0},"geometry":{"type":"LineString","coordinates":[[139.79167,35.69724],[139.79164,35.69721],[139.79129,35.69686],[139.79078,35.69637],[139.79056,35.69611],[139.79028,35.69569],[139.79019,35.69554],[139.7901,35.69539],[139.79004,35.69525]]}},{"type":"Feature","properties":{"tunnel":0},"geometry":{"type":"LineString","coordinates":[[139.79186,35.69746],[139.79167,35.69724]]}},{"type":"Feature","properties":{"tunnel":0},"geometry":{"type":"LineString","coordinates":[[139.79065,35.69167],[139.79054,35.69162],[139.79048,35.69159],[139.79027,35.69147],[139.79006,35.69134],[139.79004,35.69132]]}},{"type":"Feature","properties":{"tunnel":0},"geometry":{"type":"LineString","coordinates":[[139.79167,35.69185],[139.79152,35.69184]]}},{"type":"Feature","properties":{"tunnel":0},"geometry":{"type":"LineString","coordinates":[[139.79152,35.69184],[139.79147,35.69184],[139.79115,35.69181],[139.79096,35.69177],[139.7908,35.69172],[139.79065,35.69167]]}},{"type":"Feature","properties":{"tunnel":0},"geometry":{"type":"LineString","coordinates":[[139.79553,35.69206],[139.79341,35.69195],[139.7925,35.69191],[139.79167,35.69185],[139.79167,35.69185]]}},{"type":"Feature","properties":{"tunnel":0},"geometry":{"type":"LineString","coordinates":[[139.79377,35.7],[139.79377,35.7],[139.79347,35.6995],[139.79335,35.69928],[139.79312,35.69898],[139.7925,35.69822],[139.79199,35.6976],[139.79186,35.69746]]}},{"type":"Feature","properties":{"tunnel":0},"geometry":{"type":"LineString","coordinates":[[139.79478,35.70192],[139.79462,35.70151],[139.79455,35.70138],[139.79446,35.7012],[139.79423,35.7008],[139.79405,35.70049],[139.79377,35.7]]}},{"type":"Feature","properties":{"tunnel":0},"geometry":{"type":"LineString","coordinates":[[139.79553,35.70356],[139.79542,35.70337],[139.79512,35.70279],[139.79495,35.70239],[139.79479,35.70195],[139.79478,35.70192]]}},{"type":"Feature","properties":{"tunnel":0},"geometry":{"type":"LineString","coordinates":[[139.79167,35.7614],[139.79165,35.7614],[139.79145,35.76137],[139.79125,35.76133],[139.7907,35.76124],[139.79004,35.76113]]}},{"type":"Feature","properties":{"tunnel":0},"geometry":{"type":"LineString","coordinates":[[139.79553,35.76202],[139.79517,35.76198],[139.79469,35.76189],[139.79461,35.76183]]}},{"type":"Feature","properties":{"tunnel":0},"geometry":{"type":"LineString","coordinates":[[139.79461,35.76183],[139.7943,35.76179],[139.79396,35.76175]]}},{"type":"Feature","properties":{"tunnel":0},"geometry":{"type":"LineString","coordinates":[[139.79553,35.76189],[139.79499,35.76184],[139.79482,35.76182],[139.79471,35.7618],[139.79461,35.76183]]}},{"type":"Feature","properties":{"tunnel":0},"geometry":{"type":"LineString","coordinates":[[139.79396,35.76175],[139.79387,35.76174],[139.7933,35.76166],[139.79218,35.76149],[139.79183,35.76143],[139.79167,35.7614]]}},{"type":"Feature","properties":{"tunnel":0},"geometry":{"type":"LineString","coordinates":[[139.79004,35.51906],[139.78983,35.51913],[139.78941,35.51926],[139.78888,35.51952],[139.78867,35.51964]]}},{"type":"Feature","properties":{"tunnel":0},"geometry":{"type":"LineString","coordinates":[[139.78964,35.51881],[139.78961,35.51884],[139.7895,35.51898]]}},{"type":"Feature","properties":{"tunnel":0},"geometry":{"type":"LineString","coordinates":[[139.78938,35.51881],[139.78921,35.51904],[139.78896,35.5193],[139.78872,35.51955],[139.78867,35.51964]]}},{"type":"Feature","properties":{"tunnel":1},"geometry":{"type":"LineString","coordinates":[[139.7895,35.51898],[139.78947,35.51912],[139.7895,35.51929],[139.7896,35.51943],[139.78971,35.5195],[139.7898,35.51953],[139.78988,35.51954]]}},{"type":"Feature","properties":{"tunnel":0},"geometry":{"type":"LineString","coordinates":[[139.79004,35.51969],[139.78908,35.51995],[139.78856,35.5202]]}},{"type":"Feature","properties":{"tunnel":0},"geometry":{"type":"LineString","coordinates":[[139.78988,35.51954],[139.79,35.51955],[139.79004,35.51955]]}},{"type":"Feature","properties":{"tunnel":0},"geometry":{"type":"LineString","coordinates":[[139.78821,35.52022],[139.78877,35.51982],[139.78908,35.51964]]}},{"type":"Feature","properties":{"tunnel":0},"geometry":{"type":"LineString","coordinates":[[139.78908,35.51964],[139.78967,35.51934],[139.79004,35.51919]]}},{"type":"Feature","properties":{"tunnel":0},"geometry":{"type":"LineString","coordinates":[[139.78713,35.52084],[139.78777,35.52049],[139.78807,35.5203],[139.78821,35.52022]]}},{"type":"Feature","properties":{"tunnel":0},"geometry":{"type":"LineString","coordinates":[[139.79004,35.51977],[139.79001,35.51978],[139.78965,35.51988],[139.7892,35.51999],[139.7888,35.52014],[139.78856,35.5202]]}},{"type":"Feature","properties":{"tunnel":0},"geometry":{"type":"LineString","coordinates":[[139.78821,35.52022],[139.78863,35.52006]]}},{"type":"Feature","properties":{"tunnel":0},"geometry":{"type":"LineString","coordinates":[[139.78863,35.52006],[139.78886,35.51998],[139.78915,35.51989],[139.78961,35.51972],[139.7898,35.51967],[139.79004,35.51963]]}},{"type":"Feature","properties":{"tunnel":0},"geometry":{"type":"LineString","coordinates":[[139.79004,35.51933],[139.78921,35.51976],[139.78895,35.5199],[139.78863,35.52006]]}},{"type":"Feature","properties":{"tunnel":0},"geometry":{"type":"LineString","coordinates":[[139.79004,35.5189],[139.79003,35.51891],[139.78988,35.51903],[139.78969,35.51917],[139.78942,35.51932],[139.78886,35.51961],[139.78846,35.51984],[139.78769,35.52042],[139.78725,35.52071],[139.78713,35.52084]]}},{"type":"Feature","properties":{"tunnel":0},"geometry":{"type":"LineString","coordinates":[[139.78713,35.52084],[139.78637,35.52128],[139.78557,35.5218],[139.78499,35.52218],[139.78455,35.52245]]}},{"type":"Feature","properties":{"tunnel":0},"geometry":{"type":"LineString","coordinates":[[139.7895,35.54558],[139.78946,35.54564]]}},{"type":"Feature","properties":{"tunnel":1},"geometry":{"type":"LineString","coordinates":[[139.79004,35.54482],[139.7895,35.54558]]}},{"type":"Feature","properties":{"tunnel":0},"geometry":{"type":"LineString","coordinates":[[139.78657,35.54977],[139.78682,35.54943]]}},{"type":"Feature","properties":{"tunnel":0},"geometry":{"type":"LineString","coordinates":[[139.7864,35.55],[139.78643,35.54997],[139.78657,35.54977]]}},{"type":"Feature","properties":{"tunnel":0},"geometry":{"type":"LineString","coordinates":[[139.78946,35.54564],[139.78874,35.54665],[139.78867,35.54675]]}},{"type":"Feature","properties":{"tunnel":0},"geometry":{"type":"LineString","coordinates":[[139.78727,35.54876],[139.78682,35.54943]]}},{"type":"Feature","properties":{"tunnel":0},"geometry":{"type":"LineString","coordinates":[[139.78731,35.5487],[139.78727,35.54876]]}},{"type":"Feature","properties":{"tunnel":0},"geometry":{"type":"LineString","coordinates":[[139.78863,35.5468],[139.78831,35.54726],[139.78786,35.5479],[139.78731,35.5487]]}},{"type":"Feature","properties":{"tunnel":0},"geometry":{"type":"LineString","coordinates":[[139.78867,35.54675],[139.78863,35.5468]]}},{"type":"Feature","properties":{"tunnel":0},"geometry":{"type":"LineString","coordinates":[[139.78659,35.55],[139.78673,35.54971],[139.78682,35.54943]]}},{"type":"Feature","properties":{"tunnel":0},"geometry":{"type":"LineString","coordinates":[[139.78632,35.55011],[139.78633,35.5501],[139.7864,35.55]]}},{"type":"Feature","properties":{"tunnel":0},"geometry":{"type":"LineString","coordinates":[[139.78653,35.55011],[139.78659,35.55]]}},{"type":"Feature","properties":{"tunnel":0},"geometry":{"type":"LineString","coordinates":[[139.7857,35.5509],[139.78632,35.55011]]}},{"type":"Feature","properties":{"tunnel":0},"geometry":{"type":"LineString","coordinates":[[139.78557,35.55108],[139.7857,35.5509]]}},{"type":"Feature","properties":{"tunnel":0},"geometry":{"type":"LineString","coordinates":[[139.78455,35.55255],[139.78477,35.55221],[139.78502,35.55187],[139.78527,35.55151],[139.78557,35.55108]]}},{"type":"Feature","properties":{"tunnel":0},"geometry":{"type":"LineString","coordinates":[[139.78565,35.55137],[139.78602,35.55088],[139.78629,35.5505],[139.78646,35.55022],[139.78653,35.55011]]}},{"type":"Feature","properties":{"tunnel":0},"geometry":{"type":"LineString","coordinates":[[139.78565,35.55137],[139.78505,35.55222],[139.78497,35.5523],[139.78484,35.55246],[139.78472,35.55254],[139.78461,35.55258],[139.78455,35.55259]]}},{"type":"Feature","properties":{"tunnel":0},"geometry":{"type":"LineString","coordinates":[[139.78455,35.55327],[139.78462,35.55325],[139.7848,35.55325],[139.78495,35.55328],[139.78504,35.55331]]}},{"type":"Feature","properties":{"tunnel":0},"geometry":{"type":"LineString","coordinates":[[139.78455,35.55216],[139.7849,35.55166],[139.78508,35.55143],[139.78531,35.55123],[139.78557,35.55108]]}},{"type":"Feature","properties":{"tunnel":0},"geometry":{"type":"LineString","coordinates":[[139.78759,35.6332],[139.78785,35.63333]]}},{"type":"Feature","properties":{"tunnel":0},"geometry":{"type":"LineString","coordinates":[[139.78746,35.63273],[139.78796,35.63301],[139.78828,35.63318],[139.78848,35.63329],[139.78852,35.63333]]}},{"type":"Feature","properties":{"tunnel":0},"geometry":{"type":"LineString","coordinates":[[139.78746,35.63273],[139.78642,35.63215]]}},{"type":"Feature","properties":{"tunnel":0},"geometry":{"type":"LineString","coordinates":[[139.78618,35.63244],[139.78649,35.63261],[139.78759,35.6332]]}},{"type":"Feature","properties":{"tunnel":0},"geometry":{"type":"LineString","coordinates":[[139.78559,35.63191],[139.78571,35.63198]]}},{"type":"Feature","properties":{"tunnel":0},"geometry":{"type":"LineString","coordinates":[[139.7876,35.63301],[139.78811,35.63328],[139.78821,35.63333]]}},{"type":"Feature","properties":{"tunnel":0},"geometry":{"type":"LineString","coordinates":[[139.78571,35.63198],[139.7863,35.6323]]}},{"type":"Feature","properties":{"tunnel":0},"geometry":{"type":"LineString","coordinates":[[139.78455,35.63135],[139.78464,35.6314]]}},{"type":"Feature","properties":{"tunnel":0},"geometry":{"type":"LineString","coordinates":[[139.78455,35.63173],[139.78466,35.63175],[139.78494,35.63182],[139.78508,35.63188],[139.78529,35.63197],[139.7856,35.63213],[139.78609,35.6324],[139.78618,35.63244]]}},{"type":"Feature","properties":{"tunnel":0},"geometry":{"type":"LineString","coordinates":[[139.78642,35.63215],[139.78622,35.63204],[139.78562,35.63172],[139.78545,35.63164],[139.78535,35.63159],[139.78521,35.63154],[139.78508,35.6315],[139.78494,35.63146],[139.78482,35.63143],[139.78475,35.63143]]}},{"type":"Feature","properties":{"tunnel":0},"geometry":{"type":"LineString","coordinates":[[139.78464,35.6314],[139.78559,35.63191]]}},{"type":"Feature","properties":{"tunnel":0},"geometry":{"type":"LineString","coordinates":[[139.78475,35.63143],[139.78461,35.63141],[139.78455,35.63141]]}},{"type":"Feature","properties":{"tunnel":0},"geometry":{"type":"LineString","coordinates":[[139.7863,35.6323],[139.7876,35.63301]]}},{"type":"Feature","properties":{"tunnel":0},"geometry":{"type":"LineString","coordinates":[[139.78785,35.63333],[139.78829,35.63355],[139.78897,35.63375]]}},{"type":"Feature","properties":{"tunnel":0},"geometry":{"type":"LineString","coordinates":[[139.78852,35.63333],[139.78897,35.63375]]}},{"type":"Feature","properties":{"tunnel":0},"geometry":{"type":"LineString","coordinates":[[139.78897,35.63375],[139.78975,35.63418]]}},{"type":"Feature","properties":{"tunnel":0},"geometry":{"type":"LineString","coordinates":[[139.78975,35.63418],[139.79004,35.63433]]}},{"type":"Feature","properties":{"tunnel":0},"geometry":{"type":"LineString","coordinates":[[139.78821,35.63333],[139.78823,35.63335]]}},{"type":"Feature","properties":{"tunnel":0},"geometry":{"type":"LineString","coordinates":[[139.78823,35.63335],[139.78897,35.63375]]}},{"type":"Feature","properties":{"tunnel":0},"geometry":{"type":"LineString","coordinates":[[139.7877,35.68407],[139.78718,35.68475]]}},{"type":"Feature","properties":{"tunnel":0},"geometry":{"type":"LineString","coordinates":[[139.78959,35.68853],[139.7897,35.68841]]}},{"type":"Feature","properties":{"tunnel":0},"geometry":{"type":"LineString","coordinates":[[139.7897,35.68841],[139.78969,35.68852]]}},{"type":"Feature","properties":{"tunnel":0},"geometry":{"type":"LineString","coordinates":[[139.7897,35.68841],[139.78982,35.6883],[139.79004,35.68811]]}},{"type":"Feature","properties":{"tunnel":0},"geometry":{"type":"LineString","coordinates":[[139.78969,35.68852],[139.78968,35.68853]]}},{"type":"Feature","properties":{"tunnel":0},"geometry":{"type":"LineString","coordinates":[[139.78718,35.68475],[139.78696,35.68504]]}},{"type":"Feature","properties":{"tunnel":0},"geometry":{"type":"LineString","coordinates":[[139.78778,35.67961],[139.78778,35.67961]]}},{"type":"Feature","properties":{"tunnel":0},"geometry":{"type":"LineString","coordinates":[[139.79004,35.67849],[139.79,35.67851]]}},{"type":"Feature","properties":{"tunnel":0},"geometry":{"type":"LineString","coordinates":[[139.78794,35.67944],[139.78797,35.67942],[139.78817,35.67926],[139.78848,35.67908]]}},{"type":"Feature","properties":{"tunnel":0},"geometry":{"type":"LineString","coordinates":[[139.78866,35.67903],[139.78849,35.67915]]}},{"type":"Feature","properties":{"tunnel":0},"geometry":{"type":"LineString","coordinates":[[139.78849,35.67915],[139.78828,35.67927],[139.78813,35.67938],[139.78801,35.67946]]}},{"type":"Feature","properties":{"tunnel":0},"geometry":{"type":"LineString","coordinates":[[139.78778,35.67961],[139.78794,35.67944]]}},{"type":"Feature","properties":{"tunnel":0},"geometry":{"type":"LineString","coordinates":[[139.78856,35.6792],[139.78843,35.67928],[139.7883,35.67935],[139.78816,35.67946],[139.78809,35.67952]]}},{"type":"Feature","properties":{"tunnel":0},"geometry":{"type":"LineString","coordinates":[[139.78801,35.67946],[139.78794,35.67954],[139.78787,35.67961]]}},{"type":"Feature","properties":{"tunnel":0},"geometry":{"type":"LineString","coordinates":[[139.78809,35.67952],[139.78805,35.67956],[139.788,35.67961]]}},{"type":"Feature","properties":{"tunnel":0},"geometry":{"type":"LineString","coordinates":[[139.79004,35.6786],[139.78976,35.6787],[139.78943,35.67883],[139.78869,35.67914],[139.78856,35.6792]]}},{"type":"Feature","properties":{"tunnel":0},"geometry":{"type":"LineString","coordinates":[[139.78848,35.67908],[139.78861,35.67904],[139.78866,35.67903]]}},{"type":"Feature","properties":{"tunnel":0},"geometry":{"type":"LineString","coordinates":[[139.79,35.67851],[139.78939,35.67874]]}},{"type":"Feature","properties":{"tunnel":0},"geometry":{"type":"LineString","coordinates":[[139.78939,35.67874],[139.78908,35.67886],[139.78866,35.67903]]}},{"type":"Feature","properties":{"tunnel":0},"geometry":{"type":"LineString","coordinates":[[139.78814,35.67961],[139.78813,35.67961]]}},{"type":"Feature","properties":{"tunnel":0},"geometry":{"type":"LineString","coordinates":[[139.78946,35.67891],[139.78874,35.67921],[139.78853,35.67931],[139.78838,35.67941],[139.78824,35.67951],[139.78814,35.67961]]}},{"type":"Feature","properties":{"tunnel":0},"geometry":{"type":"LineString","coordinates":[[139.79004,35.67867],[139.78946,35.67891]]}},{"type":"Feature","properties":{"tunnel":0},"geometry":{"type":"LineString","coordinates":[[139.78766,35.67977],[139.78776,35.67963],[139.78778,35.67961]]}},{"type":"Feature","properties":{"tunnel":0},"geometry":{"type":"LineString","coordinates":[[139.78718,35.68044],[139.78724,35.68035],[139.78733,35.68021],[139.78753,35.67993],[139.78766,35.67977]]}},{"type":"Feature","properties":{"tunnel":0},"geometry":{"type":"LineString","coordinates":[[139.78552,35.68104],[139.78507,35.68089],[139.78464,35.6807]]}},{"type":"Feature","properties":{"tunnel":0},"geometry":{"type":"LineString","coordinates":[[139.78717,35.68158],[139.78741,35.68163]]}},{"type":"Feature","properties":{"tunnel":0},"geometry":{"type":"LineString","coordinates":[[139.78708,35.68153],[139.78697,35.68149]]}},{"type":"Feature","properties":{"tunnel":0},"geometry":{"type":"LineString","coordinates":[[139.78787,35.67977],[139.78724,35.68056]]}},{"type":"Feature","properties":{"tunnel":0},"geometry":{"type":"LineString","coordinates":[[139.78667,35.68133],[139.7865,35.68124]]}},{"type":"Feature","properties":{"tunnel":0},"geometry":{"type":"LineString","coordinates":[[139.7865,35.68124],[139.7864,35.68119]]}},{"type":"Feature","properties":{"tunnel":0},"geometry":{"type":"LineString","coordinates":[[139.78648,35.68121],[139.78659,35.68115],[139.7867,35.68108],[139.7868,35.68101]]}},{"type":"Feature","properties":{"tunnel":0},"geometry":{"type":"LineString","coordinates":[[139.78697,35.68149],[139.78678,35.68139]]}},{"type":"Feature","properties":{"tunnel":0},"geometry":{"type":"LineString","coordinates":[[139.78678,35.68139],[139.78667,35.68133]]}},{"type":"Feature","properties":{"tunnel":0},"geometry":{"type":"LineString","coordinates":[[139.78967,35.68333],[139.78961,35.68329],[139.78922,35.68302],[139.78912,35.68292],[139.78909,35.68285]]}},{"type":"Feature","properties":{"tunnel":0},"geometry":{"type":"LineString","coordinates":[[139.78909,35.68285],[139.789,35.68269],[139.78893,35.68257]]}},{"type":"Feature","properties":{"tunnel":0},"geometry":{"type":"LineString","coordinates":[[139.78702,35.68097],[139.78698,35.68109]]}},{"type":"Feature","properties":{"tunnel":0},"geometry":{"type":"LineString","coordinates":[[139.78698,35.68109],[139.78698,35.68112],[139.78694,35.68126],[139.78695,35.6814],[139.78701,35.68147],[139.78708,35.68153]]}},{"type":"Feature","properties":{"tunnel":0},"geometry":{"type":"LineString","coordinates":[[139.78784,35.67964],[139.78772,35.67979]]}},{"type":"Feature","properties":{"tunnel":0},"geometry":{"type":"LineString","coordinates":[[139.78772,35.67979],[139.78762,35.6799],[139.78735,35.68024],[139.78718,35.68046]]}},{"type":"Feature","properties":{"tunnel":0},"geometry":{"type":"LineString","coordinates":[[139.78718,35.68046],[139.78704,35.68066]]}},{"type":"Feature","properties":{"tunnel":0},"geometry":{"type":"LineString","coordinates":[[139.78787,35.67961],[139.78784,35.67964]]}},{"type":"Feature","properties":{"tunnel":0},"geometry":{"type":"LineString","coordinates":[[139.7864,35.68119],[139.78614,35.68107]]}},{"type":"Feature","properties":{"tunnel":0},"geometry":{"type":"LineString","coordinates":[[139.78735,35.68053],[139.78709,35.68086],[139.78702,35.68097]]}},{"type":"Feature","properties":{"tunnel":0},"geometry":{"type":"LineString","coordinates":[[139.788,35.67961],[139.78797,35.67965],[139.78787,35.67977]]}},{"type":"Feature","properties":{"tunnel":0},"geometry":{"type":"LineString","coordinates":[[139.78614,35.68107],[139.78634,35.68105],[139.78643,35.68103],[139.78652,35.681],[139.78665,35.68094],[139.7868,35.68084],[139.78702,35.68065],[139.78718,35.68044]]}},{"type":"Feature","properties":{"tunnel":0},"geometry":{"type":"LineString","coordinates":[[139.78717,35.68158],[139.78708,35.68153]]}},{"type":"Feature","properties":{"tunnel":0},"geometry":{"type":"LineString","coordinates":[[139.78741,35.68163],[139.78845,35.68217],[139.78865,35.68225]]}},{"type":"Feature","properties":{"tunnel":0},"geometry":{"type":"LineString","coordinates":[[139.78895,35.68246],[139.78902,35.68268],[139.78911,35.68286]]}},{"type":"Feature","properties":{"tunnel":0},"geometry":{"type":"LineString","coordinates":[[139.78865,35.68225],[139.78895,35.68246]]}},{"type":"Feature","properties":{"tunnel":0},"geometry":{"type":"LineString","coordinates":[[139.78632,35.68154],[139.78647,35.6816]]}},{"type":"Feature","properties":{"tunnel":0},"geometry":{"type":"LineString","coordinates":[[139.78898,35.68296],[139.78953,35.68333]]}},{"type":"Feature","properties":{"tunnel":0},"geometry":{"type":"LineString","coordinates":[[139.78889,35.683],[139.78906,35.68311],[139.78936,35.68333]]}},{"type":"Feature","properties":{"tunnel":0},"geometry":{"type":"LineString","coordinates":[[139.78535,35.68124],[139.78505,35.68111]]}},{"type":"Feature","properties":{"tunnel":0},"geometry":{"type":"LineString","coordinates":[[139.78688,35.68187],[139.78684,35.68181],[139.78677,35.6817]]}},{"type":"Feature","properties":{"tunnel":0},"geometry":{"type":"LineString","coordinates":[[139.78672,35.68139],[139.78677,35.6812]]}},{"type":"Feature","properties":{"tunnel":0},"geometry":{"type":"LineString","coordinates":[[139.78677,35.6817],[139.78674,35.68161],[139.78672,35.68153],[139.78671,35.68146],[139.78672,35.68139]]}},{"type":"Feature","properties":{"tunnel":0},"geometry":{"type":"LineString","coordinates":[[139.78677,35.6812],[139.787,35.68078],[139.78704,35.68066]]}},{"type":"Feature","properties":{"tunnel":0},"geometry":{"type":"LineString","coordinates":[[139.78708,35.68206],[139.78702,35.68201],[139.78697,35.68197],[139.78694,35.68193],[139.78688,35.68187]]}},{"type":"Feature","properties":{"tunnel":0},"geometry":{"type":"LineString","coordinates":[[139.78778,35.68211],[139.78797,35.68219],[139.78819,35.68232],[139.78825,35.68239]]}},{"type":"Feature","properties":{"tunnel":0},"geometry":{"type":"LineString","coordinates":[[139.78825,35.68239],[139.78844,35.68249],[139.78863,35.68262],[139.78871,35.68269],[139.78875,35.68272],[139.78876,35.68281]]}},{"type":"Feature","properties":{"tunnel":0},"geometry":{"type":"LineString","coordinates":[[139.78865,35.68286],[139.78881,35.68274],[139.78888,35.68268],[139.7889,35.68264],[139.78893,35.68257]]}},{"type":"Feature","properties":{"tunnel":0},"geometry":{"type":"LineString","coordinates":[[139.78886,35.68288],[139.78891,35.68291]]}},{"type":"Feature","properties":{"tunnel":0},"geometry":{"type":"LineString","coordinates":[[139.78557,35.6812],[139.78614,35.68146]]}},{"type":"Feature","properties":{"tunnel":0},"geometry":{"type":"LineString","coordinates":[[139.78614,35.68146],[139.78632,35.68154]]}},{"type":"Feature","properties":{"tunnel":0},"geometry":{"type":"LineString","coordinates":[[139.78704,35.68066],[139.7869,35.6808],[139.78684,35.68085],[139.78675,35.68092]]}},{"type":"Feature","properties":{"tunnel":0},"geometry":{"type":"LineString","coordinates":[[139.78632,35.68154],[139.78653,35.68156]]}},{"type":"Feature","properties":{"tunnel":0},"geometry":{"type":"LineString","coordinates":[[139.78496,35.68115],[139.78516,35.68121]]}},{"type":"Feature","properties":{"tunnel":0},"geometry":{"type":"LineString","coordinates":[[139.78646,35.68106],[139.78631,35.68111],[139.78622,35.68112]]}},{"type":"Feature","properties":{"tunnel":0},"geometry":{"type":"LineString","coordinates":[[139.78675,35.68092],[139.78658,35.68102],[139.78646,35.68106]]}},{"type":"Feature","properties":{"tunnel":0},"geometry":{"type":"LineString","coordinates":[[139.78516,35.68121],[139.78538,35.68126],[139.78547,35.68128],[139.78561,35.68129]]}},{"type":"Feature","properties":{"tunnel":0},"geometry":{"type":"LineString","coordinates":[[139.78576,35.68129],[139.7859,35.68129],[139.78601,35.68129],[139.78615,35.68128],[139.78632,35.68125],[139.78648,35.68121]]}},{"type":"Feature","properties":{"tunnel":0},"geometry":{"type":"LineString","coordinates":[[139.78693,35.68148],[139.78694,35.68151],[139.78697,35.68157],[139.78701,35.68163],[139.78706,35.68169]]}},{"type":"Feature","properties":{"tunnel":0},"geometry":{"type":"LineString","coordinates":[[139.78653,35.68156],[139.78676,35.68159],[139.78691,35.68162]]}},{"type":"Feature","properties":{"tunnel":0},"geometry":{"type":"LineString","coordinates":[[139.78706,35.68169],[139.78713,35.68175],[139.78723,35.68182],[139.78737,35.68191],[139.78778,35.68211]]}},{"type":"Feature","properties":{"tunnel":0},"geometry":{"type":"LineString","coordinates":[[139.78561,35.68129],[139.78576,35.68129]]}},{"type":"Feature","properties":{"tunnel":0},"geometry":{"type":"LineString","coordinates":[[139.78607,35.68155],[139.78535,35.68124]]}},{"type":"Feature","properties":{"tunnel":0},"geometry":{"type":"LineString","coordinates":[[139.78614,35.68107],[139.78599,35.68107]]}},{"type":"Feature","properties":{"tunnel":0},"geometry":{"type":"LineString","coordinates":[[139.78851,35.68304],[139.78826,35.68333],[139.78826,35.68333]]}},{"type":"Feature","properties":{"tunnel":0},"geometry":{"type":"LineString","coordinates":[[139.78455,35.68099],[139.78476,35.68108],[139.78496,35.68115]]}},{"type":"Feature","properties":{"tunnel":0},"geometry":{"type":"LineString","coordinates":[[139.78891,35.68291],[139.78898,35.68296]]}},{"type":"Feature","properties":{"tunnel":0},"geometry":{"type":"LineString","coordinates":[[139.7868,35.68101],[139.78716,35.6806],[139.78724,35.68056]]}},{"type":"Feature","properties":{"tunnel":0},"geometry":{"type":"LineString","coordinates":[[139.78724,35.68056],[139.78724,35.68063],[139.78701,35.68095],[139.78693,35.68113],[139.7869,35.68124],[139.78689,35.68133],[139.7869,35.6814],[139.78693,35.68148]]}},{"type":"Feature","properties":{"tunnel":0},"geometry":{"type":"LineString","coordinates":[[139.78647,35.6816],[139.78658,35.68164],[139.78699,35.68183]]}},{"type":"Feature","properties":{"tunnel":0},"geometry":{"type":"LineString","coordinates":[[139.78636,35.68168],[139.78639,35.68172]]}},{"type":"Feature","properties":{"tunnel":0},"geometry":{"type":"LineString","coordinates":[[139.7874,35.68211],[139.78671,35.68179],[139.78642,35.68167],[139.78636,35.68168]]}},{"type":"Feature","properties":{"tunnel":0},"geometry":{"type":"LineString","coordinates":[[139.78636,35.68168],[139.78607,35.68155]]}},{"type":"Feature","properties":{"tunnel":0},"geometry":{"type":"LineString","coordinates":[[139.78886,35.68288],[139.78876,35.68281]]}},{"type":"Feature","properties":{"tunnel":0},"geometry":{"type":"LineString","coordinates":[[139.78865,35.68286],[139.78889,35.683]]}},{"type":"Feature","properties":{"tunnel":0},"geometry":{"type":"LineString","coordinates":[[139.78639,35.68172],[139.78672,35.68189],[139.78723,35.68214],[139.78785,35.68247],[139.78836,35.68272],[139.78843,35.68276]]}},{"type":"Feature","properties":{"tunnel":0},"geometry":{"type":"LineString","coordinates":[[139.78886,35.68288],[139.78881,35.68289],[139.7887,35.68283]]}},{"type":"Feature","properties":{"tunnel":0},"geometry":{"type":"LineString","coordinates":[[139.78813,35.68237],[139.78825,35.68239]]}},{"type":"Feature","properties":{"tunnel":0},"geometry":{"type":"LineString","coordinates":[[139.78876,35.68281],[139.78868,35.68276],[139.78818,35.68249]]}},{"type":"Feature","properties":{"tunnel":0},"geometry":{"type":"LineString","coordinates":[[139.7887,35.68283],[139.78842,35.68271]]}},{"type":"Feature","properties":{"tunnel":0},"geometry":{"type":"LineString","coordinates":[[139.78818,35.68249],[139.7874,35.68211]]}},{"type":"Feature","properties":{"tunnel":0},"geometry":{"type":"LineString","coordinates":[[139.78842,35.68271],[139.78837,35.68268],[139.78761,35.68233],[139.78733,35.68219],[139.78717,35.6821],[139.78708,35.68206]]}},{"type":"Feature","properties":{"tunnel":0},"geometry":{"type":"LineString","coordinates":[[139.78484,35.68083],[139.7849,35.68088],[139.78557,35.6812]]}},{"type":"Feature","properties":{"tunnel":0},"geometry":{"type":"LineString","coordinates":[[139.78505,35.68111],[139.78455,35.68088]]}},{"type":"Feature","properties":{"tunnel":0},"geometry":{"type":"LineString","coordinates":[[139.78561,35.68129],[139.78544,35.6812],[139.7851,35.68106],[139.78491,35.68096]]}},{"type":"Feature","properties":{"tunnel":0},"geometry":{"type":"LineString","coordinates":[[139.78535,35.68109],[139.78581,35.68128]]}},{"type":"Feature","properties":{"tunnel":0},"geometry":{"type":"LineString","coordinates":[[139.78622,35.68112],[139.7861,35.68114],[139.786,35.68114],[139.7859,35.68114],[139.78568,35.68112],[139.78551,35.68107],[139.7853,35.68099],[139.78495,35.68082],[139.78484,35.68083]]}},{"type":"Feature","properties":{"tunnel":0},"geometry":{"type":"LineString","coordinates":[[139.78599,35.68107],[139.78564,35.68107],[139.78552,35.68104]]}},{"type":"Feature","properties":{"tunnel":0},"geometry":{"type":"LineString","coordinates":[[139.78581,35.68128],[139.78738,35.68207],[139.78804,35.68243],[139.78843,35.68276]]}},{"type":"Feature","properties":{"tunnel":0},"geometry":{"type":"LineString","coordinates":[[139.78599,35.68107],[139.7859,35.6811],[139.78587,35.68113],[139.78585,35.68117],[139.78584,35.68121],[139.78581,35.68128]]}},{"type":"Feature","properties":{"tunnel":0},"geometry":{"type":"LineString","coordinates":[[139.78843,35.68276],[139.78865,35.68286]]}},{"type":"Feature","properties":{"tunnel":0},"geometry":{"type":"LineString","coordinates":[[139.78491,35.68096],[139.78465,35.68084],[139.78455,35.68079]]}},{"type":"Feature","properties":{"tunnel":0},"geometry":{"type":"LineString","coordinates":[[139.78484,35.68083],[139.78455,35.68069]]}},{"type":"Feature","properties":{"tunnel":0},"geometry":{"type":"LineString","coordinates":[[139.78464,35.6807],[139.78455,35.68066]]}},{"type":"Feature","properties":{"tunnel":0},"geometry":{"type":"LineString","coordinates":[[139.78699,35.68183],[139.78719,35.68192],[139.78813,35.68237]]}},{"type":"Feature","properties":{"tunnel":0},"geometry":{"type":"LineString","coordinates":[[139.78455,35.68072],[139.78487,35.68087],[139.78535,35.68109]]}},{"type":"Feature","properties":{"tunnel":0},"geometry":{"type":"LineString","coordinates":[[139.78848,35.68226],[139.78802,35.68203],[139.78717,35.68158]]}},{"type":"Feature","properties":{"tunnel":0},"geometry":{"type":"LineString","coordinates":[[139.78857,35.68231],[139.78848,35.68226]]}},{"type":"Feature","properties":{"tunnel":0},"geometry":{"type":"LineString","coordinates":[[139.78893,35.68257],[139.78887,35.68249],[139.78873,35.68239],[139.78857,35.68231]]}},{"type":"Feature","properties":{"tunnel":0},"geometry":{"type":"LineString","coordinates":[[139.78848,35.68226],[139.78839,35.68228],[139.78733,35.68174],[139.78716,35.68167],[139.78691,35.68162]]}},{"type":"Feature","properties":{"tunnel":0},"geometry":{"type":"LineString","coordinates":[[139.78865,35.68286],[139.78851,35.68304]]}},{"type":"Feature","properties":{"tunnel":0},"geometry":{"type":"LineString","coordinates":[[139.78797,35.67978],[139.78791,35.67984]]}},{"type":"Feature","properties":{"tunnel":0},"geometry":{"type":"LineString","coordinates":[[139.78791,35.67984],[139.78761,35.68019],[139.78742,35.68044],[139.78735,35.68053]]}},{"type":"Feature","properties":{"tunnel":0},"geometry":{"type":"LineString","coordinates":[[139.78813,35.67961],[139.78805,35.67969],[139.78797,35.67978]]}},{"type":"Feature","properties":{"tunnel":0},"geometry":{"type":"LineString","coordinates":[[139.78826,35.68333],[139.78815,35.68349],[139.7877,35.68407]]}},{"type":"Feature","properties":{"tunnel":0},"geometry":{"type":"LineString","coordinates":[[139.78936,35.68333],[139.78981,35.68366],[139.78994,35.68376]]}},{"type":"Feature","properties":{"tunnel":0},"geometry":{"type":"LineString","coordinates":[[139.78953,35.68333],[139.78959,35.68338],[139.79,35.68368]]}},{"type":"Feature","properties":{"tunnel":0},"geometry":{"type":"LineString","coordinates":[[139.79,35.68368],[139.79004,35.68371]]}},{"type":"Feature","properties":{"tunnel":0},"geometry":{"type":"LineString","coordinates":[[139.78994,35.68376],[139.79004,35.68383]]}},{"type":"Feature","properties":{"tunnel":0},"geometry":{"type":"LineString","coordinates":[[139.79004,35.68357],[139.78968,35.68334],[139.78967,35.68333]]}},{"type":"Feature","properties":{"tunnel":0},"geometry":{"type":"LineString","coordinates":[[139.79004,35.69525],[139.79001,35.69519],[139.78969,35.69432],[139.78968,35.69428]]}},{"type":"Feature","properties":{"tunnel":0},"geometry":{"type":"LineString","coordinates":[[139.78968,35.69428],[139.78962,35.69391],[139.78959,35.69358],[139.78959,35.69325],[139.7896,35.69301],[139.78961,35.69299]]}},{"type":"Feature","properties":{"tunnel":0},"geometry":{"type":"LineString","coordinates":[[139.78923,35.69071],[139.789,35.69052],[139.78882,35.69033]]}},{"type":"Feature","properties":{"tunnel":0},"geometry":{"type":"LineString","coordinates":[[139.78974,35.69167],[139.78972,35.69149],[139.78967,35.69137],[139.78961,35.69127],[139.7895,35.69111],[139.78904,35.69071],[139.78891,35.69054],[139.7888,35.69037],[139.78882,35.69033]]}},{"type":"Feature","properties":{"tunnel":0},"geometry":{"type":"LineString","coordinates":[[139.78952,35.69095],[139.78923,35.69071]]}},{"type":"Feature","properties":{"tunnel":0},"geometry":{"type":"LineString","coordinates":[[139.78936,35.68878],[139.78959,35.68853]]}},{"type":"Feature","properties":{"tunnel":0},"geometry":{"type":"LineString","coordinates":[[139.79004,35.69132],[139.78991,35.69123]]}},{"type":"Feature","properties":{"tunnel":0},"geometry":{"type":"LineString","coordinates":[[139.78991,35.69123],[139.78952,35.69095]]}},{"type":"Feature","properties":{"tunnel":0},"geometry":{"type":"LineString","coordinates":[[139.78985,35.69114],[139.78989,35.69128],[139.7899,35.69144]]}},{"type":"Feature","properties":{"tunnel":0},"geometry":{"type":"LineString","coordinates":[[139.78882,35.69033],[139.78873,35.69016],[139.78868,35.68995],[139.78869,35.68979],[139.78874,35.68959],[139.78887,35.68936],[139.78907,35.68912],[139.78936,35.68878]]}},{"type":"Feature","properties":{"tunnel":0},"geometry":{"type":"LineString","coordinates":[[139.78968,35.68853],[139.78931,35.68898],[139.78901,35.68939]]}},{"type":"Feature","properties":{"tunnel":0},"geometry":{"type":"LineString","coordinates":[[139.78901,35.68939],[139.78889,35.68959],[139.78883,35.68986],[139.78889,35.69013],[139.78896,35.69027],[139.78912,35.69046],[139.78961,35.69086],[139.78976,35.69101],[139.78985,35.69114]]}},{"type":"Feature","properties":{"tunnel":0},"geometry":{"type":"LineString","coordinates":[[139.7899,35.69144],[139.78987,35.69167]]}},{"type":"Feature","properties":{"tunnel":0},"geometry":{"type":"LineString","coordinates":[[139.78978,35.69189],[139.78973,35.69179],[139.78974,35.69167]]}},{"type":"Feature","properties":{"tunnel":0},"geometry":{"type":"LineString","coordinates":[[139.78986,35.69178],[139.78983,35.69184],[139.78978,35.69189]]}},{"type":"Feature","properties":{"tunnel":0},"geometry":{"type":"LineString","coordinates":[[139.78987,35.69167],[139.78986,35.69178]]}},{"type":"Feature","properties":{"tunnel":0},"geometry":{"type":"LineString","coordinates":[[139.78961,35.69299],[139.78966,35.69259],[139.78975,35.69203],[139.78978,35.69189]]}},{"type":"Feature","properties":{"tunnel":0},"geometry":{"type":"LineString","coordinates":[[139.79004,35.76113],[139.78927,35.761]]}},{"type":"Feature","properties":{"tunnel":0},"geometry":{"type":"LineString","coordinates":[[139.78803,35.7608],[139.78604,35.7605],[139.78577,35.76046],[139.78485,35.76032],[139.78455,35.76027]]}},{"type":"Feature","properties":{"tunnel":0},"geometry":{"type":"LineString","coordinates":[[139.78927,35.761],[139.78803,35.7608]]}},{"type":"Feature","properties":{"tunnel":0},"geometry":{"type":"LineString","coordinates":[[139.78313,35.52329],[139.78333,35.52316]]}},{"type":"Feature","properties":{"tunnel":0},"geometry":{"type":"LineString","coordinates":[[139.78455,35.52245],[139.78418,35.52267],[139.78361,35.52301],[139.78333,35.52316]]}},{"type":"Feature","properties":{"tunnel":0},"geometry":{"type":"LineString","coordinates":[[139.78025,35.525],[139.78104,35.52453],[139.78141,35.5243],[139.7819,35.52402],[139.78234,35.52377],[139.78272,35.52354],[139.78313,35.52329]]}},{"type":"Feature","properties":{"tunnel":0},"geometry":{"type":"LineString","coordinates":[[139.77905,35.52572],[139.77952,35.52544],[139.78003,35.52512],[139.78025,35.525]]}},{"type":"Feature","properties":{"tunnel":0},"geometry":{"type":"LineString","coordinates":[[139.7831,35.55457],[139.78333,35.55423]]}},{"type":"Feature","properties":{"tunnel":0},"geometry":{"type":"LineString","coordinates":[[139.78333,35.55367],[139.78319,35.5539],[139.78312,35.55401],[139.78297,35.55426],[139.78277,35.55457]]}},{"type":"Feature","properties":{"tunnel":0},"geometry":{"type":"LineString","coordinates":[[139.78279,35.55214],[139.78283,35.55227],[139.78291,35.55236],[139.78296,35.55244],[139.78306,35.55255],[139.78314,35.55262],[139.7833,35.55277],[139.78333,35.55281]]}},{"type":"Feature","properties":{"tunnel":0},"geometry":{"type":"LineString","coordinates":[[139.78326,35.55396],[139.78315,35.55413]]}},{"type":"Feature","properties":{"tunnel":0},"geometry":{"type":"LineString","coordinates":[[139.78256,35.55222],[139.78257,35.55231],[139.78262,35.55243],[139.78269,35.55251],[139.78275,35.55255],[139.78285,35.55262],[139.78294,35.55267],[139.78303,35.55272]]}},{"type":"Feature","properties":{"tunnel":0},"geometry":{"type":"LineString","coordinates":[[139.78303,35.55272],[139.78313,35.55277],[139.78325,35.55287],[139.7833,35.55291],[139.78333,35.55294]]}},{"type":"Feature","properties":{"tunnel":0},"geometry":{"type":"LineString","coordinates":[[139.78326,35.55396],[139.78333,35.55387]]}},{"type":"Feature","properties":{"tunnel":0},"geometry":{"type":"LineString","coordinates":[[139.78315,35.55413],[139.78302,35.55432],[139.78296,35.55443],[139.78293,35.55453],[139.78292,35.55457]]}},{"type":"Feature","properties":{"tunnel":0},"geometry":{"type":"LineString","coordinates":[[139.78265,35.55196],[139.78262,35.55201],[139.78258,35.55209],[139.78255,35.5522],[139.78256,35.55222]]}},{"type":"Feature","properties":{"tunnel":0},"geometry":{"type":"LineString","coordinates":[[139.78333,35.55423],[139.78333,35.55423],[139.78358,35.55392],[139.78395,35.55339],[139.7841,35.55318]]}},{"type":"Feature","properties":{"tunnel":0},"geometry":{"type":"LineString","coordinates":[[139.7841,35.55318],[139.78415,35.55311]]}},{"type":"Feature","properties":{"tunnel":0},"geometry":{"type":"LineString","coordinates":[[139.78415,35.55311],[139.78419,35.55304],[139.78445,35.5527],[139.78455,35.55255]]}},{"type":"Feature","properties":{"tunnel":0},"geometry":{"type":"LineString","coordinates":[[139.78333,35.55281],[139.78337,35.55287],[139.78343,35.55301]]}},{"type":"Feature","properties":{"tunnel":0},"geometry":{"type":"LineString","coordinates":[[139.78333,35.55294],[139.78334,35.55294],[139.78343,35.55301]]}},{"type":"Feature","properties":{"tunnel":0},"geometry":{"type":"LineString","coordinates":[[139.78333,35.55387],[139.78346,35.55371],[139.78352,35.55362],[139.78382,35.5532]]}},{"type":"Feature","properties":{"tunnel":0},"geometry":{"type":"LineString","coordinates":[[139.78336,35.55457],[139.78346,35.55444],[139.78375,35.55405]]}},{"type":"Feature","properties":{"tunnel":0},"geometry":{"type":"LineString","coordinates":[[139.78455,35.55259],[139.78451,35.5526],[139.7844,35.55262],[139.78429,35.55262],[139.78414,35.5526],[139.78394,35.55255],[139.78372,35.55249],[139.78335,35.55242]]}},{"type":"Feature","properties":{"tunnel":0},"geometry":{"type":"LineString","coordinates":[[139.78375,35.55405],[139.78411,35.55352],[139.78425,35.55341],[139.78435,35.55335],[139.78443,35.55331],[139.78451,35.55328],[139.78455,35.55327]]}},{"type":"Feature","properties":{"tunnel":0},"geometry":{"type":"LineString","coordinates":[[139.78343,35.55301],[139.78348,35.55311],[139.78349,35.55328],[139.78348,35.5534],[139.78344,35.55349],[139.78333,35.55367]]}},{"type":"Feature","properties":{"tunnel":0},"geometry":{"type":"LineString","coordinates":[[139.78382,35.5532],[139.78405,35.55287],[139.78432,35.55248],[139.78455,35.55216]]}},{"type":"Feature","properties":{"tunnel":0},"geometry":{"type":"LineString","coordinates":[[139.77986,35.55833],[139.77987,35.55833]]}},{"type":"Feature","properties":{"tunnel":0},"geometry":{"type":"LineString","coordinates":[[139.77987,35.55833],[139.78001,35.55822],[139.78022,35.55803],[139.78032,35.55793],[139.78052,35.55773],[139.78068,35.55758],[139.78103,35.55722],[139.78106,35.55718]]}},{"type":"Feature","properties":{"tunnel":0},"geometry":{"type":"LineString","coordinates":[[139.78106,35.55718],[139.78137,35.55683],[139.78172,35.55644],[139.78195,35.55616],[139.78223,35.55577],[139.78244,35.55549],[139.78258,35.5553],[139.78307,35.55462],[139.7831,35.55457]]}},{"type":"Feature","properties":{"tunnel":0},"geometry":{"type":"LineString","coordinates":[[139.78277,35.55457],[139.78274,35.55462]]}},{"type":"Feature","properties":{"tunnel":0},"geometry":{"type":"LineString","coordinates":[[139.78011,35.55833],[139.78025,35.55822],[139.78075,35.55779],[139.78137,35.55714],[139.78187,35.55658],[139.78229,35.55608],[139.78272,35.55555]]}},{"type":"Feature","properties":{"tunnel":0},"geometry":{"type":"LineString","coordinates":[[139.77967,35.5583],[139.77998,35.55804],[139.78034,35.55769],[139.78065,35.55737],[139.78099,35.55699],[139.78148,35.5564],[139.78177,35.55599],[139.78194,35.55578],[139.78209,35.55555],[139.78228,35.55525],[139.7825,35.55486]]}},{"type":"Feature","properties":{"tunnel":0},"geometry":{"type":"LineString","coordinates":[[139.78292,35.55457],[139.78291,35.55463],[139.78291,35.55472]]}},{"type":"Feature","properties":{"tunnel":0},"geometry":{"type":"LineString","coordinates":[[139.78272,35.55555],[139.78299,35.55511],[139.78333,35.55462]]}},{"type":"Feature","properties":{"tunnel":0},"geometry":{"type":"LineString","coordinates":[[139.78274,35.55462],[139.78257,35.55489],[139.7825,35.55486]]}},{"type":"Feature","properties":{"tunnel":0},"geometry":{"type":"LineString","coordinates":[[139.78291,35.55472],[139.78294,35.55486],[139.78299,35.55496],[139.78314,35.5551],[139.78333,35.55526]]}},{"type":"Feature","properties":{"tunnel":0},"geometry":{"type":"LineString","coordinates":[[139.77964,35.55833],[139.77967,35.5583]]}},{"type":"Feature","properties":{"tunnel":0},"geometry":{"type":"LineString","coordinates":[[139.77905,35.55895],[139.77981,35.55837],[139.77986,35.55833]]}},{"type":"Feature","properties":{"tunnel":0},"geometry":{"type":"LineString","coordinates":[[139.78007,35.55836],[139.78011,35.55833]]}},{"type":"Feature","properties":{"tunnel":0},"geometry":{"type":"LineString","coordinates":[[139.77905,35.55896],[139.77961,35.55869],[139.78007,35.55836]]}},{"type":"Feature","properties":{"tunnel":0},"geometry":{"type":"LineString","coordinates":[[139.77905,35.55893],[139.77945,35.55852],[139.77964,35.55833]]}},{"type":"Feature","properties":{"tunnel":0},"geometry":{"type":"LineString","coordinates":[[139.78333,35.55462],[139.78336,35.55457]]}},{"type":"Feature","properties":{"tunnel":0},"geometry":{"type":"LineString","coordinates":[[139.78333,35.55526],[139.78347,35.55534]]}},{"type":"Feature","properties":{"tunnel":0},"geometry":{"type":"LineString","coordinates":[[139.77916,35.63584],[139.7791,35.63586],[139.77905,35.63589]]}},{"type":"Feature","properties":{"tunnel":0},"geometry":{"type":"LineString","coordinates":[[139.77986,35.63536],[139.77947,35.63565],[139.77929,35.63576],[139.77916,35.63584]]}},{"type":"Feature","properties":{"tunnel":0},"geometry":{"type":"LineString","coordinates":[[139.77986,35.63536],[139.77988,35.63534],[139.78002,35.63521],[139.78014,35.63511],[139.78023,35.63502],[139.78027,35.63498]]}},{"type":"Feature","properties":{"tunnel":0},"geometry":{"type":"LineString","coordinates":[[139.78322,35.63051],[139.78319,35.63048],[139.78306,35.63036],[139.78292,35.63026]]}},{"type":"Feature","properties":{"tunnel":0},"geometry":{"type":"LineString","coordinates":[[139.78291,35.63046],[139.78301,35.63051]]}},{"type":"Feature","properties":{"tunnel":0},"geometry":{"type":"LineString","coordinates":[[139.7802,35.62878],[139.77917,35.62824]]}},{"type":"Feature","properties":{"tunnel":0},"geometry":{"type":"LineString","coordinates":[[139.77995,35.62903],[139.78152,35.62993]]}},{"type":"Feature","properties":{"tunnel":0},"geometry":{"type":"LineString","coordinates":[[139.78292,35.63026],[139.78277,35.63017],[139.78178,35.62964],[139.78171,35.6296]]}},{"type":"Feature","properties":{"tunnel":0},"geometry":{"type":"LineString","coordinates":[[139.78171,35.6296],[139.7802,35.62878]]}},{"type":"Feature","properties":{"tunnel":0},"geometry":{"type":"LineString","coordinates":[[139.77917,35.62824],[139.77905,35.62818]]}},{"type":"Feature","properties":{"tunnel":0},"geometry":{"type":"LineString","coordinates":[[139.77905,35.62854],[139.77995,35.62903]]}},{"type":"Feature","properties":{"tunnel":0},"geometry":{"type":"LineString","coordinates":[[139.78263,35.63031],[139.78274,35.63036],[139.78291,35.63046]]}},{"type":"Feature","properties":{"tunnel":0},"geometry":{"type":"LineString","coordinates":[[139.78007,35.62892],[139.78128,35.62958],[139.78161,35.62975]]}},{"type":"Feature","properties":{"tunnel":0},"geometry":{"type":"LineString","coordinates":[[139.78161,35.62975],[139.78263,35.63031]]}},{"type":"Feature","properties":{"tunnel":0},"geometry":{"type":"LineString","coordinates":[[139.78152,35.62993],[139.7819,35.63013],[139.78216,35.63027],[139.78237,35.63039],[139.78255,35.63051]]}},{"type":"Feature","properties":{"tunnel":0},"geometry":{"type":"LineString","coordinates":[[139.77905,35.62837],[139.78007,35.62892]]}},{"type":"Feature","properties":{"tunnel":0},"geometry":{"type":"LineString","coordinates":[[139.77905,35.62804],[139.77964,35.62835],[139.78,35.62854],[139.78022,35.62863],[139.78063,35.62877]]}},{"type":"Feature","properties":{"tunnel":0},"geometry":{"type":"LineString","coordinates":[[139.78333,35.63063],[139.78322,35.63051]]}},{"type":"Feature","properties":{"tunnel":0},"geometry":{"type":"LineString","coordinates":[[139.78297,35.63097],[139.78301,35.6311],[139.78302,35.63112]]}},{"type":"Feature","properties":{"tunnel":0},"geometry":{"type":"LineString","coordinates":[[139.78301,35.63051],[139.78333,35.63069]]}},{"type":"Feature","properties":{"tunnel":0},"geometry":{"type":"LineString","coordinates":[[139.7827,35.63062],[139.78281,35.63074],[139.78289,35.63085],[139.78297,35.63097]]}},{"type":"Feature","properties":{"tunnel":0},"geometry":{"type":"LineString","coordinates":[[139.78312,35.63193],[139.78305,35.63199]]}},{"type":"Feature","properties":{"tunnel":0},"geometry":{"type":"LineString","coordinates":[[139.78332,35.63202],[139.78333,35.63201]]}},{"type":"Feature","properties":{"tunnel":0},"geometry":{"type":"LineString","coordinates":[[139.78333,35.63179],[139.78312,35.63193]]}},{"type":"Feature","properties":{"tunnel":0},"geometry":{"type":"LineString","coordinates":[[139.78258,35.63255],[139.78301,35.63215],[139.78321,35.63197],[139.78327,35.63187],[139.78333,35.63178]]}},{"type":"Feature","properties":{"tunnel":0},"geometry":{"type":"LineString","coordinates":[[139.78242,35.63263],[139.78252,35.63267],[139.78261,35.63263],[139.78283,35.63243],[139.78296,35.63233],[139.78308,35.63222],[139.78322,35.6321],[139.78332,35.63202]]}},{"type":"Feature","properties":{"tunnel":0},"geometry":{"type":"LineString","coordinates":[[139.78302,35.63112],[139.78306,35.6313],[139.78306,35.6314],[139.78306,35.63148],[139.78305,35.63155],[139.78301,35.63169],[139.78295,35.63183],[139.7829,35.63192],[139.78285,35.632],[139.78277,35.63209],[139.78268,35.63218],[139.78251,35.63236],[139.78242,35.63245],[139.78237,35.63254],[139.78242,35.63263]]}},{"type":"Feature","properties":{"tunnel":0},"geometry":{"type":"LineString","coordinates":[[139.78251,35.63254],[139.78258,35.63255]]}},{"type":"Feature","properties":{"tunnel":0},"geometry":{"type":"LineString","coordinates":[[139.78305,35.63199],[139.78297,35.63205],[139.78286,35.63216],[139.7825,35.63249],[139.78251,35.63254]]}},{"type":"Feature","properties":{"tunnel":0},"geometry":{"type":"LineString","coordinates":[[139.78251,35.63254],[139.78242,35.63263]]}},{"type":"Feature","properties":{"tunnel":0},"geometry":{"type":"LineString","coordinates":[[139.78242,35.63263],[139.78212,35.63291]]}},{"type":"Feature","properties":{"tunnel":0},"geometry":{"type":"LineString","coordinates":[[139.78212,35.63291],[139.78201,35.63303],[139.7818,35.63323]]}},{"type":"Feature","properties":{"tunnel":0},"geometry":{"type":"LineString","coordinates":[[139.7818,35.63323],[139.78169,35.63333]]}},{"type":"Feature","properties":{"tunnel":0},"geometry":{"type":"LineString","coordinates":[[139.78255,35.63051],[139.78258,35.63053],[139.7827,35.63062]]}},{"type":"Feature","properties":{"tunnel":0},"geometry":{"type":"LineString","coordinates":[[139.78169,35.63333],[139.78153,35.6335]]}},{"type":"Feature","properties":{"tunnel":0},"geometry":{"type":"LineString","coordinates":[[139.78153,35.6335],[139.7812,35.63391]]}},{"type":"Feature","properties":{"tunnel":0},"geometry":{"type":"LineString","coordinates":[[139.7812,35.63391],[139.7805,35.63473]]}},{"type":"Feature","properties":{"tunnel":0},"geometry":{"type":"LineString","coordinates":[[139.78027,35.63498],[139.78032,35.63492],[139.7805,35.63473]]}},{"type":"Feature","properties":{"tunnel":0},"geometry":{"type":"LineString","coordinates":[[139.78333,35.63069],[139.78334,35.63069],[139.78345,35.63075]]}},{"type":"Feature","properties":{"tunnel":0},"geometry":{"type":"LineString","coordinates":[[139.78342,35.63075],[139.78334,35.63064],[139.78333,35.63063]]}},{"type":"Feature","properties":{"tunnel":0},"geometry":{"type":"LineString","coordinates":[[139.78333,35.63201],[139.78344,35.63195]]}},{"type":"Feature","properties":{"tunnel":0},"geometry":{"type":"LineString","coordinates":[[139.78344,35.63195],[139.78361,35.63186],[139.78376,35.6318],[139.78396,35.63175],[139.78414,35.63172],[139.78431,35.63171]]}},{"type":"Feature","properties":{"tunnel":0},"geometry":{"type":"LineString","coordinates":[[139.78353,35.63129],[139.78349,35.63096],[139.78343,35.63079],[139.78342,35.63075]]}},{"type":"Feature","properties":{"tunnel":0},"geometry":{"type":"LineString","coordinates":[[139.78345,35.63075],[139.78415,35.63114],[139.78455,35.63135]]}},{"type":"Feature","properties":{"tunnel":0},"geometry":{"type":"LineString","coordinates":[[139.78352,35.6314],[139.78353,35.63134],[139.78353,35.63129]]}},{"type":"Feature","properties":{"tunnel":0},"geometry":{"type":"LineString","coordinates":[[139.78431,35.63171],[139.78445,35.63172],[139.78455,35.63173]]}},{"type":"Feature","properties":{"tunnel":0},"geometry":{"type":"LineString","coordinates":[[139.78455,35.63141],[139.78433,35.63142],[139.7842,35.63143],[139.78401,35.63146],[139.78389,35.6315]]}},{"type":"Feature","properties":{"tunnel":0},"geometry":{"type":"LineString","coordinates":[[139.78336,35.63174],[139.78345,35.63158],[139.78349,35.63149],[139.78352,35.6314]]}},{"type":"Feature","properties":{"tunnel":0},"geometry":{"type":"LineString","coordinates":[[139.78334,35.63177],[139.78336,35.63174]]}},{"type":"Feature","properties":{"tunnel":0},"geometry":{"type":"LineString","coordinates":[[139.78389,35.6315],[139.78378,35.63154],[139.78364,35.6316],[139.7835,35.63167],[139.78333,35.63179]]}},{"type":"Feature","properties":{"tunnel":0},"geometry":{"type":"LineString","coordinates":[[139.78333,35.63178],[139.78334,35.63177]]}},{"type":"Feature","properties":{"tunnel":0},"geometry":{"type":"LineString","coordinates":[[139.77959,35.68333],[139.77964,35.68324],[139.77975,35.68287],[139.77986,35.68249],[139.7799,35.68236]]}},{"type":"Feature","properties":{"tunnel":0},"geometry":{"type":"LineString","coordinates":[[139.78333,35.68014],[139.78308,35.68003]]}},{"type":"Feature","properties":{"tunnel":0},"geometry":{"type":"LineString","coordinates":[[139.77976,35.68331],[139.7797,35.68333]]}},{"type":"Feature","properties":{"tunnel":0},"geometry":{"type":"LineString","coordinates":[[139.7798,35.68333],[139.77976,35.68331]]}},{"type":"Feature","properties":{"tunnel":0},"geometry":{"type":"LineString","coordinates":[[139.78333,35.6803],[139.7831,35.68018],[139.78306,35.68013]]}},{"type":"Feature","properties":{"tunnel":0},"geometry":{"type":"LineString","coordinates":[[139.78306,35.68013],[139.78303,35.68019],[139.78331,35.68039]]}},{"type":"Feature","properties":{"tunnel":0},"geometry":{"type":"LineString","coordinates":[[139.78013,35.682],[139.78024,35.68178],[139.78033,35.68163],[139.78036,35.68158]]}},{"type":"Feature","properties":{"tunnel":0},"geometry":{"type":"LineString","coordinates":[[139.7831,35.68009],[139.78306,35.68013]]}},{"type":"Feature","properties":{"tunnel":0},"geometry":{"type":"LineString","coordinates":[[139.7799,35.68236],[139.77999,35.68204],[139.7801,35.682],[139.78013,35.682]]}},{"type":"Feature","properties":{"tunnel":0},"geometry":{"type":"LineString","coordinates":[[139.78331,35.68039],[139.78333,35.6804]]}},{"type":"Feature","properties":{"tunnel":0},"geometry":{"type":"LineString","coordinates":[[139.78333,35.68023],[139.78313,35.68014],[139.78306,35.68013]]}},{"type":"Feature","properties":{"tunnel":0},"geometry":{"type":"LineString","coordinates":[[139.78333,35.68016],[139.7831,35.68009]]}},{"type":"Feature","properties":{"tunnel":0},"geometry":{"type":"LineString","coordinates":[[139.77988,35.68333],[139.7799,35.68327],[139.77996,35.68312],[139.78001,35.68294],[139.78015,35.68241]]}},{"type":"Feature","properties":{"tunnel":0},"geometry":{"type":"LineString","coordinates":[[139.78011,35.68208],[139.78013,35.682]]}},{"type":"Feature","properties":{"tunnel":0},"geometry":{"type":"LineString","coordinates":[[139.77976,35.68331],[139.78011,35.68208]]}},{"type":"Feature","properties":{"tunnel":0},"geometry":{"type":"LineString","coordinates":[[139.78015,35.68241],[139.78023,35.68215],[139.78016,35.68201],[139.78013,35.682]]}},{"type":"Feature","properties":{"tunnel":0},"geometry":{"type":"LineString","coordinates":[[139.78288,35.68006],[139.78281,35.68005]]}},{"type":"Feature","properties":{"tunnel":0},"geometry":{"type":"LineString","coordinates":[[139.78281,35.68005],[139.78274,35.68004],[139.78261,35.68004],[139.78245,35.68004],[139.78231,35.68007],[139.78213,35.68012],[139.782,35.68017],[139.78188,35.68023],[139.78178,35.68028],[139.78164,35.68037],[139.78134,35.68064],[139.78102,35.68092],[139.78081,35.68111]]}},{"type":"Feature","properties":{"tunnel":0},"geometry":{"type":"LineString","coordinates":[[139.78306,35.68013],[139.78288,35.68006]]}},{"type":"Feature","properties":{"tunnel":0},"geometry":{"type":"LineString","coordinates":[[139.78036,35.68158],[139.78044,35.68148],[139.78063,35.68128],[139.78081,35.68111]]}},{"type":"Feature","properties":{"tunnel":0},"geometry":{"type":"LineString","coordinates":[[139.77907,35.68392],[139.77916,35.68392],[139.77925,35.6839],[139.77928,35.6839]]}},{"type":"Feature","properties":{"tunnel":0},"geometry":{"type":"LineString","coordinates":[[139.77905,35.6837],[139.7791,35.6837],[139.77919,35.68367],[139.77928,35.68363],[139.77938,35.68358],[139.77945,35.68352],[139.77952,35.68346],[139.77955,35.6834],[139.77959,35.68333]]}},{"type":"Feature","properties":{"tunnel":0},"geometry":{"type":"LineString","coordinates":[[139.77905,35.68392],[139.77907,35.68392]]}},{"type":"Feature","properties":{"tunnel":0},"geometry":{"type":"LineString","coordinates":[[139.77956,35.68371],[139.77966,35.68359],[139.77974,35.68348],[139.7798,35.68333]]}},{"type":"Feature","properties":{"tunnel":0},"geometry":{"type":"LineString","coordinates":[[139.77929,35.68392],[139.77939,35.68385],[139.77956,35.68371]]}},{"type":"Feature","properties":{"tunnel":0},"geometry":{"type":"LineString","coordinates":[[139.77905,35.68405],[139.77923,35.68395],[139.77929,35.68392]]}},{"type":"Feature","properties":{"tunnel":0},"geometry":{"type":"LineString","coordinates":[[139.77905,35.68395],[139.77919,35.68387],[139.77939,35.68373],[139.7795,35.68363],[139.7796,35.68351],[139.77968,35.68337],[139.7797,35.68333]]}},{"type":"Feature","properties":{"tunnel":0},"geometry":{"type":"LineString","coordinates":[[139.77986,35.68338],[139.77988,35.68333]]}},{"type":"Feature","properties":{"tunnel":0},"geometry":{"type":"LineString","coordinates":[[139.77928,35.6839],[139.77937,35.68387],[139.77945,35.68384],[139.77953,35.6838],[139.77961,35.68373],[139.77969,35.68365],[139.77977,35.68355],[139.77982,35.68349],[139.77986,35.68338]]}},{"type":"Feature","properties":{"tunnel":0},"geometry":{"type":"LineString","coordinates":[[139.78338,35.68016],[139.78333,35.68014]]}},{"type":"Feature","properties":{"tunnel":0},"geometry":{"type":"LineString","coordinates":[[139.78336,35.68032],[139.78333,35.6803]]}},{"type":"Feature","properties":{"tunnel":0},"geometry":{"type":"LineString","coordinates":[[139.78333,35.6804],[139.78353,35.68051]]}},{"type":"Feature","properties":{"tunnel":0},"geometry":{"type":"LineString","coordinates":[[139.78353,35.68051],[139.78392,35.6807],[139.78428,35.68087],[139.78454,35.68098],[139.78455,35.68099]]}},{"type":"Feature","properties":{"tunnel":0},"geometry":{"type":"LineString","coordinates":[[139.78333,35.68014],[139.78338,35.68016]]}},{"type":"Feature","properties":{"tunnel":0},"geometry":{"type":"LineString","coordinates":[[139.78339,35.68026],[139.78333,35.68023]]}},{"type":"Feature","properties":{"tunnel":0},"geometry":{"type":"LineString","coordinates":[[139.78358,35.68044],[139.78336,35.68032]]}},{"type":"Feature","properties":{"tunnel":0},"geometry":{"type":"LineString","coordinates":[[139.78342,35.68018],[139.78333,35.68016]]}},{"type":"Feature","properties":{"tunnel":0},"geometry":{"type":"LineString","coordinates":[[139.78353,35.68023],[139.78342,35.68018]]}},{"type":"Feature","properties":{"tunnel":0},"geometry":{"type":"LineString","coordinates":[[139.78455,35.68088],[139.78358,35.68044]]}},{"type":"Feature","properties":{"tunnel":0},"geometry":{"type":"LineString","coordinates":[[139.78455,35.68079],[139.78419,35.68063],[139.78382,35.68045],[139.78339,35.68026]]}},{"type":"Feature","properties":{"tunnel":0},"geometry":{"type":"LineString","coordinates":[[139.78455,35.68069],[139.78448,35.68066],[139.78385,35.68037],[139.78353,35.68023]]}},{"type":"Feature","properties":{"tunnel":0},"geometry":{"type":"LineString","coordinates":[[139.78455,35.68066],[139.78338,35.68016]]}},{"type":"Feature","properties":{"tunnel":0},"geometry":{"type":"LineString","coordinates":[[139.78446,35.68068],[139.78455,35.68072]]}},{"type":"Feature","properties":{"tunnel":0},"geometry":{"type":"LineString","coordinates":[[139.78338,35.68016],[139.78373,35.68034],[139.78446,35.68068]]}},{"type":"Feature","properties":{"tunnel":0},"geometry":{"type":"LineString","coordinates":[[139.78032,35.7153],[139.77998,35.71483],[139.77979,35.71455],[139.77905,35.71354]]}},{"type":"Feature","properties":{"tunnel":0},"geometry":{"type":"LineString","coordinates":[[139.78133,35.71667],[139.78129,35.71662],[139.78103,35.71628],[139.78032,35.7153]]}},{"type":"Feature","properties":{"tunnel":0},"geometry":{"type":"LineString","coordinates":[[139.78276,35.71843],[139.78328,35.71912]]}},{"type":"Feature","properties":{"tunnel":0},"geometry":{"type":"LineString","coordinates":[[139.78276,35.71843],[139.78133,35.71667]]}},{"type":"Feature","properties":{"tunnel":0},"geometry":{"type":"LineString","coordinates":[[139.78185,35.75989],[139.78182,35.75988],[139.7809,35.75976],[139.78001,35.75967],[139.77957,35.75963],[139.77911,35.75959],[139.77905,35.75959]]}},{"type":"Feature","properties":{"tunnel":0},"geometry":{"type":"LineString","coordinates":[[139.78333,35.76009],[139.7833,35.76009],[139.78263,35.75999],[139.78185,35.75989]]}},{"type":"Feature","properties":{"tunnel":0},"geometry":{"type":"LineString","coordinates":[[139.78455,35.76027],[139.78364,35.76014],[139.78333,35.76009]]}},{"type":"Feature","properties":{"tunnel":0},"geometry":{"type":"LineString","coordinates":[[139.77556,35.52776],[139.77578,35.52763],[139.77622,35.52736],[139.77671,35.52707],[139.77731,35.52674],[139.77763,35.52655],[139.77807,35.5263],[139.77848,35.52606],[139.77903,35.52573],[139.77905,35.52572]]}},{"type":"Feature","properties":{"tunnel":0},"geometry":{"type":"LineString","coordinates":[[139.77356,35.52892],[139.77361,35.52889],[139.77424,35.52852],[139.77476,35.52821],[139.775,35.52807]]}},{"type":"Feature","properties":{"tunnel":0},"geometry":{"type":"LineString","coordinates":[[139.775,35.52807],[139.77527,35.52791],[139.77556,35.52776]]}},{"type":"Feature","properties":{"tunnel":1},"geometry":{"type":"LineString","coordinates":[[139.775,35.56131],[139.77497,35.56133],[139.77417,35.56173],[139.77356,35.56204]]}},{"type":"Feature","properties":{"tunnel":1},"geometry":{"type":"LineString","coordinates":[[139.77801,35.55969],[139.77753,35.55997],[139.77631,35.56063],[139.77544,35.56109],[139.775,35.56131]]}},{"type":"Feature","properties":{"tunnel":0},"geometry":{"type":"LineString","coordinates":[[139.77893,35.55904],[139.77884,35.55911],[139.77863,35.55927],[139.77824,35.55955],[139.77813,35.55962]]}},{"type":"Feature","properties":{"tunnel":1},"geometry":{"type":"LineString","coordinates":[[139.77813,35.55962],[139.77801,35.55969]]}},{"type":"Feature","properties":{"tunnel":0},"geometry":{"type":"LineString","coordinates":[[139.77899,35.55899],[139.77905,35.55895]]}},{"type":"Feature","properties":{"tunnel":0},"geometry":{"type":"LineString","coordinates":[[139.77899,35.55899],[139.77893,35.55904]]}},{"type":"Feature","properties":{"tunnel":0},"geometry":{"type":"LineString","coordinates":[[139.77899,35.55899],[139.77905,35.55896]]}},{"type":"Feature","properties":{"tunnel":0},"geometry":{"type":"LineString","coordinates":[[139.77899,35.55899],[139.77905,35.55893]]}},{"type":"Feature","properties":{"tunnel":0},"geometry":{"type":"LineString","coordinates":[[139.77789,35.63412],[139.77774,35.63429],[139.77714,35.63498]]}},{"type":"Feature","properties":{"tunnel":0},"geometry":{"type":"LineString","coordinates":[[139.77356,35.62533],[139.77379,35.62549],[139.77412,35.6257],[139.7744,35.62584],[139.77478,35.62605]]}},{"type":"Feature","properties":{"tunnel":0},"geometry":{"type":"LineString","coordinates":[[139.77478,35.62605],[139.775,35.62616]]}},{"type":"Feature","properties":{"tunnel":0},"geometry":{"type":"LineString","coordinates":[[139.77839,35.62801],[139.7789,35.62845]]}},{"type":"Feature","properties":{"tunnel":0},"geometry":{"type":"LineString","coordinates":[[139.775,35.62616],[139.775,35.62617],[139.7752,35.62627],[139.77544,35.6264]]}},{"type":"Feature","properties":{"tunnel":0},"geometry":{"type":"LineString","coordinates":[[139.77613,35.62679],[139.7764,35.62694]]}},{"type":"Feature","properties":{"tunnel":0},"geometry":{"type":"LineString","coordinates":[[139.7764,35.62694],[139.7772,35.62737],[139.77839,35.62801]]}},{"type":"Feature","properties":{"tunnel":0},"geometry":{"type":"LineString","coordinates":[[139.77905,35.62818],[139.77901,35.62815],[139.77839,35.62801]]}},{"type":"Feature","properties":{"tunnel":0},"geometry":{"type":"LineString","coordinates":[[139.7789,35.62845],[139.77903,35.62852],[139.77905,35.62854]]}},{"type":"Feature","properties":{"tunnel":0},"geometry":{"type":"LineString","coordinates":[[139.77839,35.62801],[139.779,35.62834]]}},{"type":"Feature","properties":{"tunnel":0},"geometry":{"type":"LineString","coordinates":[[139.779,35.62834],[139.77905,35.62837]]}},{"type":"Feature","properties":{"tunnel":0},"geometry":{"type":"LineString","coordinates":[[139.77557,35.62648],[139.77613,35.62679]]}},{"type":"Feature","properties":{"tunnel":0},"geometry":{"type":"LineString","coordinates":[[139.77557,35.62648],[139.77568,35.62644],[139.77587,35.62646],[139.77617,35.62657],[139.77627,35.62662],[139.77743,35.62723],[139.77808,35.62755],[139.77861,35.62781],[139.77905,35.62804]]}},{"type":"Feature","properties":{"tunnel":0},"geometry":{"type":"LineString","coordinates":[[139.77544,35.6264],[139.77541,35.62649],[139.77546,35.62659],[139.77574,35.6268],[139.77581,35.62685],[139.77675,35.62737],[139.77729,35.62769],[139.77781,35.62802],[139.77832,35.62833],[139.77865,35.62861]]}},{"type":"Feature","properties":{"tunnel":0},"geometry":{"type":"LineString","coordinates":[[139.77544,35.6264],[139.77557,35.62648]]}},{"type":"Feature","properties":{"tunnel":0},"geometry":{"type":"LineString","coordinates":[[139.77463,35.63637],[139.77487,35.63637],[139.77492,35.63637]]}},{"type":"Feature","properties":{"tunnel":0},"geometry":{"type":"LineString","coordinates":[[139.775,35.63599],[139.77488,35.63599]]}},{"type":"Feature","properties":{"tunnel":0},"geometry":{"type":"LineString","coordinates":[[139.77492,35.63637],[139.775,35.63636]]}},{"type":"Feature","properties":{"tunnel":0},"geometry":{"type":"LineString","coordinates":[[139.77488,35.63599],[139.77487,35.63599],[139.77472,35.63599],[139.77452,35.63598],[139.77432,35.63596],[139.77403,35.6359],[139.77371,35.63584],[139.77356,35.63579]]}},{"type":"Feature","properties":{"tunnel":0},"geometry":{"type":"LineString","coordinates":[[139.77356,35.6362],[139.77357,35.6362]]}},{"type":"Feature","properties":{"tunnel":0},"geometry":{"type":"LineString","coordinates":[[139.775,35.63637],[139.77497,35.63636]]}},{"type":"Feature","properties":{"tunnel":0},"geometry":{"type":"LineString","coordinates":[[139.77497,35.63636],[139.7747,35.6363],[139.77356,35.63599]]}},{"type":"Feature","properties":{"tunnel":0},"geometry":{"type":"LineString","coordinates":[[139.77357,35.6362],[139.77392,35.63628],[139.77418,35.63633],[139.77463,35.63637]]}},{"type":"Feature","properties":{"tunnel":0},"geometry":{"type":"LineString","coordinates":[[139.775,35.63636],[139.7751,35.63636],[139.77538,35.63637],[139.77573,35.63631],[139.77595,35.63625],[139.77623,35.63613],[139.77653,35.63599],[139.77669,35.63588],[139.77688,35.63574],[139.77709,35.63555]]}},{"type":"Feature","properties":{"tunnel":0},"geometry":{"type":"LineString","coordinates":[[139.77504,35.63598],[139.775,35.63599]]}},{"type":"Feature","properties":{"tunnel":0},"geometry":{"type":"LineString","coordinates":[[139.77698,35.63516],[139.77673,35.63539],[139.7766,35.63549],[139.77635,35.63563],[139.77616,35.63573],[139.77587,35.63585],[139.77565,35.6359],[139.77545,35.63594],[139.7752,35.63597],[139.77504,35.63598]]}},{"type":"Feature","properties":{"tunnel":0},"geometry":{"type":"LineString","coordinates":[[139.77794,35.63631],[139.77744,35.63641],[139.77693,35.63648],[139.7765,35.63649],[139.77601,35.63648],[139.77559,35.63645],[139.77525,35.63641],[139.77502,35.63638],[139.775,35.63637]]}},{"type":"Feature","properties":{"tunnel":0},"geometry":{"type":"LineString","coordinates":[[139.77905,35.63589],[139.77882,35.636],[139.77849,35.63614],[139.77822,35.63623],[139.77794,35.63631]]}},{"type":"Feature","properties":{"tunnel":0},"geometry":{"type":"LineString","coordinates":[[139.77714,35.63498],[139.77698,35.63516]]}},{"type":"Feature","properties":{"tunnel":0},"geometry":{"type":"LineString","coordinates":[[139.77356,35.67057],[139.7737,35.6705],[139.77402,35.67038],[139.77417,35.67033],[139.77432,35.67031],[139.77445,35.6703],[139.77462,35.67032],[139.77472,35.67036]]}},{"type":"Feature","properties":{"tunnel":0},"geometry":{"type":"LineString","coordinates":[[139.77356,35.68432],[139.7743,35.68417],[139.77461,35.68413],[139.77474,35.68411],[139.77484,35.68411],[139.77496,35.68411]]}},{"type":"Feature","properties":{"tunnel":0},"geometry":{"type":"LineString","coordinates":[[139.77496,35.68411],[139.775,35.68412]]}},{"type":"Feature","properties":{"tunnel":0},"geometry":{"type":"LineString","coordinates":[[139.77356,35.68409],[139.77369,35.68407]]}},{"type":"Feature","properties":{"tunnel":0},"geometry":{"type":"LineString","coordinates":[[139.77656,35.68457],[139.7766,35.68466],[139.7766,35.68473],[139.77669,35.68485]]}},{"type":"Feature","properties":{"tunnel":0},"geometry":{"type":"LineString","coordinates":[[139.7757,35.6842],[139.77605,35.68429],[139.77649,35.68438],[139.77692,35.68445]]}},{"type":"Feature","properties":{"tunnel":0},"geometry":{"type":"LineString","coordinates":[[139.77666,35.68718],[139.77668,35.68709],[139.77671,35.68692],[139.77672,35.68675],[139.77671,35.6865],[139.77671,35.6863]]}},{"type":"Feature","properties":{"tunnel":0},"geometry":{"type":"LineString","coordinates":[[139.77692,35.68445],[139.77725,35.68452],[139.77758,35.68455]]}},{"type":"Feature","properties":{"tunnel":0},"geometry":{"type":"LineString","coordinates":[[139.77745,35.68455],[139.77737,35.68457],[139.7772,35.68464],[139.77704,35.68475],[139.77694,35.68484],[139.77692,35.68488]]}},{"type":"Feature","properties":{"tunnel":0},"geometry":{"type":"LineString","coordinates":[[139.77758,35.68455],[139.77761,35.68455],[139.77784,35.68456]]}},{"type":"Feature","properties":{"tunnel":0},"geometry":{"type":"LineString","coordinates":[[139.77773,35.68456],[139.77793,35.6845],[139.7781,35.68443],[139.77818,35.68438]]}},{"type":"Feature","properties":{"tunnel":0},"geometry":{"type":"LineString","coordinates":[[139.77694,35.68426],[139.7774,35.68433],[139.77779,35.68439]]}},{"type":"Feature","properties":{"tunnel":0},"geometry":{"type":"LineString","coordinates":[[139.77794,35.68441],[139.77781,35.68447],[139.77745,35.68455]]}},{"type":"Feature","properties":{"tunnel":0},"geometry":{"type":"LineString","coordinates":[[139.77803,35.68439],[139.77806,35.68439],[139.77827,35.68434]]}},{"type":"Feature","properties":{"tunnel":0},"geometry":{"type":"LineString","coordinates":[[139.77779,35.68439],[139.77783,35.68439],[139.77803,35.68439]]}},{"type":"Feature","properties":{"tunnel":0},"geometry":{"type":"LineString","coordinates":[[139.77692,35.68437],[139.77606,35.68423],[139.7757,35.6842]]}},{"type":"Feature","properties":{"tunnel":0},"geometry":{"type":"LineString","coordinates":[[139.77832,35.68407],[139.7783,35.68411],[139.77824,35.68421],[139.7781,35.68433],[139.77794,35.68441]]}},{"type":"Feature","properties":{"tunnel":0},"geometry":{"type":"LineString","coordinates":[[139.77608,35.68853],[139.77664,35.68725],[139.77666,35.68718]]}},{"type":"Feature","properties":{"tunnel":0},"geometry":{"type":"LineString","coordinates":[[139.777,35.68492],[139.77703,35.68487],[139.7771,35.68479],[139.77716,35.68475],[139.77724,35.68471],[139.77731,35.68468],[139.77745,35.68463],[139.77771,35.68457],[139.77773,35.68456]]}},{"type":"Feature","properties":{"tunnel":0},"geometry":{"type":"LineString","coordinates":[[139.77752,35.68443],[139.77739,35.68443],[139.77729,35.68442],[139.77709,35.6844],[139.77692,35.68437]]}},{"type":"Feature","properties":{"tunnel":0},"geometry":{"type":"LineString","coordinates":[[139.77818,35.68438],[139.77823,35.68434],[139.77835,35.68423],[139.77841,35.6841],[139.77842,35.68407]]}},{"type":"Feature","properties":{"tunnel":0},"geometry":{"type":"LineString","coordinates":[[139.77817,35.68407],[139.77811,35.68418],[139.77798,35.68429],[139.77786,35.68434],[139.77773,35.6844],[139.77752,35.68443]]}},{"type":"Feature","properties":{"tunnel":0},"geometry":{"type":"LineString","coordinates":[[139.77692,35.68488],[139.77688,35.68494],[139.77686,35.68498],[139.77679,35.68539]]}},{"type":"Feature","properties":{"tunnel":0},"geometry":{"type":"LineString","coordinates":[[139.77679,35.68539],[139.77691,35.68512],[139.77695,35.68504],[139.77698,35.68496],[139.777,35.68492]]}},{"type":"Feature","properties":{"tunnel":0},"geometry":{"type":"LineString","coordinates":[[139.77679,35.68539],[139.77671,35.6863]]}},{"type":"Feature","properties":{"tunnel":0},"geometry":{"type":"LineString","coordinates":[[139.77519,35.68414],[139.77539,35.68421],[139.77566,35.68429],[139.77622,35.68441],[139.77643,35.68446],[139.77651,35.68451],[139.77656,35.68457]]}},{"type":"Feature","properties":{"tunnel":0},"geometry":{"type":"LineString","coordinates":[[139.77519,35.68414],[139.77547,35.68417],[139.7757,35.6842]]}},{"type":"Feature","properties":{"tunnel":0},"geometry":{"type":"LineString","coordinates":[[139.77784,35.68456],[139.7779,35.68456],[139.77807,35.68454],[139.77823,35.68448],[139.77839,35.68441],[139.77901,35.68407]]}},{"type":"Feature","properties":{"tunnel":0},"geometry":{"type":"LineString","coordinates":[[139.77827,35.68434],[139.7783,35.68433],[139.77877,35.6841],[139.77882,35.68407]]}},{"type":"Feature","properties":{"tunnel":0},"geometry":{"type":"LineString","coordinates":[[139.775,35.68412],[139.77508,35.68412],[139.77519,35.68414]]}},{"type":"Feature","properties":{"tunnel":0},"geometry":{"type":"LineString","coordinates":[[139.77577,35.68407],[139.7766,35.6842],[139.77694,35.68426]]}},{"type":"Feature","properties":{"tunnel":0},"geometry":{"type":"LineString","coordinates":[[139.77369,35.68407],[139.77426,35.68399],[139.77439,35.68396],[139.77462,35.68395],[139.77474,35.68395],[139.77485,35.68395],[139.77496,35.68395],[139.775,35.68396]]}},{"type":"Feature","properties":{"tunnel":0},"geometry":{"type":"LineString","coordinates":[[139.77597,35.67963],[139.77677,35.68105]]}},{"type":"Feature","properties":{"tunnel":0},"geometry":{"type":"LineString","coordinates":[[139.77595,35.67961],[139.77597,35.67963]]}},{"type":"Feature","properties":{"tunnel":0},"geometry":{"type":"LineString","coordinates":[[139.77698,35.68157],[139.77683,35.68131]]}},{"type":"Feature","properties":{"tunnel":0},"geometry":{"type":"LineString","coordinates":[[139.77705,35.68153],[139.77748,35.68221]]}},{"type":"Feature","properties":{"tunnel":0},"geometry":{"type":"LineString","coordinates":[[139.7767,35.68108],[139.77577,35.67961]]}},{"type":"Feature","properties":{"tunnel":0},"geometry":{"type":"LineString","coordinates":[[139.77677,35.68105],[139.77691,35.6813]]}},{"type":"Feature","properties":{"tunnel":0},"geometry":{"type":"LineString","coordinates":[[139.77691,35.6813],[139.77705,35.68153]]}},{"type":"Feature","properties":{"tunnel":0},"geometry":{"type":"LineString","coordinates":[[139.77736,35.68219],[139.77699,35.68159],[139.77698,35.68157]]}},{"type":"Feature","properties":{"tunnel":0},"geometry":{"type":"LineString","coordinates":[[139.77683,35.68131],[139.7767,35.68108]]}},{"type":"Feature","properties":{"tunnel":0},"geometry":{"type":"LineString","coordinates":[[139.77748,35.68221],[139.77819,35.68332]]}},{"type":"Feature","properties":{"tunnel":0},"geometry":{"type":"LineString","coordinates":[[139.77809,35.68331],[139.77743,35.6823],[139.77736,35.68219]]}},{"type":"Feature","properties":{"tunnel":0},"geometry":{"type":"LineString","coordinates":[[139.77809,35.68331],[139.77811,35.68333]]}},{"type":"Feature","properties":{"tunnel":0},"geometry":{"type":"LineString","coordinates":[[139.77809,35.68331],[139.7781,35.68333]]}},{"type":"Feature","properties":{"tunnel":0},"geometry":{"type":"LineString","coordinates":[[139.77819,35.68332],[139.7782,35.68333]]}},{"type":"Feature","properties":{"tunnel":0},"geometry":{"type":"LineString","coordinates":[[139.77811,35.68333],[139.77811,35.68333]]}},{"type":"Feature","properties":{"tunnel":0},"geometry":{"type":"LineString","coordinates":[[139.7782,35.68333],[139.77819,35.68332]]}},{"type":"Feature","properties":{"tunnel":0},"geometry":{"type":"LineString","coordinates":[[139.77821,35.68351],[139.77831,35.68372],[139.77835,35.68388],[139.77834,35.68399],[139.77832,35.68407]]}},{"type":"Feature","properties":{"tunnel":0},"geometry":{"type":"LineString","coordinates":[[139.7781,35.68333],[139.7781,35.68334]]}},{"type":"Feature","properties":{"tunnel":0},"geometry":{"type":"LineString","coordinates":[[139.77827,35.68343],[139.77846,35.68356],[139.77862,35.68365],[139.77871,35.68368],[139.7788,35.6837],[139.77889,35.68371],[139.77897,35.68371],[139.77905,35.6837]]}},{"type":"Feature","properties":{"tunnel":0},"geometry":{"type":"LineString","coordinates":[[139.77827,35.68343],[139.77825,35.68339]]}},{"type":"Feature","properties":{"tunnel":0},"geometry":{"type":"LineString","coordinates":[[139.7782,35.68333],[139.77824,35.68342]]}},{"type":"Feature","properties":{"tunnel":0},"geometry":{"type":"LineString","coordinates":[[139.77824,35.68342],[139.77828,35.68347]]}},{"type":"Feature","properties":{"tunnel":0},"geometry":{"type":"LineString","coordinates":[[139.77834,35.68357],[139.77827,35.68343]]}},{"type":"Feature","properties":{"tunnel":0},"geometry":{"type":"LineString","coordinates":[[139.77833,35.68353],[139.77843,35.68363],[139.77861,35.6838],[139.77875,35.68386],[139.77886,35.6839],[139.77897,35.68392],[139.77905,35.68392]]}},{"type":"Feature","properties":{"tunnel":0},"geometry":{"type":"LineString","coordinates":[[139.77842,35.68407],[139.77844,35.68401],[139.77845,35.68389],[139.77844,35.68379],[139.77841,35.68371],[139.77834,35.68357]]}},{"type":"Feature","properties":{"tunnel":0},"geometry":{"type":"LineString","coordinates":[[139.77828,35.68347],[139.77833,35.68353]]}},{"type":"Feature","properties":{"tunnel":0},"geometry":{"type":"LineString","coordinates":[[139.77811,35.68333],[139.77821,35.68351]]}},{"type":"Feature","properties":{"tunnel":0},"geometry":{"type":"LineString","coordinates":[[139.77825,35.68339],[139.7782,35.68333]]}},{"type":"Feature","properties":{"tunnel":0},"geometry":{"type":"LineString","coordinates":[[139.7781,35.68334],[139.77819,35.68358],[139.77823,35.68368],[139.77826,35.68378],[139.77823,35.68394],[139.77821,35.68402],[139.77817,35.68407]]}},{"type":"Feature","properties":{"tunnel":0},"geometry":{"type":"LineString","coordinates":[[139.77901,35.68407],[139.77905,35.68405]]}},{"type":"Feature","properties":{"tunnel":0},"geometry":{"type":"LineString","coordinates":[[139.77882,35.68407],[139.77904,35.68395]]}},{"type":"Feature","properties":{"tunnel":0},"geometry":{"type":"LineString","coordinates":[[139.77904,35.68395],[139.77905,35.68395]]}},{"type":"Feature","properties":{"tunnel":0},"geometry":{"type":"LineString","coordinates":[[139.77665,35.68366],[139.77663,35.68385],[139.77661,35.68392],[139.77654,35.68401],[139.77644,35.68405],[139.77633,35.68406],[139.7758,35.68399],[139.77545,35.68395],[139.77531,35.68395],[139.77514,35.68397]]}},{"type":"Feature","properties":{"tunnel":0},"geometry":{"type":"LineString","coordinates":[[139.775,35.68396],[139.77514,35.68397]]}},{"type":"Feature","properties":{"tunnel":0},"geometry":{"type":"LineString","coordinates":[[139.77514,35.68397],[139.77529,35.68401],[139.7757,35.68406],[139.77577,35.68407]]}},{"type":"Feature","properties":{"tunnel":0},"geometry":{"type":"LineString","coordinates":[[139.77412,35.67658],[139.77407,35.6765]]}},{"type":"Feature","properties":{"tunnel":0},"geometry":{"type":"LineString","coordinates":[[139.77356,35.67585],[139.77366,35.676]]}},{"type":"Feature","properties":{"tunnel":0},"geometry":{"type":"LineString","coordinates":[[139.77471,35.67824],[139.77475,35.67825],[139.77486,35.67826],[139.77498,35.67834],[139.775,35.67839]]}},{"type":"Feature","properties":{"tunnel":0},"geometry":{"type":"LineString","coordinates":[[139.77407,35.6765],[139.77402,35.67642],[139.77356,35.67569]]}},{"type":"Feature","properties":{"tunnel":0},"geometry":{"type":"LineString","coordinates":[[139.77366,35.676],[139.77392,35.67639],[139.7742,35.67671]]}},{"type":"Feature","properties":{"tunnel":0},"geometry":{"type":"LineString","coordinates":[[139.77489,35.67802],[139.77486,35.67796]]}},{"type":"Feature","properties":{"tunnel":0},"geometry":{"type":"LineString","coordinates":[[139.775,35.67819],[139.77493,35.67808]]}},{"type":"Feature","properties":{"tunnel":0},"geometry":{"type":"LineString","coordinates":[[139.77493,35.67808],[139.77489,35.67802]]}},{"type":"Feature","properties":{"tunnel":0},"geometry":{"type":"LineString","coordinates":[[139.77486,35.67796],[139.77484,35.67785],[139.7742,35.67671]]}},{"type":"Feature","properties":{"tunnel":0},"geometry":{"type":"LineString","coordinates":[[139.7742,35.67671],[139.77412,35.67658]]}},{"type":"Feature","properties":{"tunnel":0},"geometry":{"type":"LineString","coordinates":[[139.7747,35.67778],[139.77477,35.67788],[139.77486,35.67796]]}},{"type":"Feature","properties":{"tunnel":0},"geometry":{"type":"LineString","coordinates":[[139.77356,35.676],[139.7738,35.67639],[139.77395,35.67659],[139.77423,35.67696],[139.7747,35.67778]]}},{"type":"Feature","properties":{"tunnel":0},"geometry":{"type":"LineString","coordinates":[[139.77569,35.67932],[139.775,35.67819]]}},{"type":"Feature","properties":{"tunnel":0},"geometry":{"type":"LineString","coordinates":[[139.77569,35.67932],[139.77577,35.67931],[139.77595,35.67961]]}},{"type":"Feature","properties":{"tunnel":0},"geometry":{"type":"LineString","coordinates":[[139.77577,35.67961],[139.77562,35.67937],[139.77569,35.67932]]}},{"type":"Feature","properties":{"tunnel":0},"geometry":{"type":"LineString","coordinates":[[139.77569,35.67932],[139.77577,35.67928],[139.77523,35.67832],[139.77515,35.67823],[139.77512,35.67815],[139.77515,35.67804]]}},{"type":"Feature","properties":{"tunnel":0},"geometry":{"type":"LineString","coordinates":[[139.775,35.67839],[139.77511,35.67864],[139.77555,35.67936],[139.77569,35.67932]]}},{"type":"Feature","properties":{"tunnel":0},"geometry":{"type":"LineString","coordinates":[[139.77617,35.70638],[139.77612,35.70591],[139.77592,35.70399],[139.77585,35.70337],[139.77579,35.70274]]}},{"type":"Feature","properties":{"tunnel":0},"geometry":{"type":"LineString","coordinates":[[139.77579,35.70274],[139.7757,35.70192]]}},{"type":"Feature","properties":{"tunnel":0},"geometry":{"type":"LineString","coordinates":[[139.775,35.69328],[139.775,35.69327],[139.77496,35.69299]]}},{"type":"Feature","properties":{"tunnel":0},"geometry":{"type":"LineString","coordinates":[[139.77509,35.69404],[139.775,35.69328]]}},{"type":"Feature","properties":{"tunnel":0},"geometry":{"type":"LineString","coordinates":[[139.77531,35.69547],[139.77528,35.69533],[139.77516,35.69446]]}},{"type":"Feature","properties":{"tunnel":0},"geometry":{"type":"LineString","coordinates":[[139.77549,35.69746],[139.77548,35.69702],[139.77548,35.69679],[139.77542,35.69629],[139.77539,35.69607]]}},{"type":"Feature","properties":{"tunnel":0},"geometry":{"type":"LineString","coordinates":[[139.77538,35.696],[139.77535,35.69576],[139.77531,35.69547]]}},{"type":"Feature","properties":{"tunnel":0},"geometry":{"type":"LineString","coordinates":[[139.77539,35.69607],[139.77538,35.696]]}},{"type":"Feature","properties":{"tunnel":0},"geometry":{"type":"LineString","coordinates":[[139.77516,35.69446],[139.77512,35.69424],[139.77509,35.69404]]}},{"type":"Feature","properties":{"tunnel":0},"geometry":{"type":"LineString","coordinates":[[139.77553,35.7],[139.77553,35.7],[139.77552,35.69859],[139.77551,35.6982]]}},{"type":"Feature","properties":{"tunnel":0},"geometry":{"type":"LineString","coordinates":[[139.7755,35.69786],[139.77549,35.69746]]}},{"type":"Feature","properties":{"tunnel":0},"geometry":{"type":"LineString","coordinates":[[139.77551,35.6982],[139.77551,35.69813]]}},{"type":"Feature","properties":{"tunnel":0},"geometry":{"type":"LineString","coordinates":[[139.77551,35.69813],[139.7755,35.69786]]}},{"type":"Feature","properties":{"tunnel":0},"geometry":{"type":"LineString","coordinates":[[139.7757,35.70192],[139.77561,35.70099],[139.77555,35.7003],[139.77553,35.7]]}},{"type":"Feature","properties":{"tunnel":0},"geometry":{"type":"LineString","coordinates":[[139.77483,35.69167],[139.77483,35.69165],[139.77485,35.69156],[139.7749,35.69137],[139.775,35.69111]]}},{"type":"Feature","properties":{"tunnel":0},"geometry":{"type":"LineString","coordinates":[[139.77496,35.69299],[139.77483,35.69203],[139.77482,35.6918],[139.77482,35.69174]]}},{"type":"Feature","properties":{"tunnel":0},"geometry":{"type":"LineString","coordinates":[[139.77482,35.69174],[139.77483,35.69167]]}},{"type":"Feature","properties":{"tunnel":0},"geometry":{"type":"LineString","coordinates":[[139.775,35.69111],[139.775,35.69111],[139.77511,35.69083],[139.77525,35.69048],[139.7756,35.68964]]}},{"type":"Feature","properties":{"tunnel":0},"geometry":{"type":"LineString","coordinates":[[139.7756,35.68964],[139.77572,35.68937],[139.77608,35.68853]]}},{"type":"Feature","properties":{"tunnel":0},"geometry":{"type":"LineString","coordinates":[[139.77637,35.70833],[139.77637,35.70831],[139.77636,35.7082],[139.77633,35.70794]]}},{"type":"Feature","properties":{"tunnel":0},"geometry":{"type":"LineString","coordinates":[[139.77633,35.70794],[139.77628,35.70734],[139.77617,35.70638]]}},{"type":"Feature","properties":{"tunnel":0},"geometry":{"type":"LineString","coordinates":[[139.7766,35.71084],[139.77658,35.71074],[139.77655,35.71057],[139.77655,35.71017],[139.77646,35.70907],[139.77637,35.70833]]}},{"type":"Feature","properties":{"tunnel":0},"geometry":{"type":"LineString","coordinates":[[139.77905,35.71354],[139.77902,35.7135],[139.77833,35.71251],[139.77821,35.7124],[139.77796,35.71222],[139.77767,35.71204],[139.77723,35.71178],[139.77706,35.71163],[139.77687,35.71146],[139.77672,35.71121],[139.77663,35.71098],[139.7766,35.71084]]}},{"type":"Feature","properties":{"tunnel":0},"geometry":{"type":"LineString","coordinates":[[139.775,35.75969],[139.77479,35.75969]]}},{"type":"Feature","properties":{"tunnel":0},"geometry":{"type":"LineString","coordinates":[[139.77356,35.75974],[139.77422,35.75966],[139.77453,35.75964],[139.775,35.75962]]}},{"type":"Feature","properties":{"tunnel":0},"geometry":{"type":"LineString","coordinates":[[139.77479,35.75969],[139.7747,35.7597],[139.77407,35.75977]]}},{"type":"Feature","properties":{"tunnel":0},"geometry":{"type":"LineString","coordinates":[[139.77356,35.75974],[139.77356,35.75974]]}},{"type":"Feature","properties":{"tunnel":0},"geometry":{"type":"LineString","coordinates":[[139.77356,35.75961],[139.77377,35.75958],[139.775,35.75951]]}},{"type":"Feature","properties":{"tunnel":0},"geometry":{"type":"LineString","coordinates":[[139.77356,35.75953],[139.77389,35.75949],[139.77448,35.75945],[139.775,35.75943]]}},{"type":"Feature","properties":{"tunnel":0},"geometry":{"type":"LineString","coordinates":[[139.77743,35.75946],[139.77728,35.75949]]}},{"type":"Feature","properties":{"tunnel":0},"geometry":{"type":"LineString","coordinates":[[139.77736,35.75958],[139.77728,35.75963],[139.77679,35.75964],[139.77664,35.75965]]}},{"type":"Feature","properties":{"tunnel":0},"geometry":{"type":"LineString","coordinates":[[139.775,35.75962],[139.775,35.75962],[139.77546,35.7596],[139.77582,35.75959]]}},{"type":"Feature","properties":{"tunnel":0},"geometry":{"type":"LineString","coordinates":[[139.77848,35.75957],[139.77805,35.75956]]}},{"type":"Feature","properties":{"tunnel":0},"geometry":{"type":"LineString","coordinates":[[139.77743,35.75946],[139.77772,35.7595],[139.77805,35.75956]]}},{"type":"Feature","properties":{"tunnel":0},"geometry":{"type":"LineString","coordinates":[[139.77736,35.75958],[139.77771,35.75959],[139.77805,35.75956]]}},{"type":"Feature","properties":{"tunnel":0},"geometry":{"type":"LineString","coordinates":[[139.77582,35.75959],[139.77599,35.75958],[139.77714,35.75957],[139.77736,35.75958]]}},{"type":"Feature","properties":{"tunnel":0},"geometry":{"type":"LineString","coordinates":[[139.775,35.75951],[139.775,35.75951],[139.77559,35.75949],[139.77568,35.75948],[139.77728,35.75949]]}},{"type":"Feature","properties":{"tunnel":0},"geometry":{"type":"LineString","coordinates":[[139.77664,35.75965],[139.77608,35.75967],[139.77589,35.75967],[139.77525,35.75969],[139.775,35.75969],[139.775,35.75969]]}},{"type":"Feature","properties":{"tunnel":0},"geometry":{"type":"LineString","coordinates":[[139.775,35.75943],[139.77501,35.75943],[139.77588,35.7594],[139.77645,35.7594],[139.77681,35.7594],[139.77712,35.75941],[139.77727,35.75942],[139.77743,35.75946]]}},{"type":"Feature","properties":{"tunnel":0},"geometry":{"type":"LineString","coordinates":[[139.77905,35.75959],[139.77879,35.75958],[139.77848,35.75957]]}},{"type":"Feature","properties":{"tunnel":0},"geometry":{"type":"LineString","coordinates":[[139.76807,35.5322],[139.76849,35.53194],[139.76932,35.53145],[139.76995,35.53108],[139.77063,35.53067],[139.77124,35.53031],[139.77192,35.52988],[139.77256,35.52951],[139.77305,35.52922],[139.77356,35.52892]]}},{"type":"Feature","properties":{"tunnel":1},"geometry":{"type":"LineString","coordinates":[[139.77059,35.56351],[139.76807,35.56476]]}},{"type":"Feature","properties":{"tunnel":1},"geometry":{"type":"LineString","coordinates":[[139.77167,35.56298],[139.77059,35.56351]]}},{"type":"Feature","properties":{"tunnel":1},"geometry":{"type":"LineString","coordinates":[[139.77356,35.56204],[139.77167,35.56298]]}},{"type":"Feature","properties":{"tunnel":1},"geometry":{"type":"LineString","coordinates":[[139.76862,35.62158],[139.76807,35.62116]]}},{"type":"Feature","properties":{"tunnel":1},"geometry":{"type":"LineString","coordinates":[[139.76915,35.62198],[139.76862,35.62158]]}},{"type":"Feature","properties":{"tunnel":0},"geometry":{"type":"LineString","coordinates":[[139.76915,35.62198],[139.77035,35.62293]]}},{"type":"Feature","properties":{"tunnel":0},"geometry":{"type":"LineString","coordinates":[[139.77035,35.62293],[139.77074,35.62329],[139.77147,35.62385],[139.77226,35.62446],[139.77288,35.62491],[139.77303,35.625]]}},{"type":"Feature","properties":{"tunnel":0},"geometry":{"type":"LineString","coordinates":[[139.7733,35.62517],[139.77347,35.62527],[139.77356,35.62533]]}},{"type":"Feature","properties":{"tunnel":0},"geometry":{"type":"LineString","coordinates":[[139.77303,35.625],[139.7733,35.62517]]}},{"type":"Feature","properties":{"tunnel":0},"geometry":{"type":"LineString","coordinates":[[139.77356,35.63579],[139.77304,35.63563],[139.77241,35.6354],[139.77153,35.63511],[139.77135,35.63505]]}},{"type":"Feature","properties":{"tunnel":0},"geometry":{"type":"LineString","coordinates":[[139.76819,35.63498],[139.76815,35.63499],[139.76807,35.63501]]}},{"type":"Feature","properties":{"tunnel":0},"geometry":{"type":"LineString","coordinates":[[139.77159,35.63548],[139.77248,35.63584],[139.77306,35.63605],[139.77356,35.6362]]}},{"type":"Feature","properties":{"tunnel":0},"geometry":{"type":"LineString","coordinates":[[139.77116,35.63529],[139.77159,35.63548]]}},{"type":"Feature","properties":{"tunnel":0},"geometry":{"type":"LineString","coordinates":[[139.77033,35.63498],[139.77039,35.63503],[139.77116,35.63529]]}},{"type":"Feature","properties":{"tunnel":0},"geometry":{"type":"LineString","coordinates":[[139.77135,35.63505],[139.77104,35.63498]]}},{"type":"Feature","properties":{"tunnel":0},"geometry":{"type":"LineString","coordinates":[[139.77124,35.63519],[139.77048,35.63498]]}},{"type":"Feature","properties":{"tunnel":0},"geometry":{"type":"LineString","coordinates":[[139.77356,35.63599],[139.77329,35.63591],[139.77237,35.63562]]}},{"type":"Feature","properties":{"tunnel":0},"geometry":{"type":"LineString","coordinates":[[139.77237,35.63562],[139.77124,35.63519]]}},{"type":"Feature","properties":{"tunnel":0},"geometry":{"type":"LineString","coordinates":[[139.76915,35.63483],[139.76861,35.63487],[139.76819,35.63498]]}},{"type":"Feature","properties":{"tunnel":0},"geometry":{"type":"LineString","coordinates":[[139.77002,35.63487],[139.76969,35.63483],[139.76915,35.63483]]}},{"type":"Feature","properties":{"tunnel":0},"geometry":{"type":"LineString","coordinates":[[139.77027,35.63492],[139.77033,35.63498]]}},{"type":"Feature","properties":{"tunnel":0},"geometry":{"type":"LineString","coordinates":[[139.77104,35.63498],[139.77056,35.63486],[139.77031,35.63489]]}},{"type":"Feature","properties":{"tunnel":0},"geometry":{"type":"LineString","coordinates":[[139.77031,35.63489],[139.77027,35.63492]]}},{"type":"Feature","properties":{"tunnel":0},"geometry":{"type":"LineString","coordinates":[[139.77048,35.63498],[139.77027,35.63492]]}},{"type":"Feature","properties":{"tunnel":0},"geometry":{"type":"LineString","coordinates":[[139.77027,35.63492],[139.77002,35.63487]]}},{"type":"Feature","properties":{"tunnel":0},"geometry":{"type":"LineString","coordinates":[[139.7696,35.675],[139.76986,35.67491],[139.77044,35.67471]]}},{"type":"Feature","properties":{"tunnel":0},"geometry":{"type":"LineString","coordinates":[[139.77209,35.67193],[139.77216,35.67162],[139.77212,35.67148],[139.77212,35.67143],[139.77216,35.6713]]}},{"type":"Feature","properties":{"tunnel":0},"geometry":{"type":"LineString","coordinates":[[139.77194,35.67115],[139.77187,35.67115],[139.77174,35.67113],[139.77162,35.67106]]}},{"type":"Feature","properties":{"tunnel":0},"geometry":{"type":"LineString","coordinates":[[139.77261,35.67345],[139.7725,35.67371],[139.77252,35.67433]]}},{"type":"Feature","properties":{"tunnel":0},"geometry":{"type":"LineString","coordinates":[[139.76931,35.675],[139.77058,35.67456],[139.77092,35.67442]]}},{"type":"Feature","properties":{"tunnel":0},"geometry":{"type":"LineString","coordinates":[[139.77092,35.67442],[139.77165,35.67411],[139.77199,35.67403],[139.7722,35.67405],[139.77241,35.67416],[139.77255,35.6743],[139.77295,35.67494],[139.77299,35.675]]}},{"type":"Feature","properties":{"tunnel":0},"geometry":{"type":"LineString","coordinates":[[139.77285,35.67088],[139.77311,35.67077]]}},{"type":"Feature","properties":{"tunnel":0},"geometry":{"type":"LineString","coordinates":[[139.77311,35.67077],[139.77325,35.67071],[139.7733,35.67069]]}},{"type":"Feature","properties":{"tunnel":0},"geometry":{"type":"LineString","coordinates":[[139.7697,35.67427],[139.76975,35.67434]]}},{"type":"Feature","properties":{"tunnel":0},"geometry":{"type":"LineString","coordinates":[[139.77252,35.67433],[139.77252,35.67451],[139.77255,35.67459],[139.77265,35.67476],[139.77265,35.67483],[139.77263,35.6749]]}},{"type":"Feature","properties":{"tunnel":0},"geometry":{"type":"LineString","coordinates":[[139.77162,35.67106],[139.77124,35.67069]]}},{"type":"Feature","properties":{"tunnel":0},"geometry":{"type":"LineString","coordinates":[[139.77209,35.67193],[139.77193,35.67152],[139.77185,35.67138],[139.77182,35.67133]]}},{"type":"Feature","properties":{"tunnel":0},"geometry":{"type":"LineString","coordinates":[[139.77182,35.67133],[139.77173,35.6712],[139.77162,35.67106]]}},{"type":"Feature","properties":{"tunnel":0},"geometry":{"type":"LineString","coordinates":[[139.77311,35.675],[139.77304,35.6749]]}},{"type":"Feature","properties":{"tunnel":0},"geometry":{"type":"LineString","coordinates":[[139.77304,35.6749],[139.7728,35.67454],[139.77266,35.67431],[139.77265,35.67383],[139.77261,35.67345]]}},{"type":"Feature","properties":{"tunnel":0},"geometry":{"type":"LineString","coordinates":[[139.77233,35.67257],[139.77228,35.67246],[139.77227,35.67243]]}},{"type":"Feature","properties":{"tunnel":0},"geometry":{"type":"LineString","coordinates":[[139.77227,35.67243],[139.77209,35.67193]]}},{"type":"Feature","properties":{"tunnel":0},"geometry":{"type":"LineString","coordinates":[[139.77261,35.67345],[139.77257,35.67335]]}},{"type":"Feature","properties":{"tunnel":0},"geometry":{"type":"LineString","coordinates":[[139.77257,35.67335],[139.77233,35.67257]]}},{"type":"Feature","properties":{"tunnel":0},"geometry":{"type":"LineString","coordinates":[[139.77285,35.67088],[139.77266,35.67092],[139.77239,35.67104],[139.77214,35.67114],[139.77202,35.67115],[139.77194,35.67115]]}},{"type":"Feature","properties":{"tunnel":0},"geometry":{"type":"LineString","coordinates":[[139.77216,35.6713],[139.77218,35.67125],[139.77222,35.67119],[139.77229,35.67114],[139.77248,35.67106],[139.77269,35.67097],[139.77285,35.67088]]}},{"type":"Feature","properties":{"tunnel":0},"geometry":{"type":"LineString","coordinates":[[139.76975,35.67434],[139.76989,35.67451],[139.76999,35.67457],[139.77012,35.67458],[139.77024,35.67456],[139.77051,35.67447],[139.77078,35.67437],[139.77086,35.67438],[139.77092,35.67442]]}},{"type":"Feature","properties":{"tunnel":0},"geometry":{"type":"LineString","coordinates":[[139.77258,35.67334],[139.77252,35.67319],[139.77233,35.67257]]}},{"type":"Feature","properties":{"tunnel":0},"geometry":{"type":"LineString","coordinates":[[139.77263,35.675],[139.77263,35.67502]]}},{"type":"Feature","properties":{"tunnel":0},"geometry":{"type":"LineString","coordinates":[[139.77304,35.67508],[139.77305,35.67515]]}},{"type":"Feature","properties":{"tunnel":0},"geometry":{"type":"LineString","coordinates":[[139.77304,35.67508],[139.77313,35.67515]]}},{"type":"Feature","properties":{"tunnel":0},"geometry":{"type":"LineString","coordinates":[[139.76892,35.67512],[139.76912,35.67507]]}},{"type":"Feature","properties":{"tunnel":0},"geometry":{"type":"LineString","coordinates":[[139.7732,35.67515],[139.77319,35.67513],[139.77311,35.675]]}},{"type":"Feature","properties":{"tunnel":0},"geometry":{"type":"LineString","coordinates":[[139.76912,35.67507],[139.76934,35.67509],[139.7696,35.675]]}},{"type":"Feature","properties":{"tunnel":0},"geometry":{"type":"LineString","coordinates":[[139.76912,35.67507],[139.76931,35.675]]}},{"type":"Feature","properties":{"tunnel":0},"geometry":{"type":"LineString","coordinates":[[139.77299,35.675],[139.77304,35.67508]]}},{"type":"Feature","properties":{"tunnel":0},"geometry":{"type":"LineString","coordinates":[[139.76881,35.67515],[139.76892,35.67512]]}},{"type":"Feature","properties":{"tunnel":1},"geometry":{"type":"LineString","coordinates":[[139.76821,35.66812],[139.76849,35.66836]]}},{"type":"Feature","properties":{"tunnel":0},"geometry":{"type":"LineString","coordinates":[[139.76807,35.668],[139.76808,35.66801],[139.76821,35.66812]]}},{"type":"Feature","properties":{"tunnel":1},"geometry":{"type":"LineString","coordinates":[[139.76867,35.66851],[139.76881,35.66862]]}},{"type":"Feature","properties":{"tunnel":1},"geometry":{"type":"LineString","coordinates":[[139.76881,35.66862],[139.76895,35.66874]]}},{"type":"Feature","properties":{"tunnel":1},"geometry":{"type":"LineString","coordinates":[[139.76895,35.66874],[139.76909,35.66885]]}},{"type":"Feature","properties":{"tunnel":1},"geometry":{"type":"LineString","coordinates":[[139.76849,35.66836],[139.76867,35.66851]]}},{"type":"Feature","properties":{"tunnel":0},"geometry":{"type":"LineString","coordinates":[[139.7733,35.67069],[139.77356,35.67057]]}},{"type":"Feature","properties":{"tunnel":0},"geometry":{"type":"LineString","coordinates":[[139.77016,35.66971],[139.77062,35.6701]]}},{"type":"Feature","properties":{"tunnel":0},"geometry":{"type":"LineString","coordinates":[[139.77124,35.67069],[139.7712,35.67065]]}},{"type":"Feature","properties":{"tunnel":0},"geometry":{"type":"LineString","coordinates":[[139.76909,35.66885],[139.76925,35.66896],[139.76947,35.66916]]}},{"type":"Feature","properties":{"tunnel":1},"geometry":{"type":"LineString","coordinates":[[139.7712,35.67065],[139.77084,35.6703],[139.77062,35.6701]]}},{"type":"Feature","properties":{"tunnel":1},"geometry":{"type":"LineString","coordinates":[[139.76947,35.66916],[139.76968,35.66933]]}},{"type":"Feature","properties":{"tunnel":1},"geometry":{"type":"LineString","coordinates":[[139.7699,35.6695],[139.77016,35.66971]]}},{"type":"Feature","properties":{"tunnel":1},"geometry":{"type":"LineString","coordinates":[[139.76968,35.66933],[139.7699,35.6695]]}},{"type":"Feature","properties":{"tunnel":0},"geometry":{"type":"LineString","coordinates":[[139.76812,35.68853],[139.76812,35.68854],[139.76807,35.68857]]}},{"type":"Feature","properties":{"tunnel":1},"geometry":{"type":"LineString","coordinates":[[139.7684,35.67919],[139.7682,35.67885]]}},{"type":"Feature","properties":{"tunnel":1},"geometry":{"type":"LineString","coordinates":[[139.76831,35.67923],[139.76813,35.67891]]}},{"type":"Feature","properties":{"tunnel":1},"geometry":{"type":"LineString","coordinates":[[139.76865,35.67961],[139.7684,35.67919]]}},{"type":"Feature","properties":{"tunnel":1},"geometry":{"type":"LineString","coordinates":[[139.76853,35.67961],[139.76831,35.67923]]}},{"type":"Feature","properties":{"tunnel":1},"geometry":{"type":"LineString","coordinates":[[139.7682,35.67885],[139.76807,35.67863]]}},{"type":"Feature","properties":{"tunnel":1},"geometry":{"type":"LineString","coordinates":[[139.76813,35.67891],[139.76809,35.67885]]}},{"type":"Feature","properties":{"tunnel":1},"geometry":{"type":"LineString","coordinates":[[139.76809,35.67885],[139.76807,35.67881]]}},{"type":"Feature","properties":{"tunnel":0},"geometry":{"type":"LineString","coordinates":[[139.77305,35.67515],[139.77307,35.67521]]}},{"type":"Feature","properties":{"tunnel":0},"geometry":{"type":"LineString","coordinates":[[139.77313,35.67515],[139.77313,35.67515],[139.77334,35.6755],[139.77341,35.67562],[139.77356,35.67585]]}},{"type":"Feature","properties":{"tunnel":0},"geometry":{"type":"LineString","coordinates":[[139.77337,35.6754],[139.7732,35.67515]]}},{"type":"Feature","properties":{"tunnel":0},"geometry":{"type":"LineString","coordinates":[[139.77356,35.67569],[139.77341,35.67546],[139.77338,35.67541],[139.77337,35.6754]]}},{"type":"Feature","properties":{"tunnel":0},"geometry":{"type":"LineString","coordinates":[[139.76807,35.67524],[139.76808,35.67523],[139.76829,35.67521],[139.7685,35.6752],[139.76879,35.67515],[139.76881,35.67515]]}},{"type":"Feature","properties":{"tunnel":0},"geometry":{"type":"LineString","coordinates":[[139.77307,35.67521],[139.77324,35.67548],[139.77356,35.676]]}},{"type":"Feature","properties":{"tunnel":1},"geometry":{"type":"LineString","coordinates":[[139.77094,35.68333],[139.77092,35.6833],[139.77081,35.6831],[139.77081,35.6831]]}},{"type":"Feature","properties":{"tunnel":1},"geometry":{"type":"LineString","coordinates":[[139.77105,35.68333],[139.77089,35.68307]]}},{"type":"Feature","properties":{"tunnel":1},"geometry":{"type":"LineString","coordinates":[[139.76933,35.68075],[139.7691,35.68038]]}},{"type":"Feature","properties":{"tunnel":1},"geometry":{"type":"LineString","coordinates":[[139.77007,35.68183],[139.76975,35.68143],[139.76973,35.68141]]}},{"type":"Feature","properties":{"tunnel":1},"geometry":{"type":"LineString","coordinates":[[139.7705,35.68244],[139.77031,35.68214],[139.77029,35.68211]]}},{"type":"Feature","properties":{"tunnel":1},"geometry":{"type":"LineString","coordinates":[[139.77042,35.68247],[139.77024,35.68219],[139.77022,35.68217]]}},{"type":"Feature","properties":{"tunnel":1},"geometry":{"type":"LineString","coordinates":[[139.7708,35.68291],[139.77071,35.68275],[139.7705,35.68244]]}},{"type":"Feature","properties":{"tunnel":1},"geometry":{"type":"LineString","coordinates":[[139.77072,35.68294],[139.77056,35.68267],[139.77042,35.68247]]}},{"type":"Feature","properties":{"tunnel":1},"geometry":{"type":"LineString","coordinates":[[139.76973,35.68141],[139.76953,35.68108]]}},{"type":"Feature","properties":{"tunnel":1},"geometry":{"type":"LineString","coordinates":[[139.76953,35.68108],[139.76933,35.68075]]}},{"type":"Feature","properties":{"tunnel":1},"geometry":{"type":"LineString","coordinates":[[139.7688,35.67988],[139.76866,35.67963],[139.76865,35.67961]]}},{"type":"Feature","properties":{"tunnel":1},"geometry":{"type":"LineString","coordinates":[[139.76871,35.67992],[139.76857,35.67968],[139.76853,35.67961]]}},{"type":"Feature","properties":{"tunnel":1},"geometry":{"type":"LineString","coordinates":[[139.77029,35.68211],[139.77007,35.68183]]}},{"type":"Feature","properties":{"tunnel":1},"geometry":{"type":"LineString","coordinates":[[139.77089,35.68307],[139.7708,35.68291]]}},{"type":"Feature","properties":{"tunnel":1},"geometry":{"type":"LineString","coordinates":[[139.77081,35.6831],[139.77072,35.68294]]}},{"type":"Feature","properties":{"tunnel":1},"geometry":{"type":"LineString","coordinates":[[139.76892,35.68027],[139.76871,35.67992]]}},{"type":"Feature","properties":{"tunnel":1},"geometry":{"type":"LineString","coordinates":[[139.76922,35.68077],[139.76892,35.68027]]}},{"type":"Feature","properties":{"tunnel":1},"geometry":{"type":"LineString","coordinates":[[139.77022,35.68217],[139.77002,35.68194],[139.76979,35.68167],[139.76967,35.6815],[139.76946,35.68117],[139.76924,35.6808]]}},{"type":"Feature","properties":{"tunnel":1},"geometry":{"type":"LineString","coordinates":[[139.7691,35.68038],[139.76896,35.68015],[139.7688,35.67988]]}},{"type":"Feature","properties":{"tunnel":1},"geometry":{"type":"LineString","coordinates":[[139.76923,35.68078],[139.76922,35.68077]]}},{"type":"Feature","properties":{"tunnel":1},"geometry":{"type":"LineString","coordinates":[[139.76924,35.6808],[139.76923,35.68078]]}},{"type":"Feature","properties":{"tunnel":1},"geometry":{"type":"LineString","coordinates":[[139.77121,35.68394],[139.77118,35.6837],[139.77116,35.6836]]}},{"type":"Feature","properties":{"tunnel":1},"geometry":{"type":"LineString","coordinates":[[139.77116,35.6836],[139.77114,35.68354]]}},{"type":"Feature","properties":{"tunnel":1},"geometry":{"type":"LineString","coordinates":[[139.77104,35.68357],[139.77094,35.68333]]}},{"type":"Feature","properties":{"tunnel":1},"geometry":{"type":"LineString","coordinates":[[139.77111,35.68394],[139.77109,35.68371],[139.77104,35.68357]]}},{"type":"Feature","properties":{"tunnel":1},"geometry":{"type":"LineString","coordinates":[[139.77119,35.68407],[139.77122,35.68401],[139.77121,35.68394]]}},{"type":"Feature","properties":{"tunnel":1},"geometry":{"type":"LineString","coordinates":[[139.77114,35.68354],[139.77112,35.68346],[139.77105,35.68333]]}},{"type":"Feature","properties":{"tunnel":1},"geometry":{"type":"LineString","coordinates":[[139.77108,35.68407],[139.77111,35.68397],[139.77111,35.68394]]}},{"type":"Feature","properties":{"tunnel":1},"geometry":{"type":"LineString","coordinates":[[139.76862,35.68761],[139.76901,35.68703],[139.76926,35.68667]]}},{"type":"Feature","properties":{"tunnel":1},"geometry":{"type":"LineString","coordinates":[[139.76871,35.68766],[139.76931,35.68674]]}},{"type":"Feature","properties":{"tunnel":1},"geometry":{"type":"LineString","coordinates":[[139.76974,35.68608],[139.76993,35.68579]]}},{"type":"Feature","properties":{"tunnel":1},"geometry":{"type":"LineString","coordinates":[[139.76972,35.68599],[139.76986,35.68577],[139.76989,35.68573]]}},{"type":"Feature","properties":{"tunnel":1},"geometry":{"type":"LineString","coordinates":[[139.76993,35.68579],[139.7701,35.68553]]}},{"type":"Feature","properties":{"tunnel":1},"geometry":{"type":"LineString","coordinates":[[139.76989,35.68573],[139.76996,35.68562]]}},{"type":"Feature","properties":{"tunnel":1},"geometry":{"type":"LineString","coordinates":[[139.7701,35.68553],[139.77024,35.68532],[139.77027,35.68528]]}},{"type":"Feature","properties":{"tunnel":1},"geometry":{"type":"LineString","coordinates":[[139.76996,35.68562],[139.77014,35.68535],[139.77024,35.6852]]}},{"type":"Feature","properties":{"tunnel":1},"geometry":{"type":"LineString","coordinates":[[139.77056,35.68491],[139.77062,35.68483]]}},{"type":"Feature","properties":{"tunnel":1},"geometry":{"type":"LineString","coordinates":[[139.77062,35.68483],[139.77063,35.68481]]}},{"type":"Feature","properties":{"tunnel":1},"geometry":{"type":"LineString","coordinates":[[139.77063,35.68481],[139.77069,35.68474]]}},{"type":"Feature","properties":{"tunnel":1},"geometry":{"type":"LineString","coordinates":[[139.77051,35.68482],[139.7706,35.68471],[139.7707,35.68461]]}},{"type":"Feature","properties":{"tunnel":1},"geometry":{"type":"LineString","coordinates":[[139.77119,35.68409],[139.77119,35.68407]]}},{"type":"Feature","properties":{"tunnel":1},"geometry":{"type":"LineString","coordinates":[[139.76931,35.68674],[139.76974,35.68608]]}},{"type":"Feature","properties":{"tunnel":1},"geometry":{"type":"LineString","coordinates":[[139.76926,35.68667],[139.76937,35.68651],[139.76954,35.68624],[139.76971,35.686],[139.76972,35.68599]]}},{"type":"Feature","properties":{"tunnel":1},"geometry":{"type":"LineString","coordinates":[[139.77069,35.68474],[139.77074,35.68467],[139.77095,35.68448],[139.77103,35.6844]]}},{"type":"Feature","properties":{"tunnel":1},"geometry":{"type":"LineString","coordinates":[[139.77103,35.6844],[139.77108,35.68435],[139.77119,35.68409]]}},{"type":"Feature","properties":{"tunnel":1},"geometry":{"type":"LineString","coordinates":[[139.7707,35.68461],[139.77081,35.6845],[139.77086,35.68445],[139.77086,35.68445]]}},{"type":"Feature","properties":{"tunnel":1},"geometry":{"type":"LineString","coordinates":[[139.77086,35.68445],[139.77101,35.68431],[139.77105,35.68418],[139.77108,35.68407]]}},{"type":"Feature","properties":{"tunnel":1},"geometry":{"type":"LineString","coordinates":[[139.77024,35.6852],[139.77047,35.68488],[139.77051,35.68482]]}},{"type":"Feature","properties":{"tunnel":1},"geometry":{"type":"LineString","coordinates":[[139.77027,35.68528],[139.77056,35.68491]]}},{"type":"Feature","properties":{"tunnel":0},"geometry":{"type":"LineString","coordinates":[[139.76862,35.68761],[139.76862,35.68768]]}},{"type":"Feature","properties":{"tunnel":0},"geometry":{"type":"LineString","coordinates":[[139.76862,35.68768],[139.76871,35.68766]]}},{"type":"Feature","properties":{"tunnel":0},"geometry":{"type":"LineString","coordinates":[[139.77148,35.6843],[139.77138,35.68418]]}},{"type":"Feature","properties":{"tunnel":0},"geometry":{"type":"LineString","coordinates":[[139.76855,35.68777],[139.76862,35.68768]]}},{"type":"Feature","properties":{"tunnel":0},"geometry":{"type":"LineString","coordinates":[[139.77075,35.68543],[139.77081,35.68541]]}},{"type":"Feature","properties":{"tunnel":0},"geometry":{"type":"LineString","coordinates":[[139.77081,35.68541],[139.77095,35.68514],[139.77101,35.68507],[139.77107,35.685],[139.77114,35.68494],[139.77123,35.68486],[139.77131,35.68482]]}},{"type":"Feature","properties":{"tunnel":0},"geometry":{"type":"LineString","coordinates":[[139.76855,35.68777],[139.76842,35.68794],[139.76823,35.68818]]}},{"type":"Feature","properties":{"tunnel":0},"geometry":{"type":"LineString","coordinates":[[139.77131,35.68458],[139.77138,35.68454],[139.77146,35.6845],[139.77158,35.68445]]}},{"type":"Feature","properties":{"tunnel":0},"geometry":{"type":"LineString","coordinates":[[139.77075,35.68543],[139.77071,35.68539]]}},{"type":"Feature","properties":{"tunnel":0},"geometry":{"type":"LineString","coordinates":[[139.77071,35.68539],[139.77088,35.68504],[139.77092,35.68497],[139.77104,35.68481],[139.77111,35.68474],[139.77118,35.68468],[139.77126,35.68462],[139.77131,35.68458]]}},{"type":"Feature","properties":{"tunnel":0},"geometry":{"type":"LineString","coordinates":[[139.76929,35.68757],[139.76931,35.68762],[139.76923,35.68771],[139.76908,35.68785],[139.76898,35.68794],[139.76885,35.68805],[139.7686,35.68824]]}},{"type":"Feature","properties":{"tunnel":0},"geometry":{"type":"LineString","coordinates":[[139.76823,35.68818],[139.7681,35.68832],[139.76807,35.68837]]}},{"type":"Feature","properties":{"tunnel":0},"geometry":{"type":"LineString","coordinates":[[139.76807,35.68831],[139.7682,35.68825],[139.76841,35.68815],[139.76851,35.6881]]}},{"type":"Feature","properties":{"tunnel":0},"geometry":{"type":"LineString","coordinates":[[139.7686,35.68824],[139.76812,35.68853]]}},{"type":"Feature","properties":{"tunnel":0},"geometry":{"type":"LineString","coordinates":[[139.76851,35.6881],[139.76862,35.68805],[139.76878,35.68795],[139.76888,35.68789],[139.76901,35.68778],[139.76923,35.68758],[139.76929,35.68757]]}},{"type":"Feature","properties":{"tunnel":0},"geometry":{"type":"LineString","coordinates":[[139.77315,35.6844],[139.77356,35.68432]]}},{"type":"Feature","properties":{"tunnel":0},"geometry":{"type":"LineString","coordinates":[[139.77075,35.68543],[139.77059,35.68579],[139.77049,35.68601]]}},{"type":"Feature","properties":{"tunnel":0},"geometry":{"type":"LineString","coordinates":[[139.77049,35.68601],[139.77039,35.68621],[139.77033,35.68633],[139.77027,35.68643],[139.77021,35.6865],[139.77002,35.68673],[139.76981,35.68697],[139.76955,35.68727]]}},{"type":"Feature","properties":{"tunnel":0},"geometry":{"type":"LineString","coordinates":[[139.76955,35.68727],[139.76929,35.68757]]}},{"type":"Feature","properties":{"tunnel":0},"geometry":{"type":"LineString","coordinates":[[139.77301,35.68417],[139.7728,35.6843]]}},{"type":"Feature","properties":{"tunnel":0},"geometry":{"type":"LineString","coordinates":[[139.77169,35.68446],[139.77162,35.68443],[139.77156,35.68439],[139.77153,35.68435],[139.77148,35.6843]]}},{"type":"Feature","properties":{"tunnel":0},"geometry":{"type":"LineString","coordinates":[[139.7727,35.68448],[139.77251,35.68445],[139.77202,35.68451]]}},{"type":"Feature","properties":{"tunnel":0},"geometry":{"type":"LineString","coordinates":[[139.77229,35.68439],[139.77197,35.68446],[139.77185,35.68448]]}},{"type":"Feature","properties":{"tunnel":0},"geometry":{"type":"LineString","coordinates":[[139.77162,35.68461],[139.77155,35.68465],[139.77145,35.68475],[139.77135,35.68484]]}},{"type":"Feature","properties":{"tunnel":0},"geometry":{"type":"LineString","coordinates":[[139.77185,35.68448],[139.77176,35.68447],[139.77169,35.68446]]}},{"type":"Feature","properties":{"tunnel":0},"geometry":{"type":"LineString","coordinates":[[139.77202,35.68451],[139.77195,35.68453],[139.7717,35.68459],[139.77162,35.68461]]}},{"type":"Feature","properties":{"tunnel":0},"geometry":{"type":"LineString","coordinates":[[139.7728,35.6843],[139.77229,35.68439]]}},{"type":"Feature","properties":{"tunnel":0},"geometry":{"type":"LineString","coordinates":[[139.77158,35.68445],[139.77168,35.68442],[139.77177,35.68439]]}},{"type":"Feature","properties":{"tunnel":0},"geometry":{"type":"LineString","coordinates":[[139.77131,35.68482],[139.77138,35.68478],[139.77153,35.68472],[139.77167,35.68469],[139.7718,35.68465],[139.77188,35.68465]]}},{"type":"Feature","properties":{"tunnel":0},"geometry":{"type":"LineString","coordinates":[[139.77301,35.68417],[139.77356,35.68409]]}},{"type":"Feature","properties":{"tunnel":0},"geometry":{"type":"LineString","coordinates":[[139.7727,35.68448],[139.77293,35.68444],[139.77315,35.6844]]}},{"type":"Feature","properties":{"tunnel":0},"geometry":{"type":"LineString","coordinates":[[139.77188,35.68465],[139.7727,35.68448]]}},{"type":"Feature","properties":{"tunnel":0},"geometry":{"type":"LineString","coordinates":[[139.77177,35.68439],[139.77301,35.68417]]}},{"type":"Feature","properties":{"tunnel":0},"geometry":{"type":"LineString","coordinates":[[139.76807,35.76098],[139.76824,35.7609]]}},{"type":"Feature","properties":{"tunnel":0},"geometry":{"type":"LineString","coordinates":[[139.76867,35.76088],[139.769,35.76075],[139.76911,35.76073],[139.76916,35.76073]]}},{"type":"Feature","properties":{"tunnel":0},"geometry":{"type":"LineString","coordinates":[[139.7715,35.76004],[139.77251,35.75989]]}},{"type":"Feature","properties":{"tunnel":0},"geometry":{"type":"LineString","coordinates":[[139.7715,35.76004],[139.77204,35.75989]]}},{"type":"Feature","properties":{"tunnel":0},"geometry":{"type":"LineString","coordinates":[[139.77059,35.75998],[139.77047,35.76006],[139.77047,35.76007],[139.77037,35.76011],[139.76995,35.76023],[139.76973,35.76027],[139.76938,35.76037]]}},{"type":"Feature","properties":{"tunnel":0},"geometry":{"type":"LineString","coordinates":[[139.77137,35.75989],[139.77092,35.75999],[139.77078,35.76002],[139.76997,35.76021],[139.76946,35.76036]]}},{"type":"Feature","properties":{"tunnel":0},"geometry":{"type":"LineString","coordinates":[[139.76807,35.76108],[139.76823,35.761],[139.76838,35.76093],[139.76884,35.76074],[139.76921,35.76061],[139.76951,35.76052],[139.77004,35.76037],[139.77056,35.76024],[139.77081,35.76018],[139.77105,35.76013],[139.7715,35.76004]]}},{"type":"Feature","properties":{"tunnel":0},"geometry":{"type":"LineString","coordinates":[[139.76946,35.76036],[139.76908,35.76047],[139.76861,35.76064],[139.7683,35.76076],[139.76807,35.76086]]}},{"type":"Feature","properties":{"tunnel":0},"geometry":{"type":"LineString","coordinates":[[139.76938,35.76037],[139.76885,35.76064],[139.76824,35.7609]]}},{"type":"Feature","properties":{"tunnel":0},"geometry":{"type":"LineString","coordinates":[[139.76807,35.76114],[139.76843,35.76098],[139.76867,35.76088]]}},{"type":"Feature","properties":{"tunnel":0},"geometry":{"type":"LineString","coordinates":[[139.77251,35.75989],[139.7726,35.75987],[139.77356,35.75974]]}},{"type":"Feature","properties":{"tunnel":0},"geometry":{"type":"LineString","coordinates":[[139.77204,35.75989],[139.77219,35.75984],[139.77279,35.75972],[139.77329,35.75964],[139.77356,35.75961]]}},{"type":"Feature","properties":{"tunnel":0},"geometry":{"type":"LineString","coordinates":[[139.77253,35.75966],[139.77156,35.75984],[139.77151,35.75985],[139.77137,35.75989]]}},{"type":"Feature","properties":{"tunnel":0},"geometry":{"type":"LineString","coordinates":[[139.77253,35.75966],[139.77309,35.75958],[139.77356,35.75953]]}},{"type":"Feature","properties":{"tunnel":0},"geometry":{"type":"LineString","coordinates":[[139.76802,35.53223],[139.76807,35.5322]]}},{"type":"Feature","properties":{"tunnel":0},"geometry":{"type":"LineString","coordinates":[[139.76667,35.53302],[139.76615,35.53333]]}},{"type":"Feature","properties":{"tunnel":0},"geometry":{"type":"LineString","coordinates":[[139.76615,35.53333],[139.76572,35.53359],[139.76511,35.53395],[139.76464,35.53423],[139.76408,35.53456],[139.76367,35.53481],[139.76321,35.53508],[139.76274,35.53535],[139.76257,35.53546]]}},{"type":"Feature","properties":{"tunnel":0},"geometry":{"type":"LineString","coordinates":[[139.76667,35.53302],[139.76689,35.53289],[139.76736,35.53261],[139.76798,35.53225],[139.76802,35.53223]]}},{"type":"Feature","properties":{"tunnel":1},"geometry":{"type":"LineString","coordinates":[[139.76667,35.56546],[139.76606,35.56576],[139.76446,35.56655],[139.76422,35.56667]]}},{"type":"Feature","properties":{"tunnel":1},"geometry":{"type":"LineString","coordinates":[[139.76422,35.56667],[139.76393,35.5668]]}},{"type":"Feature","properties":{"tunnel":0},"geometry":{"type":"LineString","coordinates":[[139.76257,35.56751],[139.76393,35.5668]]}},{"type":"Feature","properties":{"tunnel":1},"geometry":{"type":"LineString","coordinates":[[139.76807,35.56476],[139.76667,35.56546]]}},{"type":"Feature","properties":{"tunnel":1},"geometry":{"type":"LineString","coordinates":[[139.76667,35.6201],[139.76279,35.61712]]}},{"type":"Feature","properties":{"tunnel":1},"geometry":{"type":"LineString","coordinates":[[139.76807,35.62116],[139.76667,35.6201],[139.76667,35.6201]]}},{"type":"Feature","properties":{"tunnel":1},"geometry":{"type":"LineString","coordinates":[[139.76279,35.61712],[139.76257,35.61695]]}},{"type":"Feature","properties":{"tunnel":0},"geometry":{"type":"LineString","coordinates":[[139.76667,35.63544],[139.76523,35.6359],[139.76394,35.63631]]}},{"type":"Feature","properties":{"tunnel":0},"geometry":{"type":"LineString","coordinates":[[139.76394,35.63631],[139.76325,35.63652],[139.76257,35.63673]]}},{"type":"Feature","properties":{"tunnel":0},"geometry":{"type":"LineString","coordinates":[[139.76807,35.63501],[139.76751,35.63516],[139.7669,35.63537]]}},{"type":"Feature","properties":{"tunnel":0},"geometry":{"type":"LineString","coordinates":[[139.7669,35.63537],[139.76667,35.63544]]}},{"type":"Feature","properties":{"tunnel":0},"geometry":{"type":"LineString","coordinates":[[139.76623,35.66565],[139.76667,35.666]]}},{"type":"Feature","properties":{"tunnel":0},"geometry":{"type":"LineString","coordinates":[[139.7659,35.66535],[139.76609,35.66552]]}},{"type":"Feature","properties":{"tunnel":1},"geometry":{"type":"LineString","coordinates":[[139.76383,35.66363],[139.76399,35.66363],[139.76412,35.6637],[139.76425,35.6638],[139.76462,35.6641]]}},{"type":"Feature","properties":{"tunnel":0},"geometry":{"type":"LineString","coordinates":[[139.76609,35.66552],[139.76623,35.66565]]}},{"type":"Feature","properties":{"tunnel":0},"geometry":{"type":"LineString","coordinates":[[139.76277,35.66622],[139.76293,35.66593],[139.76306,35.66565],[139.76318,35.66533],[139.76326,35.66496],[139.76329,35.66476],[139.76331,35.66465],[139.76332,35.66454]]}},{"type":"Feature","properties":{"tunnel":0},"geometry":{"type":"LineString","coordinates":[[139.76667,35.66589],[139.76657,35.66581],[139.76638,35.66565],[139.76623,35.66565]]}},{"type":"Feature","properties":{"tunnel":0},"geometry":{"type":"LineString","coordinates":[[139.76462,35.6641],[139.7659,35.66535]]}},{"type":"Feature","properties":{"tunnel":0},"geometry":{"type":"LineString","coordinates":[[139.76288,35.66373],[139.76314,35.66405],[139.76332,35.66454]]}},{"type":"Feature","properties":{"tunnel":0},"geometry":{"type":"LineString","coordinates":[[139.76257,35.66296],[139.76302,35.66351],[139.76319,35.66372],[139.76327,35.66384],[139.76333,35.66398],[139.76338,35.66421],[139.76337,35.66444],[139.76332,35.66454]]}},{"type":"Feature","properties":{"tunnel":1},"geometry":{"type":"LineString","coordinates":[[139.76257,35.66311],[139.7629,35.66343],[139.76301,35.66354]]}},{"type":"Feature","properties":{"tunnel":1},"geometry":{"type":"LineString","coordinates":[[139.76301,35.66354],[139.76311,35.6636],[139.76323,35.66364],[139.76351,35.66365],[139.76383,35.66363]]}},{"type":"Feature","properties":{"tunnel":0},"geometry":{"type":"LineString","coordinates":[[139.76257,35.66334],[139.76288,35.66373]]}},{"type":"Feature","properties":{"tunnel":0},"geometry":{"type":"LineString","coordinates":[[139.76667,35.666],[139.76691,35.6662]]}},{"type":"Feature","properties":{"tunnel":0},"geometry":{"type":"LineString","coordinates":[[139.76691,35.6662],[139.76694,35.66622]]}},{"type":"Feature","properties":{"tunnel":0},"geometry":{"type":"LineString","coordinates":[[139.76689,35.66604],[139.76672,35.66594],[139.76667,35.66589]]}},{"type":"Feature","properties":{"tunnel":0},"geometry":{"type":"LineString","coordinates":[[139.76713,35.66622],[139.76689,35.66604]]}},{"type":"Feature","properties":{"tunnel":0},"geometry":{"type":"LineString","coordinates":[[139.7651,35.675],[139.7647,35.6744],[139.76429,35.6738],[139.76421,35.67369],[139.76406,35.67349],[139.76397,35.67338],[139.76384,35.67329],[139.76366,35.6732],[139.7632,35.67306],[139.76271,35.67293],[139.76257,35.6729]]}},{"type":"Feature","properties":{"tunnel":0},"geometry":{"type":"LineString","coordinates":[[139.76522,35.67515],[139.7652,35.67512],[139.7651,35.675]]}},{"type":"Feature","properties":{"tunnel":0},"geometry":{"type":"LineString","coordinates":[[139.76257,35.66656],[139.76263,35.66647],[139.76274,35.66628],[139.76277,35.66622]]}},{"type":"Feature","properties":{"tunnel":0},"geometry":{"type":"LineString","coordinates":[[139.76694,35.66622],[139.76737,35.66656],[139.76742,35.66661],[139.76743,35.66663]]}},{"type":"Feature","properties":{"tunnel":0},"geometry":{"type":"LineString","coordinates":[[139.76743,35.66663],[139.76743,35.66665]]}},{"type":"Feature","properties":{"tunnel":0},"geometry":{"type":"LineString","coordinates":[[139.76743,35.66665],[139.76744,35.66667]]}},{"type":"Feature","properties":{"tunnel":0},"geometry":{"type":"LineString","coordinates":[[139.76769,35.66667],[139.76754,35.66653],[139.76731,35.66636],[139.76713,35.66622]]}},{"type":"Feature","properties":{"tunnel":0},"geometry":{"type":"LineString","coordinates":[[139.76769,35.66667],[139.76787,35.66684],[139.76795,35.66694]]}},{"type":"Feature","properties":{"tunnel":0},"geometry":{"type":"LineString","coordinates":[[139.76804,35.66828],[139.76803,35.66821],[139.768,35.66815],[139.76796,35.66809],[139.76773,35.6679],[139.76764,35.6678],[139.7676,35.66775],[139.76756,35.66766],[139.76753,35.66758],[139.7675,35.66751],[139.76749,35.66744]]}},{"type":"Feature","properties":{"tunnel":0},"geometry":{"type":"LineString","coordinates":[[139.76754,35.6669],[139.76759,35.66708],[139.76762,35.66732]]}},{"type":"Feature","properties":{"tunnel":0},"geometry":{"type":"LineString","coordinates":[[139.76746,35.66671],[139.76752,35.66682],[139.76754,35.6669]]}},{"type":"Feature","properties":{"tunnel":0},"geometry":{"type":"LineString","coordinates":[[139.76744,35.66667],[139.76746,35.66671]]}},{"type":"Feature","properties":{"tunnel":0},"geometry":{"type":"LineString","coordinates":[[139.76762,35.66732],[139.76764,35.66745],[139.7677,35.66758],[139.76785,35.66778],[139.76807,35.668]]}},{"type":"Feature","properties":{"tunnel":0},"geometry":{"type":"LineString","coordinates":[[139.76749,35.66744],[139.76748,35.6673],[139.76749,35.66706],[139.76754,35.6669]]}},{"type":"Feature","properties":{"tunnel":0},"geometry":{"type":"LineString","coordinates":[[139.76618,35.67639],[139.76625,35.67645]]}},{"type":"Feature","properties":{"tunnel":0},"geometry":{"type":"LineString","coordinates":[[139.76536,35.67534],[139.76539,35.6755],[139.7654,35.67563],[139.76548,35.67573],[139.76572,35.67598],[139.76595,35.67619],[139.76618,35.67639]]}},{"type":"Feature","properties":{"tunnel":1},"geometry":{"type":"LineString","coordinates":[[139.76667,35.67684],[139.76659,35.67674],[139.76641,35.67659],[139.76634,35.67652],[139.76625,35.67645]]}},{"type":"Feature","properties":{"tunnel":1},"geometry":{"type":"LineString","coordinates":[[139.76667,35.6767],[139.76663,35.67666],[139.76622,35.67631]]}},{"type":"Feature","properties":{"tunnel":0},"geometry":{"type":"LineString","coordinates":[[139.76622,35.67631],[139.76594,35.67596],[139.76589,35.67589],[139.7657,35.67556],[139.76536,35.67534]]}},{"type":"Feature","properties":{"tunnel":0},"geometry":{"type":"LineString","coordinates":[[139.76602,35.67583],[139.76621,35.67578],[139.76629,35.67576]]}},{"type":"Feature","properties":{"tunnel":0},"geometry":{"type":"LineString","coordinates":[[139.76536,35.67534],[139.76522,35.67515]]}},{"type":"Feature","properties":{"tunnel":0},"geometry":{"type":"LineString","coordinates":[[139.76667,35.67556],[139.76633,35.67566],[139.76619,35.67573],[139.76602,35.67583]]}},{"type":"Feature","properties":{"tunnel":0},"geometry":{"type":"LineString","coordinates":[[139.7654,35.67539],[139.76552,35.67558],[139.76565,35.67571],[139.76576,35.6758],[139.76577,35.6758],[139.76582,35.67582],[139.76589,35.67584],[139.76593,35.67584],[139.76599,35.67583]]}},{"type":"Feature","properties":{"tunnel":0},"geometry":{"type":"LineString","coordinates":[[139.76599,35.67583],[139.76602,35.67583]]}},{"type":"Feature","properties":{"tunnel":0},"geometry":{"type":"LineString","coordinates":[[139.76536,35.67534],[139.7654,35.67539]]}},{"type":"Feature","properties":{"tunnel":0},"geometry":{"type":"LineString","coordinates":[[139.76629,35.67576],[139.76667,35.67564]]}},{"type":"Feature","properties":{"tunnel":1},"geometry":{"type":"LineString","coordinates":[[139.76794,35.67842],[139.76777,35.67818]]}},{"type":"Feature","properties":{"tunnel":1},"geometry":{"type":"LineString","coordinates":[[139.76785,35.67845],[139.76768,35.67821]]}},{"type":"Feature","properties":{"tunnel":1},"geometry":{"type":"LineString","coordinates":[[139.76777,35.67818],[139.76751,35.6778]]}},{"type":"Feature","properties":{"tunnel":1},"geometry":{"type":"LineString","coordinates":[[139.76768,35.67821],[139.76757,35.67804],[139.76745,35.67788]]}},{"type":"Feature","properties":{"tunnel":1},"geometry":{"type":"LineString","coordinates":[[139.76807,35.67863],[139.76797,35.67846],[139.76794,35.67842]]}},{"type":"Feature","properties":{"tunnel":1},"geometry":{"type":"LineString","coordinates":[[139.76751,35.6778],[139.7673,35.6775],[139.76714,35.6773]]}},{"type":"Feature","properties":{"tunnel":1},"geometry":{"type":"LineString","coordinates":[[139.76688,35.67698],[139.76667,35.6767]]}},{"type":"Feature","properties":{"tunnel":1},"geometry":{"type":"LineString","coordinates":[[139.76714,35.6773],[139.76688,35.67698]]}},{"type":"Feature","properties":{"tunnel":1},"geometry":{"type":"LineString","coordinates":[[139.76745,35.67788],[139.76713,35.67743],[139.76703,35.67731]]}},{"type":"Feature","properties":{"tunnel":1},"geometry":{"type":"LineString","coordinates":[[139.76807,35.67881],[139.76797,35.67863],[139.76785,35.67845]]}},{"type":"Feature","properties":{"tunnel":1},"geometry":{"type":"LineString","coordinates":[[139.76703,35.67731],[139.7669,35.67714],[139.76667,35.67684]]}},{"type":"Feature","properties":{"tunnel":0},"geometry":{"type":"LineString","coordinates":[[139.76667,35.67564],[139.76684,35.67559],[139.76773,35.67533]]}},{"type":"Feature","properties":{"tunnel":0},"geometry":{"type":"LineString","coordinates":[[139.76754,35.67529],[139.76667,35.67556]]}},{"type":"Feature","properties":{"tunnel":0},"geometry":{"type":"LineString","coordinates":[[139.76773,35.67533],[139.76807,35.67524]]}},{"type":"Feature","properties":{"tunnel":0},"geometry":{"type":"LineString","coordinates":[[139.76752,35.68853],[139.76774,35.68844],[139.76793,35.68836]]}},{"type":"Feature","properties":{"tunnel":0},"geometry":{"type":"LineString","coordinates":[[139.76807,35.68837],[139.76805,35.68839],[139.76797,35.68847],[139.76786,35.68853]]}},{"type":"Feature","properties":{"tunnel":0},"geometry":{"type":"LineString","coordinates":[[139.76793,35.68836],[139.76807,35.68831]]}},{"type":"Feature","properties":{"tunnel":0},"geometry":{"type":"LineString","coordinates":[[139.76402,35.68918],[139.76385,35.68931],[139.7637,35.68945],[139.76356,35.68958],[139.76347,35.68967],[139.76339,35.68974],[139.7633,35.68984],[139.76317,35.68993],[139.76307,35.69001]]}},{"type":"Feature","properties":{"tunnel":0},"geometry":{"type":"LineString","coordinates":[[139.76541,35.68909],[139.76529,35.68903],[139.76502,35.68907],[139.76474,35.68911],[139.76461,35.68912],[139.76451,35.68912],[139.7644,35.6891]]}},{"type":"Feature","properties":{"tunnel":0},"geometry":{"type":"LineString","coordinates":[[139.76541,35.68909],[139.76534,35.68919],[139.76516,35.68923],[139.76489,35.6893],[139.76476,35.68933],[139.76471,35.68935],[139.76467,35.68937],[139.76463,35.68941],[139.76459,35.68945],[139.76456,35.6895],[139.76449,35.68958]]}},{"type":"Feature","properties":{"tunnel":0},"geometry":{"type":"LineString","coordinates":[[139.76449,35.68958],[139.76447,35.68959]]}},{"type":"Feature","properties":{"tunnel":0},"geometry":{"type":"LineString","coordinates":[[139.76422,35.68935],[139.76435,35.6893],[139.76453,35.68925],[139.76468,35.68922],[139.76514,35.68914],[139.76541,35.68909]]}},{"type":"Feature","properties":{"tunnel":0},"geometry":{"type":"LineString","coordinates":[[139.76659,35.68889],[139.76619,35.68896]]}},{"type":"Feature","properties":{"tunnel":0},"geometry":{"type":"LineString","coordinates":[[139.76541,35.68909],[139.76619,35.68896]]}},{"type":"Feature","properties":{"tunnel":0},"geometry":{"type":"LineString","coordinates":[[139.76667,35.68888],[139.76659,35.68889]]}},{"type":"Feature","properties":{"tunnel":0},"geometry":{"type":"LineString","coordinates":[[139.76338,35.69011],[139.76341,35.69008],[139.76373,35.68984],[139.76381,35.68979],[139.76385,35.68978],[139.76388,35.68978],[139.76392,35.68977],[139.76396,35.68978],[139.76399,35.68979],[139.76402,35.6898],[139.76405,35.68983],[139.76407,35.68985],[139.76409,35.68988],[139.76411,35.68991],[139.7641,35.68996],[139.7641,35.68998],[139.76409,35.69],[139.76407,35.69003],[139.76404,35.69007],[139.76395,35.69015],[139.76389,35.69021]]}},{"type":"Feature","properties":{"tunnel":0},"geometry":{"type":"LineString","coordinates":[[139.76308,35.69019],[139.7633,35.69003],[139.76346,35.68989],[139.7636,35.68978],[139.76368,35.68971],[139.76377,35.68964],[139.76388,35.68955],[139.76396,35.68949],[139.76405,35.68943],[139.76422,35.68935]]}},{"type":"Feature","properties":{"tunnel":0},"geometry":{"type":"LineString","coordinates":[[139.76308,35.69019],[139.76316,35.69023],[139.7633,35.69016],[139.76338,35.69011]]}},{"type":"Feature","properties":{"tunnel":0},"geometry":{"type":"LineString","coordinates":[[139.76307,35.69001],[139.76292,35.69009],[139.76274,35.69017],[139.76257,35.69024]]}},{"type":"Feature","properties":{"tunnel":0},"geometry":{"type":"LineString","coordinates":[[139.76257,35.69034],[139.76267,35.69032],[139.76283,35.69027],[139.76297,35.69023],[139.76308,35.69019]]}},{"type":"Feature","properties":{"tunnel":0},"geometry":{"type":"LineString","coordinates":[[139.76676,35.68887],[139.76685,35.68874],[139.76709,35.68868],[139.76723,35.68865],[139.76735,35.6886],[139.7675,35.68854],[139.76752,35.68853]]}},{"type":"Feature","properties":{"tunnel":0},"geometry":{"type":"LineString","coordinates":[[139.76786,35.68853],[139.76785,35.68854],[139.76781,35.68856]]}},{"type":"Feature","properties":{"tunnel":0},"geometry":{"type":"LineString","coordinates":[[139.76781,35.68856],[139.76766,35.68864],[139.76755,35.68868],[139.76738,35.68873],[139.76716,35.68877],[139.76714,35.68882]]}},{"type":"Feature","properties":{"tunnel":0},"geometry":{"type":"LineString","coordinates":[[139.76807,35.68857],[139.76793,35.68865],[139.76776,35.68874],[139.76753,35.68882],[139.76738,35.68885],[139.76718,35.68888],[139.76714,35.68882]]}},{"type":"Feature","properties":{"tunnel":0},"geometry":{"type":"LineString","coordinates":[[139.76714,35.68882],[139.76684,35.68885]]}},{"type":"Feature","properties":{"tunnel":0},"geometry":{"type":"LineString","coordinates":[[139.76676,35.68887],[139.76667,35.68888]]}},{"type":"Feature","properties":{"tunnel":0},"geometry":{"type":"LineString","coordinates":[[139.76684,35.68885],[139.76676,35.68887]]}},{"type":"Feature","properties":{"tunnel":0},"geometry":{"type":"LineString","coordinates":[[139.7662,35.76193],[139.76639,35.76182],[139.76662,35.7617],[139.76667,35.76167]]}},{"type":"Feature","properties":{"tunnel":0},"geometry":{"type":"LineString","coordinates":[[139.76602,35.76197],[139.7661,35.76196],[139.7662,35.76193]]}},{"type":"Feature","properties":{"tunnel":0},"geometry":{"type":"LineString","coordinates":[[139.76602,35.76197],[139.76558,35.76226]]}},{"type":"Feature","properties":{"tunnel":0},"geometry":{"type":"LineString","coordinates":[[139.76667,35.7616],[139.76602,35.76197]]}},{"type":"Feature","properties":{"tunnel":0},"geometry":{"type":"LineString","coordinates":[[139.7658,35.76232],[139.76612,35.76211],[139.76646,35.7619],[139.76663,35.76181],[139.76667,35.76179]]}},{"type":"Feature","properties":{"tunnel":0},"geometry":{"type":"LineString","coordinates":[[139.7658,35.76232],[139.76667,35.76187]]}},{"type":"Feature","properties":{"tunnel":0},"geometry":{"type":"LineString","coordinates":[[139.76559,35.76246],[139.7658,35.76232]]}},{"type":"Feature","properties":{"tunnel":0},"geometry":{"type":"LineString","coordinates":[[139.76558,35.76226],[139.76528,35.76249],[139.76509,35.76263],[139.76482,35.76285],[139.76449,35.76317],[139.76432,35.76336],[139.76417,35.76354],[139.76413,35.76361],[139.76414,35.76372]]}},{"type":"Feature","properties":{"tunnel":0},"geometry":{"type":"LineString","coordinates":[[139.76414,35.76372],[139.76424,35.76369],[139.76432,35.76361],[139.76448,35.76344],[139.76464,35.76327],[139.76486,35.76304],[139.76518,35.76277],[139.76533,35.76264],[139.76556,35.76248],[139.76559,35.76246]]}},{"type":"Feature","properties":{"tunnel":0},"geometry":{"type":"LineString","coordinates":[[139.76414,35.76372],[139.76397,35.76395],[139.7638,35.76418],[139.7637,35.76434]]}},{"type":"Feature","properties":{"tunnel":0},"geometry":{"type":"LineString","coordinates":[[139.76667,35.76167],[139.76706,35.76148],[139.76762,35.76119],[139.76807,35.76098]]}},{"type":"Feature","properties":{"tunnel":0},"geometry":{"type":"LineString","coordinates":[[139.76667,35.76179],[139.76685,35.76169],[139.76718,35.76152]]}},{"type":"Feature","properties":{"tunnel":0},"geometry":{"type":"LineString","coordinates":[[139.76718,35.76152],[139.76746,35.76138],[139.76769,35.76126],[139.76791,35.76115],[139.76804,35.76109],[139.76807,35.76108]]}},{"type":"Feature","properties":{"tunnel":0},"geometry":{"type":"LineString","coordinates":[[139.76807,35.76086],[139.76786,35.76096],[139.7674,35.7612],[139.76711,35.76136],[139.76668,35.76159],[139.76667,35.7616]]}},{"type":"Feature","properties":{"tunnel":0},"geometry":{"type":"LineString","coordinates":[[139.76667,35.76187],[139.76672,35.76184],[139.76735,35.7615],[139.76769,35.76132],[139.76805,35.76115]]}},{"type":"Feature","properties":{"tunnel":0},"geometry":{"type":"LineString","coordinates":[[139.76805,35.76115],[139.76807,35.76114]]}},{"type":"Feature","properties":{"tunnel":0},"geometry":{"type":"LineString","coordinates":[[139.76339,35.76483],[139.76339,35.76489],[139.76337,35.76499],[139.76333,35.76507],[139.76287,35.76604],[139.7626,35.76667]]}},{"type":"Feature","properties":{"tunnel":0},"geometry":{"type":"LineString","coordinates":[[139.7637,35.76434],[139.76339,35.76483]]}},{"type":"Feature","properties":{"tunnel":0},"geometry":{"type":"LineString","coordinates":[[139.76257,35.76558],[139.7627,35.76552],[139.76283,35.76543],[139.76296,35.76533],[139.76306,35.76521],[139.76325,35.76495]]}},{"type":"Feature","properties":{"tunnel":0},"geometry":{"type":"LineString","coordinates":[[139.76339,35.76483],[139.76332,35.76487],[139.76325,35.76495]]}},{"type":"Feature","properties":{"tunnel":0},"geometry":{"type":"LineString","coordinates":[[139.7626,35.76667],[139.76257,35.76673]]}},{"type":"Feature","properties":{"tunnel":0},"geometry":{"type":"LineString","coordinates":[[139.75833,35.53771],[139.75807,35.53777],[139.75742,35.53788],[139.75717,35.53791],[139.75708,35.53792]]}},{"type":"Feature","properties":{"tunnel":0},"geometry":{"type":"LineString","coordinates":[[139.75833,35.53788],[139.75814,35.53793],[139.75787,35.53798],[139.75743,35.53805],[139.75708,35.53807]]}},{"type":"Feature","properties":{"tunnel":0},"geometry":{"type":"LineString","coordinates":[[139.76031,35.53679],[139.75962,35.53718],[139.75943,35.53728],[139.75899,35.53748],[139.7585,35.53766],[139.75833,35.53771]]}},{"type":"Feature","properties":{"tunnel":0},"geometry":{"type":"LineString","coordinates":[[139.76031,35.53679],[139.76022,35.5369],[139.75993,35.5371],[139.75942,35.53739],[139.7592,35.53752],[139.75884,35.5377],[139.75854,35.53782],[139.75833,35.53788]]}},{"type":"Feature","properties":{"tunnel":0},"geometry":{"type":"LineString","coordinates":[[139.76048,35.5367],[139.76031,35.53679]]}},{"type":"Feature","properties":{"tunnel":0},"geometry":{"type":"LineString","coordinates":[[139.76257,35.53546],[139.76234,35.5356],[139.762,35.5358],[139.76154,35.53607],[139.76132,35.53621]]}},{"type":"Feature","properties":{"tunnel":0},"geometry":{"type":"LineString","coordinates":[[139.76132,35.53621],[139.76103,35.53637],[139.7607,35.53656],[139.76048,35.5367]]}},{"type":"Feature","properties":{"tunnel":0},"geometry":{"type":"LineString","coordinates":[[139.76176,35.56798],[139.76204,35.56779],[139.76235,35.56762],[139.76257,35.56751]]}},{"type":"Feature","properties":{"tunnel":0},"geometry":{"type":"LineString","coordinates":[[139.75708,35.57886],[139.75735,35.57801],[139.7577,35.57692]]}},{"type":"Feature","properties":{"tunnel":0},"geometry":{"type":"LineString","coordinates":[[139.75829,35.575],[139.75833,35.57487]]}},{"type":"Feature","properties":{"tunnel":0},"geometry":{"type":"LineString","coordinates":[[139.7577,35.57692],[139.75772,35.57687],[139.75793,35.57615],[139.75826,35.5751],[139.75829,35.575]]}},{"type":"Feature","properties":{"tunnel":0},"geometry":{"type":"LineString","coordinates":[[139.75833,35.57487],[139.75837,35.57474],[139.75875,35.57353],[139.75908,35.57245]]}},{"type":"Feature","properties":{"tunnel":0},"geometry":{"type":"LineString","coordinates":[[139.75908,35.57245],[139.75909,35.57242],[139.75929,35.5718]]}},{"type":"Feature","properties":{"tunnel":0},"geometry":{"type":"LineString","coordinates":[[139.75943,35.57136],[139.75963,35.57079],[139.75986,35.57018],[139.76012,35.5697],[139.76026,35.5695],[139.76037,35.56931],[139.76058,35.56904],[139.76077,35.56882],[139.76114,35.56846],[139.76155,35.56812],[139.76176,35.56798]]}},{"type":"Feature","properties":{"tunnel":0},"geometry":{"type":"LineString","coordinates":[[139.75929,35.5718],[139.75943,35.57136]]}},{"type":"Feature","properties":{"tunnel":0},"geometry":{"type":"LineString","coordinates":[[139.75758,35.61311],[139.75708,35.61267]]}},{"type":"Feature","properties":{"tunnel":0},"geometry":{"type":"LineString","coordinates":[[139.75794,35.61338],[139.75758,35.61311]]}},{"type":"Feature","properties":{"tunnel":0},"geometry":{"type":"LineString","coordinates":[[139.75833,35.61368],[139.75794,35.61338]]}},{"type":"Feature","properties":{"tunnel":1},"geometry":{"type":"LineString","coordinates":[[139.7622,35.61667],[139.7612,35.6159],[139.75854,35.61384]]}},{"type":"Feature","properties":{"tunnel":0},"geometry":{"type":"LineString","coordinates":[[139.75854,35.61384],[139.75833,35.61368]]}},{"type":"Feature","properties":{"tunnel":1},"geometry":{"type":"LineString","coordinates":[[139.76257,35.61695],[139.7622,35.61667]]}},{"type":"Feature","properties":{"tunnel":0},"geometry":{"type":"LineString","coordinates":[[139.75823,35.63847],[139.75818,35.63853],[139.75793,35.63892],[139.75788,35.63908],[139.75783,35.63922],[139.75783,35.63944]]}},{"type":"Feature","properties":{"tunnel":0},"geometry":{"type":"LineString","coordinates":[[139.75833,35.63836],[139.75829,35.63841]]}},{"type":"Feature","properties":{"tunnel":0},"geometry":{"type":"LineString","coordinates":[[139.75829,35.63841],[139.75823,35.63847]]}},{"type":"Feature","properties":{"tunnel":0},"geometry":{"type":"LineString","coordinates":[[139.75945,35.63775],[139.75927,35.63781],[139.75887,35.63798],[139.75875,35.63804],[139.75861,35.63812],[139.75843,35.63825],[139.75833,35.63836]]}},{"type":"Feature","properties":{"tunnel":0},"geometry":{"type":"LineString","coordinates":[[139.76257,35.63673],[139.7622,35.63685],[139.76018,35.63751]]}},{"type":"Feature","properties":{"tunnel":0},"geometry":{"type":"LineString","coordinates":[[139.76018,35.63751],[139.75945,35.63775]]}},{"type":"Feature","properties":{"tunnel":0},"geometry":{"type":"LineString","coordinates":[[139.75777,35.64161],[139.75777,35.64167]]}},{"type":"Feature","properties":{"tunnel":0},"geometry":{"type":"LineString","coordinates":[[139.75783,35.63944],[139.7578,35.64056]]}},{"type":"Feature","properties":{"tunnel":0},"geometry":{"type":"LineString","coordinates":[[139.7578,35.64056],[139.75777,35.64161]]}},{"type":"Feature","properties":{"tunnel":0},"geometry":{"type":"LineString","coordinates":[[139.75777,35.64167],[139.75776,35.64225]]}},{"type":"Feature","properties":{"tunnel":0},"geometry":{"type":"LineString","coordinates":[[139.75776,35.64225],[139.75774,35.64302]]}},{"type":"Feature","properties":{"tunnel":0},"geometry":{"type":"LineString","coordinates":[[139.75749,35.64317],[139.75753,35.64313],[139.75759,35.64311],[139.75766,35.64312],[139.7577,35.64316],[139.75772,35.64322],[139.75773,35.64332]]}},{"type":"Feature","properties":{"tunnel":0},"geometry":{"type":"LineString","coordinates":[[139.75773,35.64382],[139.75759,35.64377]]}},{"type":"Feature","properties":{"tunnel":0},"geometry":{"type":"LineString","coordinates":[[139.75774,35.64356],[139.75783,35.64382]]}},{"type":"Feature","properties":{"tunnel":0},"geometry":{"type":"LineString","coordinates":[[139.75774,35.64302],[139.75774,35.64356]]}},{"type":"Feature","properties":{"tunnel":0},"geometry":{"type":"LineString","coordinates":[[139.75774,35.64356],[139.75773,35.64382]]}},{"type":"Feature","properties":{"tunnel":0},"geometry":{"type":"LineString","coordinates":[[139.75783,35.64382],[139.75784,35.64391]]}},{"type":"Feature","properties":{"tunnel":0},"geometry":{"type":"LineString","coordinates":[[139.75773,35.64382],[139.75773,35.64391]]}},{"type":"Feature","properties":{"tunnel":0},"geometry":{"type":"LineString","coordinates":[[139.75759,35.64377],[139.7575,35.64371],[139.75747,35.64364],[139.75747,35.64322],[139.75749,35.64317]]}},{"type":"Feature","properties":{"tunnel":0},"geometry":{"type":"LineString","coordinates":[[139.75772,35.64391],[139.75773,35.64332]]}},{"type":"Feature","properties":{"tunnel":0},"geometry":{"type":"LineString","coordinates":[[139.75712,35.64661],[139.75712,35.64671]]}},{"type":"Feature","properties":{"tunnel":0},"geometry":{"type":"LineString","coordinates":[[139.75712,35.64671],[139.75712,35.64675],[139.75713,35.64684],[139.75715,35.64702],[139.75729,35.64735],[139.7574,35.64756]]}},{"type":"Feature","properties":{"tunnel":0},"geometry":{"type":"LineString","coordinates":[[139.75735,35.64587],[139.75733,35.64595],[139.7573,35.64605],[139.75727,35.64625]]}},{"type":"Feature","properties":{"tunnel":0},"geometry":{"type":"LineString","coordinates":[[139.75772,35.64472],[139.75772,35.64483],[139.75772,35.64496]]}},{"type":"Feature","properties":{"tunnel":0},"geometry":{"type":"LineString","coordinates":[[139.75736,35.64584],[139.75727,35.646],[139.75717,35.64625],[139.75712,35.64648],[139.75712,35.64661]]}},{"type":"Feature","properties":{"tunnel":0},"geometry":{"type":"LineString","coordinates":[[139.75772,35.64496],[139.7577,35.64509],[139.75764,35.64527],[139.75756,35.64551]]}},{"type":"Feature","properties":{"tunnel":0},"geometry":{"type":"LineString","coordinates":[[139.75784,35.64391],[139.75785,35.64396],[139.75783,35.6447],[139.75782,35.64484],[139.75779,35.64499],[139.75775,35.64512],[139.75765,35.64534],[139.75735,35.64587]]}},{"type":"Feature","properties":{"tunnel":0},"geometry":{"type":"LineString","coordinates":[[139.75773,35.644],[139.75772,35.64472]]}},{"type":"Feature","properties":{"tunnel":0},"geometry":{"type":"LineString","coordinates":[[139.75773,35.644],[139.75756,35.64414]]}},{"type":"Feature","properties":{"tunnel":0},"geometry":{"type":"LineString","coordinates":[[139.75773,35.64391],[139.75773,35.644]]}},{"type":"Feature","properties":{"tunnel":0},"geometry":{"type":"LineString","coordinates":[[139.75756,35.64414],[139.7575,35.64421],[139.75746,35.64429],[139.75746,35.64456],[139.75746,35.64466],[139.75747,35.64472],[139.75752,35.64477],[139.7576,35.64479],[139.75768,35.64475],[139.75771,35.64467],[139.75772,35.64391]]}},{"type":"Feature","properties":{"tunnel":0},"geometry":{"type":"LineString","coordinates":[[139.75756,35.64551],[139.75749,35.64561]]}},{"type":"Feature","properties":{"tunnel":0},"geometry":{"type":"LineString","coordinates":[[139.75749,35.64561],[139.75746,35.64566]]}},{"type":"Feature","properties":{"tunnel":0},"geometry":{"type":"LineString","coordinates":[[139.75746,35.64566],[139.75736,35.64584]]}},{"type":"Feature","properties":{"tunnel":0},"geometry":{"type":"LineString","coordinates":[[139.75708,35.64661],[139.75737,35.64717],[139.75759,35.64759]]}},{"type":"Feature","properties":{"tunnel":0},"geometry":{"type":"LineString","coordinates":[[139.75799,35.64837],[139.75774,35.64786]]}},{"type":"Feature","properties":{"tunnel":0},"geometry":{"type":"LineString","coordinates":[[139.75779,35.64837],[139.7574,35.64756]]}},{"type":"Feature","properties":{"tunnel":0},"geometry":{"type":"LineString","coordinates":[[139.75727,35.64625],[139.75727,35.64644],[139.75731,35.64663],[139.7574,35.64688],[139.75748,35.64703],[139.75755,35.64719]]}},{"type":"Feature","properties":{"tunnel":0},"geometry":{"type":"LineString","coordinates":[[139.75774,35.64786],[139.75759,35.64759]]}},{"type":"Feature","properties":{"tunnel":0},"geometry":{"type":"LineString","coordinates":[[139.75774,35.64786],[139.75777,35.64772],[139.75772,35.64753],[139.75755,35.64719]]}},{"type":"Feature","properties":{"tunnel":0},"geometry":{"type":"LineString","coordinates":[[139.75824,35.64887],[139.75799,35.64837]]}},{"type":"Feature","properties":{"tunnel":0},"geometry":{"type":"LineString","coordinates":[[139.75806,35.64891],[139.75779,35.64837]]}},{"type":"Feature","properties":{"tunnel":0},"geometry":{"type":"LineString","coordinates":[[139.75806,35.64891],[139.75819,35.64916],[139.75825,35.64922],[139.75831,35.64924],[139.75833,35.64925]]}},{"type":"Feature","properties":{"tunnel":0},"geometry":{"type":"LineString","coordinates":[[139.75833,35.64905],[139.75824,35.64887]]}},{"type":"Feature","properties":{"tunnel":0},"geometry":{"type":"LineString","coordinates":[[139.75833,35.65266],[139.75823,35.65267],[139.75804,35.65269],[139.75788,35.65273]]}},{"type":"Feature","properties":{"tunnel":0},"geometry":{"type":"LineString","coordinates":[[139.75803,35.65283],[139.75804,35.65283],[139.75833,35.6528]]}},{"type":"Feature","properties":{"tunnel":0},"geometry":{"type":"LineString","coordinates":[[139.75833,35.65274],[139.75829,35.65274],[139.75805,35.65275],[139.75788,35.65273]]}},{"type":"Feature","properties":{"tunnel":0},"geometry":{"type":"LineString","coordinates":[[139.75788,35.65273],[139.7574,35.65279]]}},{"type":"Feature","properties":{"tunnel":0},"geometry":{"type":"LineString","coordinates":[[139.7574,35.65279],[139.75708,35.65283]]}},{"type":"Feature","properties":{"tunnel":0},"geometry":{"type":"LineString","coordinates":[[139.75833,35.64925],[139.75845,35.64927]]}},{"type":"Feature","properties":{"tunnel":0},"geometry":{"type":"LineString","coordinates":[[139.75845,35.64927],[139.75841,35.6492],[139.75833,35.64905]]}},{"type":"Feature","properties":{"tunnel":0},"geometry":{"type":"LineString","coordinates":[[139.75855,35.6495],[139.75845,35.64927]]}},{"type":"Feature","properties":{"tunnel":0},"geometry":{"type":"LineString","coordinates":[[139.75894,35.65],[139.75889,35.64989],[139.75877,35.6498],[139.75868,35.64976]]}},{"type":"Feature","properties":{"tunnel":0},"geometry":{"type":"LineString","coordinates":[[139.75879,35.65],[139.75868,35.64976]]}},{"type":"Feature","properties":{"tunnel":0},"geometry":{"type":"LineString","coordinates":[[139.75868,35.64976],[139.75855,35.6495]]}},{"type":"Feature","properties":{"tunnel":0},"geometry":{"type":"LineString","coordinates":[[139.75948,35.65138],[139.7595,35.65164],[139.75952,35.65179],[139.75953,35.6519],[139.75953,35.65196],[139.7595,35.6521],[139.75944,35.65223],[139.75939,35.65231],[139.75932,35.65239],[139.75917,35.65249],[139.759,35.65257],[139.7588,35.65261],[139.75862,35.65264],[139.75833,35.65266]]}},{"type":"Feature","properties":{"tunnel":0},"geometry":{"type":"LineString","coordinates":[[139.75833,35.6528],[139.75837,35.6528],[139.75873,35.65274],[139.75898,35.65268],[139.7592,35.65257],[139.7593,35.6525],[139.75936,35.65245],[139.75944,35.65239],[139.75952,35.6523],[139.75958,35.65219],[139.75963,35.65209],[139.75967,35.65192],[139.75967,35.65182],[139.75967,35.65162],[139.75965,35.65151]]}},{"type":"Feature","properties":{"tunnel":0},"geometry":{"type":"LineString","coordinates":[[139.75962,35.65283],[139.75955,35.6528],[139.75929,35.65273],[139.75907,35.65271],[139.75866,35.65271],[139.75833,35.65274]]}},{"type":"Feature","properties":{"tunnel":0},"geometry":{"type":"LineString","coordinates":[[139.75965,35.65151],[139.75963,35.65141],[139.75957,35.65124],[139.75912,35.65036]]}},{"type":"Feature","properties":{"tunnel":0},"geometry":{"type":"LineString","coordinates":[[139.75986,35.65209],[139.75891,35.65026]]}},{"type":"Feature","properties":{"tunnel":0},"geometry":{"type":"LineString","coordinates":[[139.76024,35.6528],[139.76009,35.65242],[139.76002,35.65233],[139.75995,35.65229]]}},{"type":"Feature","properties":{"tunnel":0},"geometry":{"type":"LineString","coordinates":[[139.76024,35.65283],[139.76024,35.6528]]}},{"type":"Feature","properties":{"tunnel":0},"geometry":{"type":"LineString","coordinates":[[139.75995,35.65229],[139.75995,35.65237],[139.75996,35.65243],[139.76002,35.65258],[139.76005,35.65267],[139.76008,35.65279],[139.76008,35.65283]]}},{"type":"Feature","properties":{"tunnel":0},"geometry":{"type":"LineString","coordinates":[[139.75986,35.65209],[139.75995,35.65229]]}},{"type":"Feature","properties":{"tunnel":0},"geometry":{"type":"LineString","coordinates":[[139.75881,35.65005],[139.75879,35.65]]}},{"type":"Feature","properties":{"tunnel":0},"geometry":{"type":"LineString","coordinates":[[139.75912,35.65036],[139.75894,35.65]]}},{"type":"Feature","properties":{"tunnel":0},"geometry":{"type":"LineString","coordinates":[[139.75891,35.65026],[139.75881,35.65005]]}},{"type":"Feature","properties":{"tunnel":0},"geometry":{"type":"LineString","coordinates":[[139.7579,35.65286],[139.75803,35.65283]]}},{"type":"Feature","properties":{"tunnel":0},"geometry":{"type":"LineString","coordinates":[[139.75708,35.65292],[139.75737,35.6529],[139.7579,35.65286]]}},{"type":"Feature","properties":{"tunnel":0},"geometry":{"type":"LineString","coordinates":[[139.7579,35.65286],[139.75803,35.65288],[139.75828,35.65289],[139.75833,35.65288]]}},{"type":"Feature","properties":{"tunnel":0},"geometry":{"type":"LineString","coordinates":[[139.7601,35.65342],[139.7601,35.65354]]}},{"type":"Feature","properties":{"tunnel":0},"geometry":{"type":"LineString","coordinates":[[139.76014,35.6573],[139.76014,35.65729]]}},{"type":"Feature","properties":{"tunnel":0},"geometry":{"type":"LineString","coordinates":[[139.76014,35.65729],[139.76014,35.65727],[139.76013,35.65716],[139.76015,35.65608],[139.76014,35.65599]]}},{"type":"Feature","properties":{"tunnel":0},"geometry":{"type":"LineString","coordinates":[[139.76017,35.65496],[139.76023,35.65493],[139.76023,35.65485]]}},{"type":"Feature","properties":{"tunnel":0},"geometry":{"type":"LineString","coordinates":[[139.76014,35.65599],[139.76017,35.65496]]}},{"type":"Feature","properties":{"tunnel":0},"geometry":{"type":"LineString","coordinates":[[139.76023,35.65485],[139.76023,35.65465]]}},{"type":"Feature","properties":{"tunnel":0},"geometry":{"type":"LineString","coordinates":[[139.76023,35.65465],[139.76023,35.65391]]}},{"type":"Feature","properties":{"tunnel":0},"geometry":{"type":"LineString","coordinates":[[139.76023,35.65391],[139.7602,35.65375],[139.76019,35.6536],[139.76012,35.65335],[139.76006,35.65322],[139.75995,35.65306],[139.75987,35.65297]]}},{"type":"Feature","properties":{"tunnel":0},"geometry":{"type":"LineString","coordinates":[[139.75969,35.65304],[139.75979,35.65311],[139.75989,35.65324],[139.75995,35.65336],[139.75998,35.65347]]}},{"type":"Feature","properties":{"tunnel":0},"geometry":{"type":"LineString","coordinates":[[139.75987,35.65297],[139.7598,35.65293],[139.75969,35.65287],[139.75962,35.65283]]}},{"type":"Feature","properties":{"tunnel":0},"geometry":{"type":"LineString","coordinates":[[139.75833,35.65288],[139.7589,35.65287],[139.75911,35.65288],[139.75928,35.6529],[139.75949,35.65295],[139.75969,35.65304]]}},{"type":"Feature","properties":{"tunnel":0},"geometry":{"type":"LineString","coordinates":[[139.76023,35.65391],[139.76029,35.65374],[139.76031,35.65337]]}},{"type":"Feature","properties":{"tunnel":0},"geometry":{"type":"LineString","coordinates":[[139.76031,35.65337],[139.76031,35.65319],[139.76028,35.65302],[139.76024,35.65283]]}},{"type":"Feature","properties":{"tunnel":0},"geometry":{"type":"LineString","coordinates":[[139.76008,35.65283],[139.76009,35.65292],[139.7601,35.65304],[139.7601,35.65342]]}},{"type":"Feature","properties":{"tunnel":0},"geometry":{"type":"LineString","coordinates":[[139.76011,35.65396],[139.76011,35.65417]]}},{"type":"Feature","properties":{"tunnel":0},"geometry":{"type":"LineString","coordinates":[[139.7601,35.65354],[139.76011,35.65379]]}},{"type":"Feature","properties":{"tunnel":0},"geometry":{"type":"LineString","coordinates":[[139.75998,35.65347],[139.76,35.65365],[139.76002,35.65378]]}},{"type":"Feature","properties":{"tunnel":0},"geometry":{"type":"LineString","coordinates":[[139.76011,35.65379],[139.76011,35.65396]]}},{"type":"Feature","properties":{"tunnel":0},"geometry":{"type":"LineString","coordinates":[[139.76002,35.65378],[139.76002,35.65385],[139.76005,35.65391],[139.76011,35.65396]]}},{"type":"Feature","properties":{"tunnel":0},"geometry":{"type":"LineString","coordinates":[[139.76011,35.65417],[139.76011,35.65492],[139.76017,35.65496]]}},{"type":"Feature","properties":{"tunnel":0},"geometry":{"type":"LineString","coordinates":[[139.75985,35.65833],[139.75986,35.65832]]}},{"type":"Feature","properties":{"tunnel":0},"geometry":{"type":"LineString","coordinates":[[139.76014,35.65731],[139.76014,35.6573]]}},{"type":"Feature","properties":{"tunnel":0},"geometry":{"type":"LineString","coordinates":[[139.75986,35.65832],[139.7599,35.65826]]}},{"type":"Feature","properties":{"tunnel":0},"geometry":{"type":"LineString","coordinates":[[139.76013,35.65757],[139.76013,35.65748]]}},{"type":"Feature","properties":{"tunnel":0},"geometry":{"type":"LineString","coordinates":[[139.76013,35.65748],[139.76014,35.65731]]}},{"type":"Feature","properties":{"tunnel":0},"geometry":{"type":"LineString","coordinates":[[139.7599,35.65826],[139.76002,35.65803]]}},{"type":"Feature","properties":{"tunnel":0},"geometry":{"type":"LineString","coordinates":[[139.76002,35.65803],[139.76004,35.65799],[139.76005,35.65795]]}},{"type":"Feature","properties":{"tunnel":0},"geometry":{"type":"LineString","coordinates":[[139.76005,35.65795],[139.76012,35.65772]]}},{"type":"Feature","properties":{"tunnel":0},"geometry":{"type":"LineString","coordinates":[[139.76012,35.65772],[139.76012,35.65769],[139.76013,35.65757]]}},{"type":"Feature","properties":{"tunnel":0},"geometry":{"type":"LineString","coordinates":[[139.75985,35.65833],[139.75985,35.65833]]}},{"type":"Feature","properties":{"tunnel":0},"geometry":{"type":"LineString","coordinates":[[139.75959,35.6587],[139.7597,35.65856]]}},{"type":"Feature","properties":{"tunnel":0},"geometry":{"type":"LineString","coordinates":[[139.75949,35.65915],[139.75948,35.65912],[139.75947,35.65904],[139.7595,35.65886],[139.75952,35.65882]]}},{"type":"Feature","properties":{"tunnel":0},"geometry":{"type":"LineString","coordinates":[[139.7597,35.65856],[139.75984,35.65835]]}},{"type":"Feature","properties":{"tunnel":0},"geometry":{"type":"LineString","coordinates":[[139.75984,35.65835],[139.75985,35.65833]]}},{"type":"Feature","properties":{"tunnel":0},"geometry":{"type":"LineString","coordinates":[[139.75952,35.65882],[139.75959,35.6587]]}},{"type":"Feature","properties":{"tunnel":0},"geometry":{"type":"LineString","coordinates":[[139.7597,35.65953],[139.75953,35.65926],[139.75949,35.65915]]}},{"type":"Feature","properties":{"tunnel":0},"geometry":{"type":"LineString","coordinates":[[139.76146,35.66176],[139.7597,35.65953]]}},{"type":"Feature","properties":{"tunnel":0},"geometry":{"type":"LineString","coordinates":[[139.76257,35.6729],[139.76127,35.67258],[139.76105,35.67251],[139.76092,35.67246],[139.76075,35.67235],[139.76065,35.67225],[139.76056,35.67212],[139.75977,35.67069]]}},{"type":"Feature","properties":{"tunnel":0},"geometry":{"type":"LineString","coordinates":[[139.76232,35.66265],[139.76257,35.66296]]}},{"type":"Feature","properties":{"tunnel":1},"geometry":{"type":"LineString","coordinates":[[139.76244,35.66297],[139.76257,35.66311]]}},{"type":"Feature","properties":{"tunnel":0},"geometry":{"type":"LineString","coordinates":[[139.76162,35.66196],[139.76148,35.66178]]}},{"type":"Feature","properties":{"tunnel":0},"geometry":{"type":"LineString","coordinates":[[139.76209,35.66273],[139.7624,35.66312],[139.76257,35.66334]]}},{"type":"Feature","properties":{"tunnel":0},"geometry":{"type":"LineString","coordinates":[[139.76162,35.66196],[139.76227,35.66276],[139.76244,35.66297]]}},{"type":"Feature","properties":{"tunnel":0},"geometry":{"type":"LineString","coordinates":[[139.76232,35.66265],[139.76189,35.66208],[139.76168,35.66185],[139.76159,35.6618],[139.76148,35.66178]]}},{"type":"Feature","properties":{"tunnel":0},"geometry":{"type":"LineString","coordinates":[[139.76209,35.66273],[139.76167,35.66223],[139.76147,35.66198],[139.76146,35.66189],[139.76148,35.66178]]}},{"type":"Feature","properties":{"tunnel":0},"geometry":{"type":"LineString","coordinates":[[139.76148,35.66178],[139.76146,35.66176]]}},{"type":"Feature","properties":{"tunnel":0},"geometry":{"type":"LineString","coordinates":[[139.76249,35.66667],[139.76257,35.66657],[139.76257,35.66656]]}},{"type":"Feature","properties":{"tunnel":0},"geometry":{"type":"LineString","coordinates":[[139.76246,35.66697],[139.76236,35.66706],[139.76222,35.66714],[139.7621,35.66721],[139.76201,35.66726],[139.7619,35.6673],[139.76174,35.66736],[139.76146,35.66746]]}},{"type":"Feature","properties":{"tunnel":0},"geometry":{"type":"LineString","coordinates":[[139.76119,35.66743],[139.76119,35.66737],[139.76123,35.66732],[139.76137,35.66726]]}},{"type":"Feature","properties":{"tunnel":0},"geometry":{"type":"LineString","coordinates":[[139.76119,35.66743],[139.76146,35.66735],[139.7618,35.66722],[139.76198,35.66713],[139.76211,35.66705],[139.76222,35.66696]]}},{"type":"Feature","properties":{"tunnel":0},"geometry":{"type":"LineString","coordinates":[[139.76222,35.66696],[139.76235,35.66684],[139.76244,35.66673],[139.76249,35.66667]]}},{"type":"Feature","properties":{"tunnel":0},"geometry":{"type":"LineString","coordinates":[[139.76137,35.66726],[139.76145,35.66722],[139.76183,35.66708],[139.76188,35.66705],[139.76191,35.66702],[139.76194,35.66698],[139.76195,35.66693],[139.76195,35.66687],[139.76194,35.66683],[139.76188,35.66672],[139.76188,35.66671]]}},{"type":"Feature","properties":{"tunnel":0},"geometry":{"type":"LineString","coordinates":[[139.76146,35.66746],[139.76135,35.66748],[139.76127,35.66748],[139.76119,35.66743]]}},{"type":"Feature","properties":{"tunnel":0},"geometry":{"type":"LineString","coordinates":[[139.75891,35.66914],[139.75875,35.66903],[139.75862,35.66876],[139.75855,35.66855],[139.75853,35.66845],[139.75861,35.66827],[139.7587,35.66816]]}},{"type":"Feature","properties":{"tunnel":0},"geometry":{"type":"LineString","coordinates":[[139.75977,35.67069],[139.75891,35.66914]]}},{"type":"Feature","properties":{"tunnel":0},"geometry":{"type":"LineString","coordinates":[[139.75891,35.66914],[139.75882,35.66899],[139.75875,35.66882],[139.75871,35.6687],[139.7587,35.66862],[139.75871,35.66853],[139.75873,35.66845],[139.75877,35.66836],[139.75884,35.66828],[139.75893,35.66822],[139.7606,35.66765]]}},{"type":"Feature","properties":{"tunnel":0},"geometry":{"type":"LineString","coordinates":[[139.7606,35.66765],[139.76119,35.66743]]}},{"type":"Feature","properties":{"tunnel":0},"geometry":{"type":"LineString","coordinates":[[139.75708,35.69138],[139.75714,35.69137],[139.75764,35.69131]]}},{"type":"Feature","properties":{"tunnel":0},"geometry":{"type":"LineString","coordinates":[[139.75755,35.69167],[139.75763,35.69159],[139.75774,35.69148],[139.75788,35.69135]]}},{"type":"Feature","properties":{"tunnel":0},"geometry":{"type":"LineString","coordinates":[[139.75833,35.69106],[139.75823,35.6911],[139.75811,35.69117],[139.75803,35.69122],[139.75788,35.69135]]}},{"type":"Feature","properties":{"tunnel":0},"geometry":{"type":"LineString","coordinates":[[139.75764,35.69131],[139.75833,35.69119]]}},{"type":"Feature","properties":{"tunnel":0},"geometry":{"type":"LineString","coordinates":[[139.75708,35.69138],[139.7572,35.69137],[139.75755,35.69133],[139.75776,35.6913],[139.75785,35.69129],[139.75804,35.69128],[139.75833,35.69128]]}},{"type":"Feature","properties":{"tunnel":0},"geometry":{"type":"LineString","coordinates":[[139.75784,35.69164],[139.75781,35.69166]]}},{"type":"Feature","properties":{"tunnel":0},"geometry":{"type":"LineString","coordinates":[[139.75781,35.69166],[139.75779,35.69167]]}},{"type":"Feature","properties":{"tunnel":0},"geometry":{"type":"LineString","coordinates":[[139.75784,35.69164],[139.75783,35.69154],[139.75808,35.69142],[139.75813,35.69141]]}},{"type":"Feature","properties":{"tunnel":0},"geometry":{"type":"LineString","coordinates":[[139.75833,35.69149],[139.75822,35.69154]]}},{"type":"Feature","properties":{"tunnel":0},"geometry":{"type":"LineString","coordinates":[[139.75813,35.69141],[139.75831,35.69134],[139.75833,35.69133]]}},{"type":"Feature","properties":{"tunnel":0},"geometry":{"type":"LineString","coordinates":[[139.75822,35.69154],[139.75817,35.69155],[139.75801,35.69163],[139.75796,35.69165],[139.75784,35.69164]]}},{"type":"Feature","properties":{"tunnel":0},"geometry":{"type":"LineString","coordinates":[[139.75708,35.69274],[139.75711,35.69272],[139.75715,35.6927]]}},{"type":"Feature","properties":{"tunnel":0},"geometry":{"type":"LineString","coordinates":[[139.75778,35.69206],[139.75789,35.69196]]}},{"type":"Feature","properties":{"tunnel":0},"geometry":{"type":"LineString","coordinates":[[139.75715,35.6927],[139.75719,35.69266],[139.75778,35.69206]]}},{"type":"Feature","properties":{"tunnel":0},"geometry":{"type":"LineString","coordinates":[[139.75789,35.69196],[139.75799,35.69179]]}},{"type":"Feature","properties":{"tunnel":0},"geometry":{"type":"LineString","coordinates":[[139.75708,35.69211],[139.75733,35.69186],[139.75755,35.69167]]}},{"type":"Feature","properties":{"tunnel":0},"geometry":{"type":"LineString","coordinates":[[139.75779,35.69167],[139.75767,35.69177],[139.75764,35.69179]]}},{"type":"Feature","properties":{"tunnel":0},"geometry":{"type":"LineString","coordinates":[[139.75764,35.69179],[139.75743,35.69195],[139.75708,35.69229]]}},{"type":"Feature","properties":{"tunnel":0},"geometry":{"type":"LineString","coordinates":[[139.75833,35.69106],[139.75833,35.69106]]}},{"type":"Feature","properties":{"tunnel":0},"geometry":{"type":"LineString","coordinates":[[139.75833,35.69119],[139.75856,35.69114],[139.75879,35.69112],[139.75889,35.69111],[139.759,35.69112]]}},{"type":"Feature","properties":{"tunnel":0},"geometry":{"type":"LineString","coordinates":[[139.75833,35.69133],[139.75851,35.69128],[139.7587,35.69124]]}},{"type":"Feature","properties":{"tunnel":0},"geometry":{"type":"LineString","coordinates":[[139.75844,35.69102],[139.75833,35.69106]]}},{"type":"Feature","properties":{"tunnel":0},"geometry":{"type":"LineString","coordinates":[[139.75899,35.69138],[139.75873,35.6914],[139.75863,35.69142],[139.75838,35.69147],[139.75833,35.69149]]}},{"type":"Feature","properties":{"tunnel":0},"geometry":{"type":"LineString","coordinates":[[139.75882,35.69092],[139.75875,35.69094]]}},{"type":"Feature","properties":{"tunnel":0},"geometry":{"type":"LineString","coordinates":[[139.759,35.69112],[139.75906,35.69116]]}},{"type":"Feature","properties":{"tunnel":0},"geometry":{"type":"LineString","coordinates":[[139.759,35.69121],[139.75906,35.69116]]}},{"type":"Feature","properties":{"tunnel":0},"geometry":{"type":"LineString","coordinates":[[139.7587,35.69124],[139.759,35.69121]]}},{"type":"Feature","properties":{"tunnel":0},"geometry":{"type":"LineString","coordinates":[[139.75833,35.69128],[139.75859,35.69127],[139.75884,35.69127],[139.75909,35.69126]]}},{"type":"Feature","properties":{"tunnel":0},"geometry":{"type":"LineString","coordinates":[[139.75875,35.69094],[139.75844,35.69102]]}},{"type":"Feature","properties":{"tunnel":0},"geometry":{"type":"LineString","coordinates":[[139.75906,35.69116],[139.75954,35.69115],[139.76016,35.69115],[139.76036,35.69114],[139.76051,35.69112],[139.76067,35.6911],[139.76078,35.69108],[139.761,35.69102],[139.76105,35.69105]]}},{"type":"Feature","properties":{"tunnel":0},"geometry":{"type":"LineString","coordinates":[[139.76105,35.69105],[139.76123,35.69098],[139.76139,35.6909],[139.76162,35.69076],[139.76177,35.69066],[139.76189,35.69059],[139.762,35.69053],[139.76209,35.69049],[139.76219,35.69045],[139.76235,35.6904],[139.76245,35.69037]]}},{"type":"Feature","properties":{"tunnel":0},"geometry":{"type":"LineString","coordinates":[[139.76257,35.69024],[139.76247,35.69029],[139.76245,35.69037]]}},{"type":"Feature","properties":{"tunnel":0},"geometry":{"type":"LineString","coordinates":[[139.76245,35.69037],[139.76257,35.69034]]}},{"type":"Feature","properties":{"tunnel":0},"geometry":{"type":"LineString","coordinates":[[139.75928,35.69132],[139.75918,35.69136],[139.75899,35.69138]]}},{"type":"Feature","properties":{"tunnel":0},"geometry":{"type":"LineString","coordinates":[[139.75909,35.69126],[139.75918,35.69126],[139.75928,35.69132]]}},{"type":"Feature","properties":{"tunnel":0},"geometry":{"type":"LineString","coordinates":[[139.75928,35.69132],[139.75958,35.69132]]}},{"type":"Feature","properties":{"tunnel":0},"geometry":{"type":"LineString","coordinates":[[139.75958,35.69132],[139.75993,35.69132],[139.76034,35.69131],[139.7606,35.69127],[139.76082,35.69121],[139.76091,35.69118],[139.76105,35.69112],[139.76105,35.69105]]}},{"type":"Feature","properties":{"tunnel":0},"geometry":{"type":"LineString","coordinates":[[139.75708,35.76365],[139.75731,35.76379],[139.75752,35.76392],[139.75826,35.76434]]}},{"type":"Feature","properties":{"tunnel":0},"geometry":{"type":"LineString","coordinates":[[139.75826,35.76434],[139.75833,35.76438]]}},{"type":"Feature","properties":{"tunnel":0},"geometry":{"type":"LineString","coordinates":[[139.75833,35.76438],[139.75845,35.76445],[139.75866,35.76455],[139.75891,35.76467],[139.75931,35.76486],[139.75976,35.76507]]}},{"type":"Feature","properties":{"tunnel":0},"geometry":{"type":"LineString","coordinates":[[139.75994,35.76514],[139.76008,35.76526],[139.76098,35.76565],[139.76118,35.76574],[139.76146,35.76588],[139.7617,35.76605],[139.76188,35.7662],[139.762,35.76634],[139.76208,35.76646],[139.76216,35.7666],[139.76219,35.76667]]}},{"type":"Feature","properties":{"tunnel":0},"geometry":{"type":"LineString","coordinates":[[139.76164,35.76626],[139.7618,35.76642],[139.76191,35.76659],[139.76194,35.76667]]}},{"type":"Feature","properties":{"tunnel":0},"geometry":{"type":"LineString","coordinates":[[139.75976,35.76507],[139.75994,35.76514]]}},{"type":"Feature","properties":{"tunnel":0},"geometry":{"type":"LineString","coordinates":[[139.75994,35.76514],[139.76013,35.76516],[139.76118,35.76558],[139.76142,35.76566],[139.76164,35.7657],[139.76184,35.76572],[139.76196,35.76572],[139.76209,35.76571],[139.76222,35.7657],[139.76238,35.76566],[139.76251,35.7656],[139.76257,35.76558]]}},{"type":"Feature","properties":{"tunnel":0},"geometry":{"type":"LineString","coordinates":[[139.75976,35.76507],[139.76025,35.76531],[139.76061,35.7655],[139.76094,35.76572],[139.76126,35.76594],[139.76152,35.76614],[139.76164,35.76626]]}},{"type":"Feature","properties":{"tunnel":0},"geometry":{"type":"LineString","coordinates":[[139.76219,35.76667],[139.76221,35.76672],[139.76224,35.76686],[139.76226,35.76702],[139.76226,35.76715],[139.76221,35.76745],[139.76217,35.76761],[139.76195,35.76824]]}},{"type":"Feature","properties":{"tunnel":0},"geometry":{"type":"LineString","coordinates":[[139.76194,35.76667],[139.762,35.7668],[139.76205,35.76695],[139.76207,35.76711],[139.7621,35.76726],[139.76208,35.76755],[139.76202,35.76802]]}},{"type":"Feature","properties":{"tunnel":0},"geometry":{"type":"LineString","coordinates":[[139.76257,35.76673],[139.76257,35.76674],[139.76227,35.76752],[139.7622,35.76768],[139.76202,35.76802]]}},{"type":"Feature","properties":{"tunnel":0},"geometry":{"type":"LineString","coordinates":[[139.76202,35.76802],[139.76195,35.76824]]}},{"type":"Feature","properties":{"tunnel":0},"geometry":{"type":"LineString","coordinates":[[139.76195,35.76824],[139.76175,35.76878],[139.76174,35.7688]]}},{"type":"Feature","properties":{"tunnel":0},"geometry":{"type":"LineString","coordinates":[[139.75833,35.7721],[139.75829,35.77213],[139.7578,35.7724],[139.75719,35.77268],[139.75708,35.77273]]}},{"type":"Feature","properties":{"tunnel":0},"geometry":{"type":"LineString","coordinates":[[139.76174,35.7688],[139.76159,35.76907],[139.76152,35.76919]]}},{"type":"Feature","properties":{"tunnel":0},"geometry":{"type":"LineString","coordinates":[[139.76152,35.76919],[139.7614,35.76941],[139.76124,35.76963],[139.76103,35.76992],[139.76079,35.77022],[139.76035,35.77065],[139.75979,35.77112],[139.75932,35.77146],[139.75905,35.77165],[139.75889,35.77177],[139.75869,35.7719],[139.75833,35.7721]]}},{"type":"Feature","properties":{"tunnel":0},"geometry":{"type":"LineString","coordinates":[[139.75708,35.79187],[139.75737,35.79216]]}},{"type":"Feature","properties":{"tunnel":0},"geometry":{"type":"LineString","coordinates":[[139.75737,35.79216],[139.75778,35.79248],[139.75803,35.7927],[139.75806,35.79273],[139.7583,35.79295],[139.75833,35.79299]]}},{"type":"Feature","properties":{"tunnel":0},"geometry":{"type":"LineString","coordinates":[[139.75737,35.79216],[139.75777,35.7927],[139.75793,35.79288],[139.75806,35.79302],[139.75829,35.79326],[139.75833,35.7933]]}},{"type":"Feature","properties":{"tunnel":0},"geometry":{"type":"LineString","coordinates":[[139.75833,35.79299],[139.7588,35.79346],[139.75996,35.79465]]}},{"type":"Feature","properties":{"tunnel":0},"geometry":{"type":"LineString","coordinates":[[139.75833,35.7933],[139.75884,35.79383],[139.75944,35.79443],[139.75973,35.79473]]}},{"type":"Feature","properties":{"tunnel":0},"geometry":{"type":"LineString","coordinates":[[139.75973,35.79473],[139.76005,35.79506],[139.76032,35.79536],[139.76046,35.79554]]}},{"type":"Feature","properties":{"tunnel":0},"geometry":{"type":"LineString","coordinates":[[139.75996,35.79465],[139.76025,35.79496],[139.7605,35.79528],[139.76069,35.79554]]}},{"type":"Feature","properties":{"tunnel":0},"geometry":{"type":"LineString","coordinates":[[139.76046,35.79554],[139.76054,35.79565],[139.76073,35.79593],[139.76087,35.79615],[139.76096,35.79633],[139.76104,35.79654],[139.76113,35.79678],[139.76119,35.79701],[139.76123,35.79724],[139.76127,35.79749],[139.76133,35.79769]]}},{"type":"Feature","properties":{"tunnel":0},"geometry":{"type":"LineString","coordinates":[[139.76069,35.79554],[139.7607,35.79555],[139.76089,35.79587],[139.76105,35.79615],[139.76111,35.79629],[139.76119,35.79648],[139.76124,35.79663],[139.76126,35.79672],[139.76134,35.797],[139.76138,35.79722],[139.76137,35.79749],[139.76133,35.79769]]}},{"type":"Feature","properties":{"tunnel":0},"geometry":{"type":"LineString","coordinates":[[139.76133,35.79769],[139.76133,35.79777],[139.76133,35.79804],[139.76131,35.79825],[139.76129,35.79842],[139.76125,35.79869],[139.76117,35.7991]]}},{"type":"Feature","properties":{"tunnel":0},"geometry":{"type":"LineString","coordinates":[[139.76117,35.7991],[139.76106,35.79949],[139.76092,35.79999]]}},{"type":"Feature","properties":{"tunnel":0},"geometry":{"type":"LineString","coordinates":[[139.76092,35.79999],[139.76091,35.8]]}},{"type":"Feature","properties":{"tunnel":0},"geometry":{"type":"LineString","coordinates":[[139.75974,35.80418],[139.75962,35.80426],[139.75956,35.80445]]}},{"type":"Feature","properties":{"tunnel":0},"geometry":{"type":"LineString","coordinates":[[139.75974,35.80418],[139.75978,35.80429],[139.75974,35.80445]]}},{"type":"Feature","properties":{"tunnel":0},"geometry":{"type":"LineString","coordinates":[[139.76091,35.8],[139.76057,35.80125],[139.76014,35.80278],[139.7599,35.80363],[139.75987,35.8037]]}},{"type":"Feature","properties":{"tunnel":0},"geometry":{"type":"LineString","coordinates":[[139.75987,35.8037],[139.75974,35.80418]]}},{"type":"Feature","properties":{"tunnel":0},"geometry":{"type":"LineString","coordinates":[[139.75869,35.80608],[139.7588,35.80605],[139.75888,35.80605],[139.75895,35.80608]]}},{"type":"Feature","properties":{"tunnel":0},"geometry":{"type":"LineString","coordinates":[[139.75956,35.80445],[139.75935,35.80508],[139.75926,35.80541],[139.75915,35.80575],[139.75905,35.80607],[139.75893,35.80651],[139.75883,35.80685],[139.75874,35.80737],[139.75868,35.80767],[139.75865,35.80796],[139.75862,35.80831],[139.75862,35.80833]]}},{"type":"Feature","properties":{"tunnel":0},"geometry":{"type":"LineString","coordinates":[[139.75894,35.80733],[139.75895,35.80693]]}},{"type":"Feature","properties":{"tunnel":0},"geometry":{"type":"LineString","coordinates":[[139.75974,35.80445],[139.75953,35.80525],[139.75938,35.80579],[139.75928,35.80616],[139.75918,35.80657],[139.75908,35.80695],[139.75894,35.80733]]}},{"type":"Feature","properties":{"tunnel":0},"geometry":{"type":"LineString","coordinates":[[139.75871,35.80833],[139.75874,35.80792],[139.75879,35.80756],[139.75883,35.80737]]}},{"type":"Feature","properties":{"tunnel":0},"geometry":{"type":"LineString","coordinates":[[139.75943,35.80521],[139.75937,35.80472]]}},{"type":"Feature","properties":{"tunnel":0},"geometry":{"type":"LineString","coordinates":[[139.75943,35.80521],[139.75977,35.80478]]}},{"type":"Feature","properties":{"tunnel":0},"geometry":{"type":"LineString","coordinates":[[139.75895,35.80693],[139.75906,35.80652],[139.75919,35.80602],[139.75943,35.80521]]}},{"type":"Feature","properties":{"tunnel":0},"geometry":{"type":"LineString","coordinates":[[139.75894,35.80733],[139.75889,35.80764],[139.75887,35.80783],[139.75884,35.80833]]}},{"type":"Feature","properties":{"tunnel":0},"geometry":{"type":"LineString","coordinates":[[139.75883,35.80737],[139.75887,35.80717],[139.75895,35.80693]]}},{"type":"Feature","properties":{"tunnel":0},"geometry":{"type":"LineString","coordinates":[[139.75884,35.80833],[139.75883,35.80845]]}},{"type":"Feature","properties":{"tunnel":0},"geometry":{"type":"LineString","coordinates":[[139.75867,35.8089],[139.75871,35.80833]]}},{"type":"Feature","properties":{"tunnel":0},"geometry":{"type":"LineString","coordinates":[[139.75883,35.80845],[139.75883,35.8089]]}},{"type":"Feature","properties":{"tunnel":0},"geometry":{"type":"LineString","coordinates":[[139.75862,35.80833],[139.75859,35.8089]]}},{"type":"Feature","properties":{"tunnel":0},"geometry":{"type":"LineString","coordinates":[[139.75916,35.81175],[139.75932,35.81255],[139.75949,35.81336]]}},{"type":"Feature","properties":{"tunnel":0},"geometry":{"type":"LineString","coordinates":[[139.75862,35.80913],[139.75867,35.80894],[139.75867,35.8089]]}},{"type":"Feature","properties":{"tunnel":0},"geometry":{"type":"LineString","coordinates":[[139.75883,35.8089],[139.75883,35.80904],[139.75885,35.80965],[139.75892,35.81027],[139.75916,35.81175]]}},{"type":"Feature","properties":{"tunnel":0},"geometry":{"type":"LineString","coordinates":[[139.75859,35.8089],[139.75859,35.80893],[139.75862,35.80913]]}},{"type":"Feature","properties":{"tunnel":0},"geometry":{"type":"LineString","coordinates":[[139.75862,35.80913],[139.75863,35.80949],[139.75865,35.80984],[139.75875,35.81057],[139.75883,35.81102],[139.75899,35.8119],[139.75926,35.81336]]}},{"type":"Feature","properties":{"tunnel":0},"geometry":{"type":"LineString","coordinates":[[139.7596,35.81512],[139.75972,35.81593],[139.75979,35.81667]]}},{"type":"Feature","properties":{"tunnel":0},"geometry":{"type":"LineString","coordinates":[[139.75949,35.81336],[139.75966,35.81418],[139.75982,35.8151],[139.75993,35.81599],[139.76001,35.81667]]}},{"type":"Feature","properties":{"tunnel":0},"geometry":{"type":"LineString","coordinates":[[139.75926,35.81336],[139.75939,35.81405],[139.7596,35.81512]]}},{"type":"Feature","properties":{"tunnel":0},"geometry":{"type":"LineString","coordinates":[[139.75979,35.81667],[139.7598,35.81671]]}},{"type":"Feature","properties":{"tunnel":0},"geometry":{"type":"LineString","coordinates":[[139.76001,35.81667],[139.76004,35.81706],[139.76006,35.81756]]}},{"type":"Feature","properties":{"tunnel":0},"geometry":{"type":"LineString","coordinates":[[139.7598,35.81671],[139.75984,35.81755]]}},{"type":"Feature","properties":{"tunnel":0},"geometry":{"type":"LineString","coordinates":[[139.75984,35.81755],[139.75982,35.81781]]}},{"type":"Feature","properties":{"tunnel":0},"geometry":{"type":"LineString","coordinates":[[139.76006,35.81756],[139.76009,35.81781]]}},{"type":"Feature","properties":{"tunnel":0},"geometry":{"type":"LineString","coordinates":[[139.75984,35.81755],[139.75985,35.81781]]}},{"type":"Feature","properties":{"tunnel":0},"geometry":{"type":"LineString","coordinates":[[139.76006,35.81756],[139.76005,35.81781]]}},{"type":"Feature","properties":{"tunnel":0},"geometry":{"type":"LineString","coordinates":[[139.75959,35.825],[139.75959,35.825]]}},{"type":"Feature","properties":{"tunnel":0},"geometry":{"type":"LineString","coordinates":[[139.75937,35.82495],[139.75935,35.825]]}},{"type":"Feature","properties":{"tunnel":0},"geometry":{"type":"LineString","coordinates":[[139.75976,35.82419],[139.75959,35.825]]}},{"type":"Feature","properties":{"tunnel":0},"geometry":{"type":"LineString","coordinates":[[139.75974,35.82227],[139.75968,35.82323],[139.7596,35.82381],[139.75955,35.82415],[139.75937,35.82495]]}},{"type":"Feature","properties":{"tunnel":0},"geometry":{"type":"LineString","coordinates":[[139.75998,35.82227],[139.75996,35.82285],[139.75991,35.8233],[139.75986,35.82368],[139.75976,35.82419]]}},{"type":"Feature","properties":{"tunnel":0},"geometry":{"type":"LineString","coordinates":[[139.75897,35.82672],[139.7591,35.82637],[139.75928,35.82592],[139.75951,35.82528],[139.75959,35.825]]}},{"type":"Feature","properties":{"tunnel":0},"geometry":{"type":"LineString","coordinates":[[139.75935,35.825],[139.75912,35.82563],[139.7587,35.82672]]}},{"type":"Feature","properties":{"tunnel":0},"geometry":{"type":"LineString","coordinates":[[139.75833,35.82768],[139.75803,35.8284],[139.75778,35.82901],[139.75764,35.82935],[139.75736,35.83006],[139.75708,35.83074]]}},{"type":"Feature","properties":{"tunnel":0},"geometry":{"type":"LineString","coordinates":[[139.75717,35.83117],[139.75717,35.83116],[139.75758,35.83014],[139.75823,35.82854],[139.75833,35.82828]]}},{"type":"Feature","properties":{"tunnel":0},"geometry":{"type":"LineString","coordinates":[[139.75835,35.82764],[139.75833,35.82768]]}},{"type":"Feature","properties":{"tunnel":0},"geometry":{"type":"LineString","coordinates":[[139.75833,35.82828],[139.75862,35.82756],[139.75883,35.82707],[139.75897,35.82672]]}},{"type":"Feature","properties":{"tunnel":0},"geometry":{"type":"LineString","coordinates":[[139.7587,35.82672],[139.75862,35.82692],[139.75835,35.82764]]}},{"type":"Feature","properties":{"tunnel":0},"geometry":{"type":"LineString","coordinates":[[139.75982,35.81781],[139.7598,35.81801]]}},{"type":"Feature","properties":{"tunnel":0},"geometry":{"type":"LineString","coordinates":[[139.76009,35.81781],[139.76011,35.818]]}},{"type":"Feature","properties":{"tunnel":0},"geometry":{"type":"LineString","coordinates":[[139.75977,35.82178],[139.75974,35.82227]]}},{"type":"Feature","properties":{"tunnel":0},"geometry":{"type":"LineString","coordinates":[[139.75999,35.82178],[139.75998,35.82223],[139.75998,35.82227]]}},{"type":"Feature","properties":{"tunnel":0},"geometry":{"type":"LineString","coordinates":[[139.75985,35.81781],[139.75985,35.81787],[139.75985,35.81834],[139.75983,35.81966],[139.75981,35.82096],[139.75977,35.82178]]}},{"type":"Feature","properties":{"tunnel":0},"geometry":{"type":"LineString","coordinates":[[139.76005,35.81781],[139.76005,35.81785],[139.76007,35.81875],[139.76006,35.81967],[139.76003,35.82056],[139.75999,35.82178]]}},{"type":"Feature","properties":{"tunnel":0},"geometry":{"type":"LineString","coordinates":[[139.76011,35.818],[139.76015,35.81839]]}},{"type":"Feature","properties":{"tunnel":0},"geometry":{"type":"LineString","coordinates":[[139.7598,35.81801],[139.75976,35.81839]]}},{"type":"Feature","properties":{"tunnel":0},"geometry":{"type":"LineString","coordinates":[[139.75708,35.53792],[139.75677,35.53793],[139.75642,35.53793],[139.75598,35.53793],[139.75545,35.53788],[139.75431,35.5378],[139.75374,35.53775],[139.75306,35.5377],[139.75265,35.53766],[139.7523,35.53762],[139.75214,35.5376],[139.75191,35.53757],[139.75159,35.53752]]}},{"type":"Feature","properties":{"tunnel":0},"geometry":{"type":"LineString","coordinates":[[139.75537,35.53812],[139.75564,35.53811],[139.75593,35.53811],[139.75613,35.53811],[139.75639,35.53811]]}},{"type":"Feature","properties":{"tunnel":0},"geometry":{"type":"LineString","coordinates":[[139.75708,35.53807],[139.75677,35.5381],[139.75639,35.53811]]}},{"type":"Feature","properties":{"tunnel":0},"geometry":{"type":"LineString","coordinates":[[139.75337,35.55557],[139.75344,35.55588],[139.75349,35.55605],[139.75378,35.557]]}},{"type":"Feature","properties":{"tunnel":0},"geometry":{"type":"LineString","coordinates":[[139.75339,35.55707],[139.75336,35.55696],[139.75332,35.55674],[139.75331,35.55628],[139.7533,35.55586],[139.7533,35.5557]]}},{"type":"Feature","properties":{"tunnel":0},"geometry":{"type":"LineString","coordinates":[[139.75414,35.55833],[139.75414,35.55822],[139.75411,35.55809],[139.75399,35.55769],[139.75378,35.557]]}},{"type":"Feature","properties":{"tunnel":0},"geometry":{"type":"LineString","coordinates":[[139.7536,35.55778],[139.75354,35.5576],[139.75347,35.55737],[139.75339,35.55707]]}},{"type":"Feature","properties":{"tunnel":0},"geometry":{"type":"LineString","coordinates":[[139.75381,35.55833],[139.75369,35.55804],[139.7536,35.55778]]}},{"type":"Feature","properties":{"tunnel":0},"geometry":{"type":"LineString","coordinates":[[139.75159,35.55649],[139.75306,35.55711],[139.7534,35.55732],[139.75371,35.55764]]}},{"type":"Feature","properties":{"tunnel":0},"geometry":{"type":"LineString","coordinates":[[139.75403,35.55833],[139.754,35.55824],[139.7539,35.55797],[139.7538,35.55779],[139.75371,35.55764]]}},{"type":"Feature","properties":{"tunnel":0},"geometry":{"type":"LineString","coordinates":[[139.7541,35.55904],[139.75397,35.5587],[139.7539,35.5586]]}},{"type":"Feature","properties":{"tunnel":0},"geometry":{"type":"LineString","coordinates":[[139.75412,35.55861],[139.75414,35.55834],[139.75414,35.55833]]}},{"type":"Feature","properties":{"tunnel":0},"geometry":{"type":"LineString","coordinates":[[139.7539,35.5586],[139.75388,35.55855],[139.75381,35.55834],[139.75381,35.55833]]}},{"type":"Feature","properties":{"tunnel":0},"geometry":{"type":"LineString","coordinates":[[139.7539,35.5586],[139.75389,35.55867],[139.75393,35.55881],[139.754,35.55902]]}},{"type":"Feature","properties":{"tunnel":0},"geometry":{"type":"LineString","coordinates":[[139.754,35.55902],[139.75401,35.55904]]}},{"type":"Feature","properties":{"tunnel":0},"geometry":{"type":"LineString","coordinates":[[139.75412,35.55861],[139.75404,35.55839],[139.75403,35.55833]]}},{"type":"Feature","properties":{"tunnel":0},"geometry":{"type":"LineString","coordinates":[[139.75422,35.55889],[139.75412,35.55861]]}},{"type":"Feature","properties":{"tunnel":0},"geometry":{"type":"LineString","coordinates":[[139.75426,35.55904],[139.75422,35.55889]]}},{"type":"Feature","properties":{"tunnel":0},"geometry":{"type":"LineString","coordinates":[[139.7517,35.57427],[139.75159,35.57416]]}},{"type":"Feature","properties":{"tunnel":0},"geometry":{"type":"LineString","coordinates":[[139.7517,35.57427],[139.75248,35.575]]}},{"type":"Feature","properties":{"tunnel":0},"geometry":{"type":"LineString","coordinates":[[139.75248,35.575],[139.75257,35.57509]]}},{"type":"Feature","properties":{"tunnel":0},"geometry":{"type":"LineString","coordinates":[[139.75257,35.57509],[139.75285,35.57535]]}},{"type":"Feature","properties":{"tunnel":0},"geometry":{"type":"LineString","coordinates":[[139.75285,35.57535],[139.75323,35.57573],[139.75412,35.57658],[139.75448,35.57692]]}},{"type":"Feature","properties":{"tunnel":0},"geometry":{"type":"LineString","coordinates":[[139.7544,35.55955],[139.75421,35.55931],[139.75412,35.55909],[139.7541,35.55904]]}},{"type":"Feature","properties":{"tunnel":0},"geometry":{"type":"LineString","coordinates":[[139.75401,35.55904],[139.75409,35.55926],[139.75417,35.5595],[139.75427,35.55978],[139.75435,35.56013]]}},{"type":"Feature","properties":{"tunnel":0},"geometry":{"type":"LineString","coordinates":[[139.75453,35.56058],[139.75453,35.56038],[139.75452,35.56019],[139.75451,35.55998],[139.75447,35.55981],[139.75441,35.5596],[139.7544,35.55955]]}},{"type":"Feature","properties":{"tunnel":1},"geometry":{"type":"LineString","coordinates":[[139.75256,35.56351],[139.75291,35.56312],[139.75316,35.56283],[139.75365,35.56226],[139.75391,35.56197],[139.75411,35.56172],[139.75424,35.56151],[139.75432,35.56132],[139.75444,35.561],[139.75453,35.56058]]}},{"type":"Feature","properties":{"tunnel":0},"geometry":{"type":"LineString","coordinates":[[139.7544,35.55955],[139.75433,35.55927],[139.75426,35.55904]]}},{"type":"Feature","properties":{"tunnel":0},"geometry":{"type":"LineString","coordinates":[[139.75435,35.56013],[139.75435,35.56045],[139.7543,35.56067],[139.75423,35.56085],[139.75417,35.56101],[139.75368,35.56178],[139.75322,35.56247],[139.75319,35.56251],[139.75283,35.56298],[139.75253,35.56332],[139.7524,35.56347],[139.75236,35.56351]]}},{"type":"Feature","properties":{"tunnel":1},"geometry":{"type":"LineString","coordinates":[[139.75245,35.56363],[139.75256,35.56351]]}},{"type":"Feature","properties":{"tunnel":0},"geometry":{"type":"LineString","coordinates":[[139.75236,35.56351],[139.75225,35.56365],[139.75201,35.56391],[139.75159,35.56438]]}},{"type":"Feature","properties":{"tunnel":0},"geometry":{"type":"LineString","coordinates":[[139.75227,35.56383],[139.75245,35.56363]]}},{"type":"Feature","properties":{"tunnel":0},"geometry":{"type":"LineString","coordinates":[[139.75159,35.56461],[139.75168,35.56451],[139.75227,35.56383]]}},{"type":"Feature","properties":{"tunnel":0},"geometry":{"type":"LineString","coordinates":[[139.75527,35.59167],[139.75527,35.59165],[139.75529,35.59032]]}},{"type":"Feature","properties":{"tunnel":0},"geometry":{"type":"LineString","coordinates":[[139.7549,35.59167],[139.75491,35.59162],[139.75493,35.5911],[139.75501,35.59051],[139.75502,35.59032]]}},{"type":"Feature","properties":{"tunnel":0},"geometry":{"type":"LineString","coordinates":[[139.75553,35.59032],[139.75553,35.59067],[139.75566,35.59161],[139.75567,35.59167]]}},{"type":"Feature","properties":{"tunnel":0},"geometry":{"type":"LineString","coordinates":[[139.75529,35.59479],[139.75527,35.59167]]}},{"type":"Feature","properties":{"tunnel":0},"geometry":{"type":"LineString","coordinates":[[139.75567,35.59167],[139.75567,35.59168],[139.75569,35.59177],[139.75576,35.59183]]}},{"type":"Feature","properties":{"tunnel":0},"geometry":{"type":"LineString","coordinates":[[139.75479,35.59225],[139.75488,35.59205],[139.75488,35.5919],[139.7549,35.59169],[139.7549,35.59167]]}},{"type":"Feature","properties":{"tunnel":0},"geometry":{"type":"LineString","coordinates":[[139.7563,35.58138],[139.75646,35.58086],[139.75654,35.58055]]}},{"type":"Feature","properties":{"tunnel":0},"geometry":{"type":"LineString","coordinates":[[139.75654,35.58055],[139.75672,35.58006],[139.75686,35.57957],[139.75708,35.57886]]}},{"type":"Feature","properties":{"tunnel":0},"geometry":{"type":"LineString","coordinates":[[139.75448,35.57692],[139.75496,35.57738],[139.7553,35.57773]]}},{"type":"Feature","properties":{"tunnel":0},"geometry":{"type":"LineString","coordinates":[[139.75547,35.5779],[139.75542,35.57798],[139.7555,35.57809]]}},{"type":"Feature","properties":{"tunnel":0},"geometry":{"type":"LineString","coordinates":[[139.75568,35.57805],[139.75556,35.5779],[139.75547,35.5779]]}},{"type":"Feature","properties":{"tunnel":0},"geometry":{"type":"LineString","coordinates":[[139.75623,35.58043],[139.75619,35.58071],[139.75615,35.58093],[139.75603,35.58138]]}},{"type":"Feature","properties":{"tunnel":0},"geometry":{"type":"LineString","coordinates":[[139.75652,35.58138],[139.75653,35.58129]]}},{"type":"Feature","properties":{"tunnel":0},"geometry":{"type":"LineString","coordinates":[[139.7555,35.57809],[139.75558,35.57818],[139.75564,35.57829],[139.75589,35.57872],[139.75598,35.57894],[139.75608,35.57921],[139.75616,35.57948],[139.7562,35.57967],[139.75621,35.57983],[139.75623,35.58023],[139.75623,35.58043]]}},{"type":"Feature","properties":{"tunnel":0},"geometry":{"type":"LineString","coordinates":[[139.75653,35.58129],[139.75662,35.58082],[139.75662,35.58038],[139.7566,35.58011],[139.75656,35.57982],[139.75646,35.57946],[139.75639,35.57922],[139.7563,35.57902]]}},{"type":"Feature","properties":{"tunnel":0},"geometry":{"type":"LineString","coordinates":[[139.7563,35.57902],[139.7562,35.5788],[139.75607,35.57858],[139.75588,35.57829],[139.75575,35.57812],[139.75568,35.57805]]}},{"type":"Feature","properties":{"tunnel":0},"geometry":{"type":"LineString","coordinates":[[139.7553,35.57773],[139.75547,35.5779]]}},{"type":"Feature","properties":{"tunnel":0},"geometry":{"type":"LineString","coordinates":[[139.75529,35.58895],[139.75526,35.58659],[139.75525,35.58645]]}},{"type":"Feature","properties":{"tunnel":0},"geometry":{"type":"LineString","coordinates":[[139.75529,35.59032],[139.75531,35.58937],[139.75531,35.58926],[139.75529,35.58895]]}},{"type":"Feature","properties":{"tunnel":0},"geometry":{"type":"LineString","coordinates":[[139.75525,35.58645],[139.75526,35.58619],[139.75528,35.58587],[139.75528,35.58585]]}},{"type":"Feature","properties":{"tunnel":0},"geometry":{"type":"LineString","coordinates":[[139.75502,35.59032],[139.75504,35.58974],[139.75506,35.58947],[139.75508,35.58935],[139.7551,35.58927],[139.75516,35.58914],[139.75529,35.58895]]}},{"type":"Feature","properties":{"tunnel":0},"geometry":{"type":"LineString","coordinates":[[139.75529,35.58895],[139.75545,35.58914],[139.75548,35.58926],[139.75551,35.58963],[139.75551,35.58977],[139.75553,35.59032]]}},{"type":"Feature","properties":{"tunnel":0},"geometry":{"type":"LineString","coordinates":[[139.7557,35.58333],[139.75585,35.58281]]}},{"type":"Feature","properties":{"tunnel":0},"geometry":{"type":"LineString","coordinates":[[139.75585,35.58281],[139.75617,35.58176]]}},{"type":"Feature","properties":{"tunnel":0},"geometry":{"type":"LineString","coordinates":[[139.75617,35.58176],[139.75628,35.58144],[139.7563,35.58138]]}},{"type":"Feature","properties":{"tunnel":0},"geometry":{"type":"LineString","coordinates":[[139.75603,35.58138],[139.75594,35.5817],[139.75594,35.58171],[139.75583,35.58217],[139.75585,35.58281]]}},{"type":"Feature","properties":{"tunnel":0},"geometry":{"type":"LineString","coordinates":[[139.75585,35.58281],[139.75626,35.58219],[139.7564,35.58182],[139.75641,35.5818],[139.75651,35.58139],[139.75652,35.58138]]}},{"type":"Feature","properties":{"tunnel":0},"geometry":{"type":"LineString","coordinates":[[139.75528,35.58585],[139.75534,35.58504]]}},{"type":"Feature","properties":{"tunnel":0},"geometry":{"type":"LineString","coordinates":[[139.75534,35.58504],[139.75537,35.58483],[139.75539,35.58464],[139.75541,35.5845],[139.75545,35.58428],[139.75552,35.58401],[139.7557,35.58333]]}},{"type":"Feature","properties":{"tunnel":0},"geometry":{"type":"LineString","coordinates":[[139.75534,35.59772],[139.75532,35.59727],[139.75531,35.59562],[139.75529,35.59525],[139.75529,35.59479]]}},{"type":"Feature","properties":{"tunnel":0},"geometry":{"type":"LineString","coordinates":[[139.75535,35.59845],[139.75534,35.59772]]}},{"type":"Feature","properties":{"tunnel":0},"geometry":{"type":"LineString","coordinates":[[139.75534,35.59925],[139.75535,35.59845]]}},{"type":"Feature","properties":{"tunnel":0},"geometry":{"type":"LineString","coordinates":[[139.75483,35.59905],[139.75491,35.59925]]}},{"type":"Feature","properties":{"tunnel":0},"geometry":{"type":"LineString","coordinates":[[139.75533,35.5996],[139.75534,35.59925]]}},{"type":"Feature","properties":{"tunnel":0},"geometry":{"type":"LineString","coordinates":[[139.75532,35.59987],[139.75533,35.5996]]}},{"type":"Feature","properties":{"tunnel":0},"geometry":{"type":"LineString","coordinates":[[139.75491,35.59925],[139.75494,35.59932],[139.755,35.59955],[139.75532,35.59987]]}},{"type":"Feature","properties":{"tunnel":0},"geometry":{"type":"LineString","coordinates":[[139.75532,35.6],[139.75532,35.59987]]}},{"type":"Feature","properties":{"tunnel":0},"geometry":{"type":"LineString","coordinates":[[139.75555,35.60336],[139.75555,35.60316]]}},{"type":"Feature","properties":{"tunnel":0},"geometry":{"type":"LineString","coordinates":[[139.75555,35.60372],[139.75555,35.60336]]}},{"type":"Feature","properties":{"tunnel":0},"geometry":{"type":"LineString","coordinates":[[139.75579,35.60118],[139.75571,35.60154],[139.75568,35.60193],[139.75567,35.60229],[139.75567,35.60256],[139.75565,35.60281],[139.75562,35.60297],[139.75555,35.60316]]}},{"type":"Feature","properties":{"tunnel":0},"geometry":{"type":"LineString","coordinates":[[139.75555,35.60316],[139.75555,35.6028]]}},{"type":"Feature","properties":{"tunnel":0},"geometry":{"type":"LineString","coordinates":[[139.75555,35.6028],[139.75556,35.60252],[139.75561,35.60083],[139.75559,35.60061]]}},{"type":"Feature","properties":{"tunnel":0},"geometry":{"type":"LineString","coordinates":[[139.75559,35.60061],[139.75531,35.60041]]}},{"type":"Feature","properties":{"tunnel":0},"geometry":{"type":"LineString","coordinates":[[139.75533,35.60372],[139.75532,35.60346]]}},{"type":"Feature","properties":{"tunnel":0},"geometry":{"type":"LineString","coordinates":[[139.75532,35.60346],[139.75513,35.60372]]}},{"type":"Feature","properties":{"tunnel":0},"geometry":{"type":"LineString","coordinates":[[139.75532,35.60346],[139.75532,35.60172]]}},{"type":"Feature","properties":{"tunnel":0},"geometry":{"type":"LineString","coordinates":[[139.75531,35.60041],[139.75532,35.6]]}},{"type":"Feature","properties":{"tunnel":0},"geometry":{"type":"LineString","coordinates":[[139.75532,35.60172],[139.75532,35.60127]]}},{"type":"Feature","properties":{"tunnel":0},"geometry":{"type":"LineString","coordinates":[[139.75532,35.60127],[139.75532,35.60101]]}},{"type":"Feature","properties":{"tunnel":0},"geometry":{"type":"LineString","coordinates":[[139.75532,35.60101],[139.75531,35.60041]]}},{"type":"Feature","properties":{"tunnel":0},"geometry":{"type":"LineString","coordinates":[[139.75532,35.60101],[139.75504,35.60118],[139.75492,35.6015],[139.75485,35.60168]]}},{"type":"Feature","properties":{"tunnel":0},"geometry":{"type":"LineString","coordinates":[[139.75511,35.60818],[139.75511,35.60833]]}},{"type":"Feature","properties":{"tunnel":0},"geometry":{"type":"LineString","coordinates":[[139.75269,35.60818],[139.75272,35.60833]]}},{"type":"Feature","properties":{"tunnel":0},"geometry":{"type":"LineString","coordinates":[[139.75286,35.60833],[139.75285,35.60826],[139.75285,35.60818]]}},{"type":"Feature","properties":{"tunnel":0},"geometry":{"type":"LineString","coordinates":[[139.75557,35.60833],[139.75557,35.60818]]}},{"type":"Feature","properties":{"tunnel":0},"geometry":{"type":"LineString","coordinates":[[139.75533,35.60818],[139.75533,35.60833]]}},{"type":"Feature","properties":{"tunnel":1},"geometry":{"type":"LineString","coordinates":[[139.75303,35.61122],[139.75315,35.61238],[139.75316,35.61262],[139.75316,35.61265]]}},{"type":"Feature","properties":{"tunnel":0},"geometry":{"type":"LineString","coordinates":[[139.75303,35.61122],[139.75291,35.60992],[139.75289,35.60974],[139.75288,35.60955],[139.75288,35.60938],[139.75288,35.60916],[139.75288,35.60893],[139.75288,35.60872],[139.75287,35.60848],[139.75286,35.60833]]}},{"type":"Feature","properties":{"tunnel":0},"geometry":{"type":"LineString","coordinates":[[139.75511,35.60833],[139.75511,35.60868]]}},{"type":"Feature","properties":{"tunnel":1},"geometry":{"type":"LineString","coordinates":[[139.75277,35.6086],[139.75281,35.60884],[139.75284,35.60907],[139.75287,35.60931],[139.7529,35.60952],[139.75317,35.61237],[139.75319,35.61262],[139.75319,35.61265]]}},{"type":"Feature","properties":{"tunnel":0},"geometry":{"type":"LineString","coordinates":[[139.75272,35.60833],[139.75277,35.6086]]}},{"type":"Feature","properties":{"tunnel":0},"geometry":{"type":"LineString","coordinates":[[139.75511,35.60868],[139.75536,35.60916]]}},{"type":"Feature","properties":{"tunnel":0},"geometry":{"type":"LineString","coordinates":[[139.75594,35.61121],[139.75569,35.6107],[139.75561,35.61045],[139.75548,35.60998]]}},{"type":"Feature","properties":{"tunnel":0},"geometry":{"type":"LineString","coordinates":[[139.75548,35.60998],[139.75558,35.60983],[139.75562,35.60975],[139.75562,35.60969],[139.7556,35.60956],[139.75559,35.60936],[139.75557,35.60908],[139.75557,35.60887]]}},{"type":"Feature","properties":{"tunnel":0},"geometry":{"type":"LineString","coordinates":[[139.75525,35.61067],[139.75538,35.61088],[139.75573,35.61143],[139.75596,35.61176],[139.7562,35.61204],[139.75649,35.61234],[139.75672,35.61254],[139.75688,35.61265]]}},{"type":"Feature","properties":{"tunnel":0},"geometry":{"type":"LineString","coordinates":[[139.75706,35.61265],[139.75683,35.61243],[139.7567,35.6123],[139.75643,35.61196],[139.7562,35.61165],[139.75605,35.6114],[139.75594,35.61121]]}},{"type":"Feature","properties":{"tunnel":0},"geometry":{"type":"LineString","coordinates":[[139.75536,35.60916],[139.75535,35.60924],[139.75537,35.60951],[139.75541,35.60971],[139.75548,35.60998]]}},{"type":"Feature","properties":{"tunnel":0},"geometry":{"type":"LineString","coordinates":[[139.75533,35.60833],[139.75536,35.60916]]}},{"type":"Feature","properties":{"tunnel":0},"geometry":{"type":"LineString","coordinates":[[139.75557,35.60887],[139.75557,35.60835],[139.75557,35.60833]]}},{"type":"Feature","properties":{"tunnel":0},"geometry":{"type":"LineString","coordinates":[[139.75601,35.61055],[139.75613,35.61102],[139.75618,35.61114],[139.75622,35.61123],[139.75626,35.61131],[139.75629,35.61138],[139.75635,35.61147],[139.7564,35.61156],[139.75646,35.61165],[139.75654,35.61176]]}},{"type":"Feature","properties":{"tunnel":0},"geometry":{"type":"LineString","coordinates":[[139.75706,35.61265],[139.75702,35.61238],[139.75675,35.61202]]}},{"type":"Feature","properties":{"tunnel":0},"geometry":{"type":"LineString","coordinates":[[139.75675,35.61202],[139.75673,35.612],[139.75654,35.61176]]}},{"type":"Feature","properties":{"tunnel":0},"geometry":{"type":"LineString","coordinates":[[139.75288,35.60802],[139.75287,35.60785],[139.75286,35.60773],[139.75286,35.60763],[139.75287,35.60752],[139.75289,35.60743],[139.75292,35.60733],[139.75295,35.60725],[139.753,35.60717],[139.75306,35.6071],[139.75312,35.60702],[139.75319,35.60695],[139.75329,35.60688],[139.7534,35.60681],[139.75351,35.60676],[139.75363,35.60672],[139.75375,35.60669],[139.75388,35.60667],[139.75401,35.60666],[139.75414,35.60666],[139.75426,35.60668],[139.75438,35.6067],[139.75449,35.60673],[139.7546,35.60677],[139.75469,35.60682],[139.75477,35.60687],[139.75484,35.60693],[139.7549,35.60698],[139.75496,35.60705],[139.75499,35.60711],[139.75503,35.60717],[139.75505,35.60724],[139.75507,35.6073],[139.75508,35.60736],[139.75509,35.60742],[139.7551,35.60748],[139.7551,35.60754],[139.75511,35.6076],[139.75511,35.60769],[139.75511,35.60818]]}},{"type":"Feature","properties":{"tunnel":0},"geometry":{"type":"LineString","coordinates":[[139.75284,35.60809],[139.75288,35.60802]]}},{"type":"Feature","properties":{"tunnel":0},"geometry":{"type":"LineString","coordinates":[[139.75267,35.60804],[139.75269,35.60818]]}},{"type":"Feature","properties":{"tunnel":0},"geometry":{"type":"LineString","coordinates":[[139.75278,35.60803],[139.75276,35.60785],[139.75275,35.60777],[139.75275,35.60767],[139.75275,35.60759],[139.75275,35.60749],[139.75277,35.60741],[139.75278,35.60731],[139.75281,35.60723],[139.75285,35.60714],[139.75289,35.60706],[139.75295,35.60698],[139.75301,35.60691],[139.75308,35.60684],[139.75316,35.60677],[139.75324,35.60672],[139.75333,35.60666],[139.75343,35.60661],[139.75352,35.60657],[139.75362,35.60653],[139.75372,35.6065],[139.75382,35.60646],[139.75393,35.60643],[139.75403,35.60639],[139.75413,35.60636],[139.75423,35.60633],[139.75434,35.60629],[139.75444,35.60626],[139.75454,35.60623],[139.75464,35.60619],[139.75474,35.60615],[139.75484,35.6061],[139.75493,35.60605],[139.75502,35.606],[139.7551,35.60594],[139.75518,35.60588],[139.75525,35.60581],[139.75532,35.60573],[139.75537,35.60566],[139.75542,35.60558],[139.75546,35.60549],[139.75549,35.60541],[139.75552,35.60532],[139.75553,35.60523],[139.75554,35.60514],[139.75555,35.60505],[139.75556,35.60496],[139.75556,35.60487],[139.75556,35.60478],[139.75555,35.60372]]}},{"type":"Feature","properties":{"tunnel":0},"geometry":{"type":"LineString","coordinates":[[139.75285,35.60818],[139.75284,35.60809]]}},{"type":"Feature","properties":{"tunnel":0},"geometry":{"type":"LineString","coordinates":[[139.75284,35.60809],[139.75278,35.60803]]}},{"type":"Feature","properties":{"tunnel":0},"geometry":{"type":"LineString","coordinates":[[139.75581,35.60394],[139.75571,35.60406],[139.75569,35.60429],[139.75568,35.60457],[139.75568,35.60491],[139.75565,35.60566],[139.75564,35.60581],[139.75557,35.6061],[139.75534,35.60622]]}},{"type":"Feature","properties":{"tunnel":0},"geometry":{"type":"LineString","coordinates":[[139.75267,35.60804],[139.75263,35.60781],[139.7526,35.60765],[139.75258,35.60755],[139.75257,35.60746],[139.75257,35.60738],[139.75258,35.60729],[139.7526,35.6072],[139.75262,35.60711],[139.75265,35.60703],[139.7527,35.60694],[139.75276,35.60685],[139.75284,35.60676],[139.75292,35.60668],[139.75308,35.60658],[139.75331,35.60646],[139.75356,35.60637],[139.75406,35.60619]]}},{"type":"Feature","properties":{"tunnel":0},"geometry":{"type":"LineString","coordinates":[[139.75534,35.60441],[139.75533,35.60372]]}},{"type":"Feature","properties":{"tunnel":0},"geometry":{"type":"LineString","coordinates":[[139.75534,35.60546],[139.75533,35.60516],[139.75534,35.60441]]}},{"type":"Feature","properties":{"tunnel":0},"geometry":{"type":"LineString","coordinates":[[139.75513,35.60372],[139.7551,35.60376]]}},{"type":"Feature","properties":{"tunnel":0},"geometry":{"type":"LineString","coordinates":[[139.75557,35.60818],[139.75556,35.60764]]}},{"type":"Feature","properties":{"tunnel":0},"geometry":{"type":"LineString","coordinates":[[139.75534,35.60546],[139.75534,35.60622]]}},{"type":"Feature","properties":{"tunnel":0},"geometry":{"type":"LineString","coordinates":[[139.75534,35.60622],[139.75534,35.60772],[139.75533,35.60818]]}},{"type":"Feature","properties":{"tunnel":0},"geometry":{"type":"LineString","coordinates":[[139.75546,35.60664],[139.75543,35.60659],[139.75536,35.6065],[139.75528,35.60641],[139.75523,35.60637],[139.75517,35.60633],[139.7551,35.60628],[139.75502,35.60624],[139.75492,35.60619],[139.75478,35.60615],[139.75465,35.60614],[139.75451,35.60612],[139.75434,35.60614],[139.7542,35.60616],[139.75406,35.60619]]}},{"type":"Feature","properties":{"tunnel":0},"geometry":{"type":"LineString","coordinates":[[139.7544,35.60603],[139.75406,35.60619]]}},{"type":"Feature","properties":{"tunnel":0},"geometry":{"type":"LineString","coordinates":[[139.75505,35.60518],[139.75498,35.6054],[139.75492,35.6055],[139.75486,35.60559],[139.75479,35.60569],[139.7547,35.60578],[139.75466,35.60582]]}},{"type":"Feature","properties":{"tunnel":0},"geometry":{"type":"LineString","coordinates":[[139.75556,35.60764],[139.75557,35.60719],[139.75556,35.60708],[139.75555,35.60694],[139.75553,35.60685],[139.75548,35.6067],[139.75546,35.60664]]}},{"type":"Feature","properties":{"tunnel":0},"geometry":{"type":"LineString","coordinates":[[139.7551,35.60376],[139.75508,35.605],[139.75505,35.60518]]}},{"type":"Feature","properties":{"tunnel":0},"geometry":{"type":"LineString","coordinates":[[139.75466,35.60582],[139.75463,35.60586],[139.75456,35.60594],[139.75448,35.60599],[139.7544,35.60603]]}},{"type":"Feature","properties":{"tunnel":1},"geometry":{"type":"LineString","coordinates":[[139.75316,35.61265],[139.75317,35.61284],[139.75319,35.61307],[139.75319,35.61337],[139.75319,35.61363],[139.75318,35.61411],[139.75318,35.61447],[139.75319,35.61484],[139.75321,35.61519],[139.75323,35.61544],[139.75323,35.61566],[139.75321,35.61588],[139.75319,35.61608],[139.75314,35.61627],[139.75307,35.61647],[139.75299,35.61664],[139.75298,35.61667]]}},{"type":"Feature","properties":{"tunnel":1},"geometry":{"type":"LineString","coordinates":[[139.75319,35.61265],[139.7532,35.61284],[139.75324,35.61346],[139.75327,35.61387],[139.75333,35.61434],[139.75337,35.61476],[139.7534,35.61512],[139.75341,35.61546],[139.75341,35.61573],[139.7534,35.61595],[139.75336,35.61616],[139.7533,35.61636],[139.75324,35.61654],[139.75318,35.61667]]}},{"type":"Feature","properties":{"tunnel":0},"geometry":{"type":"LineString","coordinates":[[139.75688,35.61265],[139.75692,35.61268],[139.75706,35.61266]]}},{"type":"Feature","properties":{"tunnel":0},"geometry":{"type":"LineString","coordinates":[[139.75708,35.61267],[139.75706,35.61266]]}},{"type":"Feature","properties":{"tunnel":0},"geometry":{"type":"LineString","coordinates":[[139.75706,35.61266],[139.75706,35.61265]]}},{"type":"Feature","properties":{"tunnel":0},"geometry":{"type":"LineString","coordinates":[[139.75159,35.61611],[139.75163,35.61656],[139.75164,35.61667]]}},{"type":"Feature","properties":{"tunnel":0},"geometry":{"type":"LineString","coordinates":[[139.75706,35.61266],[139.75706,35.61265]]}},{"type":"Feature","properties":{"tunnel":1},"geometry":{"type":"LineString","coordinates":[[139.75318,35.61667],[139.75315,35.61673],[139.75304,35.61693],[139.75291,35.61712],[139.75291,35.61712]]}},{"type":"Feature","properties":{"tunnel":1},"geometry":{"type":"LineString","coordinates":[[139.75298,35.61667],[139.7529,35.61682],[139.75278,35.61699],[139.75268,35.61712]]}},{"type":"Feature","properties":{"tunnel":0},"geometry":{"type":"LineString","coordinates":[[139.75164,35.61667],[139.75166,35.61679]]}},{"type":"Feature","properties":{"tunnel":0},"geometry":{"type":"LineString","coordinates":[[139.75166,35.61679],[139.75166,35.61686]]}},{"type":"Feature","properties":{"tunnel":0},"geometry":{"type":"LineString","coordinates":[[139.75166,35.61686],[139.75169,35.61712]]}},{"type":"Feature","properties":{"tunnel":1},"geometry":{"type":"LineString","coordinates":[[139.75291,35.61712],[139.75277,35.61728],[139.75262,35.61744],[139.75245,35.61759],[139.75222,35.61776],[139.752,35.6179],[139.75178,35.61801],[139.75159,35.6181]]}},{"type":"Feature","properties":{"tunnel":1},"geometry":{"type":"LineString","coordinates":[[139.75268,35.61712],[139.75265,35.61716],[139.75251,35.61731],[139.75236,35.61744],[139.75219,35.61758],[139.75202,35.61769],[139.75183,35.6178],[139.7516,35.61792],[139.75159,35.61792]]}},{"type":"Feature","properties":{"tunnel":0},"geometry":{"type":"LineString","coordinates":[[139.75169,35.61712],[139.75176,35.61793],[139.75185,35.61887],[139.75194,35.6198],[139.75194,35.62009],[139.7519,35.6203],[139.75181,35.62063],[139.7517,35.62087],[139.75159,35.62106]]}},{"type":"Feature","properties":{"tunnel":0},"geometry":{"type":"LineString","coordinates":[[139.75574,35.64391],[139.75605,35.64454]]}},{"type":"Feature","properties":{"tunnel":0},"geometry":{"type":"LineString","coordinates":[[139.75707,35.6466],[139.75708,35.64661]]}},{"type":"Feature","properties":{"tunnel":0},"geometry":{"type":"LineString","coordinates":[[139.75674,35.64598],[139.75687,35.6462],[139.75707,35.6466]]}},{"type":"Feature","properties":{"tunnel":0},"geometry":{"type":"LineString","coordinates":[[139.75605,35.64454],[139.75637,35.64522]]}},{"type":"Feature","properties":{"tunnel":0},"geometry":{"type":"LineString","coordinates":[[139.75637,35.64522],[139.75674,35.64598]]}},{"type":"Feature","properties":{"tunnel":0},"geometry":{"type":"LineString","coordinates":[[139.75159,35.63575],[139.75162,35.63582]]}},{"type":"Feature","properties":{"tunnel":0},"geometry":{"type":"LineString","coordinates":[[139.75162,35.63582],[139.75177,35.6361],[139.75195,35.63646]]}},{"type":"Feature","properties":{"tunnel":0},"geometry":{"type":"LineString","coordinates":[[139.75195,35.63646],[139.7526,35.63774]]}},{"type":"Feature","properties":{"tunnel":0},"geometry":{"type":"LineString","coordinates":[[139.75267,35.63789],[139.75268,35.63791],[139.75346,35.63944]]}},{"type":"Feature","properties":{"tunnel":0},"geometry":{"type":"LineString","coordinates":[[139.7526,35.63774],[139.75267,35.63789]]}},{"type":"Feature","properties":{"tunnel":0},"geometry":{"type":"LineString","coordinates":[[139.75397,35.64044],[139.754,35.6405],[139.75432,35.64112]]}},{"type":"Feature","properties":{"tunnel":0},"geometry":{"type":"LineString","coordinates":[[139.75346,35.63944],[139.7539,35.6403]]}},{"type":"Feature","properties":{"tunnel":0},"geometry":{"type":"LineString","coordinates":[[139.7539,35.6403],[139.75391,35.64031],[139.75397,35.64044]]}},{"type":"Feature","properties":{"tunnel":0},"geometry":{"type":"LineString","coordinates":[[139.75432,35.64112],[139.7546,35.64167]]}},{"type":"Feature","properties":{"tunnel":0},"geometry":{"type":"LineString","coordinates":[[139.7546,35.64167],[139.7546,35.64167]]}},{"type":"Feature","properties":{"tunnel":0},"geometry":{"type":"LineString","coordinates":[[139.7546,35.64167],[139.75479,35.64204]]}},{"type":"Feature","properties":{"tunnel":0},"geometry":{"type":"LineString","coordinates":[[139.75524,35.64293],[139.75541,35.64324]]}},{"type":"Feature","properties":{"tunnel":0},"geometry":{"type":"LineString","coordinates":[[139.75479,35.64204],[139.75502,35.6425]]}},{"type":"Feature","properties":{"tunnel":0},"geometry":{"type":"LineString","coordinates":[[139.75502,35.6425],[139.75523,35.64291],[139.75524,35.64293]]}},{"type":"Feature","properties":{"tunnel":0},"geometry":{"type":"LineString","coordinates":[[139.75541,35.64324],[139.75574,35.64391]]}},{"type":"Feature","properties":{"tunnel":0},"geometry":{"type":"LineString","coordinates":[[139.75659,35.65291],[139.7556,35.653],[139.75444,35.6531],[139.75409,35.65315],[139.75377,35.6532],[139.7534,35.65326],[139.753,35.65333]]}},{"type":"Feature","properties":{"tunnel":0},"geometry":{"type":"LineString","coordinates":[[139.75659,35.65291],[139.75671,35.65293],[139.75684,35.65293],[139.75708,35.65292]]}},{"type":"Feature","properties":{"tunnel":0},"geometry":{"type":"LineString","coordinates":[[139.75705,35.65283],[139.75687,35.65285],[139.75668,35.65288],[139.75659,35.65291]]}},{"type":"Feature","properties":{"tunnel":0},"geometry":{"type":"LineString","coordinates":[[139.75204,35.6535],[139.75163,35.65357],[139.75159,35.65358]]}},{"type":"Feature","properties":{"tunnel":0},"geometry":{"type":"LineString","coordinates":[[139.75204,35.6535],[139.753,35.65333]]}},{"type":"Feature","properties":{"tunnel":0},"geometry":{"type":"LineString","coordinates":[[139.75159,35.65369],[139.75176,35.65367],[139.75194,35.65359],[139.75204,35.6535]]}},{"type":"Feature","properties":{"tunnel":0},"geometry":{"type":"LineString","coordinates":[[139.75708,35.65283],[139.75705,35.65283]]}},{"type":"Feature","properties":{"tunnel":0},"geometry":{"type":"LineString","coordinates":[[139.75222,35.69],[139.75232,35.69],[139.75327,35.69038]]}},{"type":"Feature","properties":{"tunnel":0},"geometry":{"type":"LineString","coordinates":[[139.75368,35.68977],[139.75361,35.68982],[139.75346,35.69007],[139.75344,35.69015],[139.75344,35.69023],[139.75346,35.69028],[139.7535,35.69034],[139.75364,35.69044],[139.75376,35.6905]]}},{"type":"Feature","properties":{"tunnel":0},"geometry":{"type":"LineString","coordinates":[[139.75558,35.69135],[139.75547,35.69127],[139.75507,35.69105]]}},{"type":"Feature","properties":{"tunnel":0},"geometry":{"type":"LineString","coordinates":[[139.75222,35.69],[139.75325,35.69047]]}},{"type":"Feature","properties":{"tunnel":0},"geometry":{"type":"LineString","coordinates":[[139.75325,35.69047],[139.75361,35.69064]]}},{"type":"Feature","properties":{"tunnel":0},"geometry":{"type":"LineString","coordinates":[[139.75215,35.68997],[139.75222,35.69]]}},{"type":"Feature","properties":{"tunnel":0},"geometry":{"type":"LineString","coordinates":[[139.75379,35.68967],[139.75372,35.68974],[139.75368,35.68977]]}},{"type":"Feature","properties":{"tunnel":0},"geometry":{"type":"LineString","coordinates":[[139.75584,35.69167],[139.75582,35.69161],[139.75578,35.69154],[139.75573,35.69148],[139.75558,35.69135]]}},{"type":"Feature","properties":{"tunnel":0},"geometry":{"type":"LineString","coordinates":[[139.75602,35.69135],[139.7563,35.69142],[139.75641,35.69143],[139.7565,35.69143],[139.75659,35.69143],[139.75668,35.69142],[139.75708,35.69138]]}},{"type":"Feature","properties":{"tunnel":0},"geometry":{"type":"LineString","coordinates":[[139.75507,35.69105],[139.75578,35.69127],[139.75602,35.69135]]}},{"type":"Feature","properties":{"tunnel":0},"geometry":{"type":"LineString","coordinates":[[139.75376,35.6905],[139.75461,35.6908],[139.75471,35.69088]]}},{"type":"Feature","properties":{"tunnel":0},"geometry":{"type":"LineString","coordinates":[[139.75327,35.69038],[139.75366,35.69054],[139.75403,35.69067]]}},{"type":"Feature","properties":{"tunnel":0},"geometry":{"type":"LineString","coordinates":[[139.75484,35.69098],[139.75507,35.69105]]}},{"type":"Feature","properties":{"tunnel":0},"geometry":{"type":"LineString","coordinates":[[139.75403,35.69067],[139.75427,35.69076],[139.75483,35.69097],[139.75484,35.69098]]}},{"type":"Feature","properties":{"tunnel":0},"geometry":{"type":"LineString","coordinates":[[139.75471,35.69088],[139.75484,35.69098]]}},{"type":"Feature","properties":{"tunnel":0},"geometry":{"type":"LineString","coordinates":[[139.75361,35.69064],[139.75391,35.69071]]}},{"type":"Feature","properties":{"tunnel":0},"geometry":{"type":"LineString","coordinates":[[139.75361,35.69064],[139.75385,35.69081]]}},{"type":"Feature","properties":{"tunnel":0},"geometry":{"type":"LineString","coordinates":[[139.75391,35.69071],[139.75534,35.69126],[139.75571,35.69137]]}},{"type":"Feature","properties":{"tunnel":0},"geometry":{"type":"LineString","coordinates":[[139.75571,35.69137],[139.75583,35.6914],[139.75592,35.69142],[139.75603,35.69144],[139.75615,35.69145]]}},{"type":"Feature","properties":{"tunnel":0},"geometry":{"type":"LineString","coordinates":[[139.75615,35.69145],[139.75628,35.69146],[139.75644,35.69145],[139.75661,35.69144],[139.75684,35.69141],[139.75708,35.69138]]}},{"type":"Feature","properties":{"tunnel":0},"geometry":{"type":"LineString","coordinates":[[139.75567,35.69167],[139.75565,35.69164],[139.7556,35.69158],[139.75553,35.69152],[139.75545,35.69146],[139.75524,35.69135],[139.75514,35.69131]]}},{"type":"Feature","properties":{"tunnel":0},"geometry":{"type":"LineString","coordinates":[[139.75514,35.69131],[139.75385,35.69081]]}},{"type":"Feature","properties":{"tunnel":0},"geometry":{"type":"LineString","coordinates":[[139.75159,35.68973],[139.75167,35.68974]]}},{"type":"Feature","properties":{"tunnel":0},"geometry":{"type":"LineString","coordinates":[[139.75159,35.68947],[139.75165,35.68949],[139.75173,35.68964]]}},{"type":"Feature","properties":{"tunnel":1},"geometry":{"type":"LineString","coordinates":[[139.75159,35.68973],[139.75215,35.68997]]}},{"type":"Feature","properties":{"tunnel":0},"geometry":{"type":"LineString","coordinates":[[139.75586,35.69169],[139.75584,35.69167]]}},{"type":"Feature","properties":{"tunnel":0},"geometry":{"type":"LineString","coordinates":[[139.75654,35.69299],[139.75665,35.69296],[139.75677,35.69292],[139.75702,35.69278],[139.75708,35.69274]]}},{"type":"Feature","properties":{"tunnel":0},"geometry":{"type":"LineString","coordinates":[[139.75604,35.69299],[139.75606,35.6929],[139.75605,35.69274],[139.756,35.69236],[139.75597,35.69209],[139.75593,35.69191],[139.75589,35.69178],[139.75586,35.69169]]}},{"type":"Feature","properties":{"tunnel":0},"geometry":{"type":"LineString","coordinates":[[139.75679,35.6924],[139.75685,35.69233],[139.75708,35.69211]]}},{"type":"Feature","properties":{"tunnel":0},"geometry":{"type":"LineString","coordinates":[[139.75676,35.69261],[139.75639,35.69299]]}},{"type":"Feature","properties":{"tunnel":0},"geometry":{"type":"LineString","coordinates":[[139.75591,35.69299],[139.75593,35.69294],[139.75595,35.69279],[139.75594,35.69263],[139.75591,35.69238],[139.75589,35.69225],[139.75586,35.69204],[139.75582,35.6919],[139.75576,35.6918],[139.75572,35.69173],[139.75567,35.69167]]}},{"type":"Feature","properties":{"tunnel":0},"geometry":{"type":"LineString","coordinates":[[139.75679,35.6924],[139.75676,35.69261]]}},{"type":"Feature","properties":{"tunnel":0},"geometry":{"type":"LineString","coordinates":[[139.75708,35.69229],[139.75676,35.69261]]}},{"type":"Feature","properties":{"tunnel":0},"geometry":{"type":"LineString","coordinates":[[139.75271,35.69602],[139.75274,35.69584],[139.75277,35.69565]]}},{"type":"Feature","properties":{"tunnel":0},"geometry":{"type":"LineString","coordinates":[[139.75246,35.69746],[139.75257,35.69685]]}},{"type":"Feature","properties":{"tunnel":0},"geometry":{"type":"LineString","coordinates":[[139.75653,35.693],[139.75654,35.69299]]}},{"type":"Feature","properties":{"tunnel":0},"geometry":{"type":"LineString","coordinates":[[139.75636,35.69302],[139.75653,35.693]]}},{"type":"Feature","properties":{"tunnel":0},"geometry":{"type":"LineString","coordinates":[[139.7535,35.69455],[139.75372,35.6944],[139.75396,35.69431],[139.75425,35.6942],[139.75472,35.69408],[139.75506,35.69399],[139.75526,35.69391],[139.75546,35.6938],[139.75562,35.69369],[139.75577,35.69356],[139.75588,35.69343],[139.75598,35.69324],[139.75603,35.69303]]}},{"type":"Feature","properties":{"tunnel":0},"geometry":{"type":"LineString","coordinates":[[139.75603,35.69303],[139.75604,35.69299]]}},{"type":"Feature","properties":{"tunnel":0},"geometry":{"type":"LineString","coordinates":[[139.75232,35.69746],[139.75237,35.69715]]}},{"type":"Feature","properties":{"tunnel":0},"geometry":{"type":"LineString","coordinates":[[139.75264,35.69719],[139.75259,35.69746]]}},{"type":"Feature","properties":{"tunnel":0},"geometry":{"type":"LineString","coordinates":[[139.75279,35.69629],[139.75264,35.69719]]}},{"type":"Feature","properties":{"tunnel":0},"geometry":{"type":"LineString","coordinates":[[139.75639,35.69299],[139.75636,35.69302]]}},{"type":"Feature","properties":{"tunnel":0},"geometry":{"type":"LineString","coordinates":[[139.75569,35.69347],[139.75581,35.69326],[139.75589,35.69307],[139.75591,35.69299]]}},{"type":"Feature","properties":{"tunnel":0},"geometry":{"type":"LineString","coordinates":[[139.75569,35.69347],[139.75586,35.69336],[139.75597,35.69328],[139.75607,35.69319],[139.75616,35.69312],[139.75621,35.69317]]}},{"type":"Feature","properties":{"tunnel":0},"geometry":{"type":"LineString","coordinates":[[139.75636,35.69302],[139.75629,35.69308]]}},{"type":"Feature","properties":{"tunnel":0},"geometry":{"type":"LineString","coordinates":[[139.75629,35.69308],[139.75621,35.69317]]}},{"type":"Feature","properties":{"tunnel":0},"geometry":{"type":"LineString","coordinates":[[139.75277,35.69565],[139.75279,35.69554],[139.75285,35.69539],[139.75292,35.69519],[139.75303,35.69501],[139.75326,35.69475]]}},{"type":"Feature","properties":{"tunnel":0},"geometry":{"type":"LineString","coordinates":[[139.75326,35.69475],[139.7535,35.69455]]}},{"type":"Feature","properties":{"tunnel":0},"geometry":{"type":"LineString","coordinates":[[139.75237,35.69715],[139.75249,35.69643]]}},{"type":"Feature","properties":{"tunnel":0},"geometry":{"type":"LineString","coordinates":[[139.75271,35.69602],[139.75278,35.69611],[139.7528,35.69619],[139.75279,35.69629]]}},{"type":"Feature","properties":{"tunnel":0},"geometry":{"type":"LineString","coordinates":[[139.75257,35.69685],[139.75261,35.6966]]}},{"type":"Feature","properties":{"tunnel":0},"geometry":{"type":"LineString","coordinates":[[139.75267,35.69626],[139.75268,35.69618]]}},{"type":"Feature","properties":{"tunnel":0},"geometry":{"type":"LineString","coordinates":[[139.75249,35.69643],[139.75252,35.69634],[139.75258,35.69628],[139.75267,35.69626]]}},{"type":"Feature","properties":{"tunnel":0},"geometry":{"type":"LineString","coordinates":[[139.75326,35.69475],[139.75324,35.6947],[139.75323,35.69465],[139.75332,35.69456],[139.75343,35.69448]]}},{"type":"Feature","properties":{"tunnel":0},"geometry":{"type":"LineString","coordinates":[[139.75361,35.69461],[139.75349,35.69469],[139.75339,35.69476],[139.75333,35.69476],[139.75326,35.69475]]}},{"type":"Feature","properties":{"tunnel":0},"geometry":{"type":"LineString","coordinates":[[139.75343,35.69448],[139.7536,35.69437],[139.75383,35.69427],[139.75414,35.69415],[139.75487,35.69394],[139.75518,35.69383],[139.75535,35.69375],[139.75553,35.69361],[139.75569,35.69347]]}},{"type":"Feature","properties":{"tunnel":0},"geometry":{"type":"LineString","coordinates":[[139.75621,35.69317],[139.75627,35.6932],[139.75619,35.69329],[139.75601,35.69345],[139.75578,35.69367],[139.75553,35.69388],[139.7553,35.694],[139.75512,35.69408],[139.75489,35.69414],[139.75446,35.69425],[139.75417,35.69434],[139.7539,35.69443],[139.75375,35.69451],[139.75361,35.69461]]}},{"type":"Feature","properties":{"tunnel":0},"geometry":{"type":"LineString","coordinates":[[139.75268,35.69618],[139.75271,35.69602]]}},{"type":"Feature","properties":{"tunnel":0},"geometry":{"type":"LineString","coordinates":[[139.75261,35.6966],[139.75267,35.69626]]}},{"type":"Feature","properties":{"tunnel":0},"geometry":{"type":"LineString","coordinates":[[139.75159,35.69998],[139.75161,35.69994],[139.7518,35.69959],[139.7519,35.6994],[139.75196,35.69929],[139.75201,35.69919],[139.75208,35.69905],[139.75209,35.69901],[139.75214,35.69891],[139.75217,35.6988]]}},{"type":"Feature","properties":{"tunnel":0},"geometry":{"type":"LineString","coordinates":[[139.75217,35.6988],[139.75224,35.6986],[139.75227,35.69847],[139.75238,35.69793]]}},{"type":"Feature","properties":{"tunnel":0},"geometry":{"type":"LineString","coordinates":[[139.75238,35.69793],[139.75246,35.69746]]}},{"type":"Feature","properties":{"tunnel":0},"geometry":{"type":"LineString","coordinates":[[139.75224,35.69792],[139.75232,35.69746]]}},{"type":"Feature","properties":{"tunnel":0},"geometry":{"type":"LineString","coordinates":[[139.75259,35.69746],[139.75252,35.69788]]}},{"type":"Feature","properties":{"tunnel":0},"geometry":{"type":"LineString","coordinates":[[139.75159,35.76042],[139.75224,35.76078],[139.75281,35.76112],[139.75346,35.76151],[139.75436,35.76201],[139.75444,35.76206]]}},{"type":"Feature","properties":{"tunnel":0},"geometry":{"type":"LineString","coordinates":[[139.75444,35.76206],[139.75479,35.76226],[139.75502,35.7624],[139.75522,35.76252],[139.75596,35.76297],[139.757,35.7636],[139.75708,35.76365]]}},{"type":"Feature","properties":{"tunnel":0},"geometry":{"type":"LineString","coordinates":[[139.75708,35.77273],[139.75675,35.77287],[139.7563,35.77306],[139.75586,35.77318],[139.75562,35.77326]]}},{"type":"Feature","properties":{"tunnel":0},"geometry":{"type":"LineString","coordinates":[[139.75196,35.77471],[139.75192,35.77479],[139.75188,35.77484]]}},{"type":"Feature","properties":{"tunnel":0},"geometry":{"type":"LineString","coordinates":[[139.75196,35.77471],[139.75184,35.77476],[139.75169,35.77484],[139.75159,35.7749]]}},{"type":"Feature","properties":{"tunnel":0},"geometry":{"type":"LineString","coordinates":[[139.75282,35.77432],[139.75278,35.77441],[139.75271,35.77447],[139.75243,35.77464]]}},{"type":"Feature","properties":{"tunnel":0},"geometry":{"type":"LineString","coordinates":[[139.75188,35.77484],[139.75177,35.77492],[139.75163,35.775]]}},{"type":"Feature","properties":{"tunnel":0},"geometry":{"type":"LineString","coordinates":[[139.75231,35.77452],[139.75218,35.77459],[139.75196,35.77471]]}},{"type":"Feature","properties":{"tunnel":0},"geometry":{"type":"LineString","coordinates":[[139.75243,35.77464],[139.75194,35.77494]]}},{"type":"Feature","properties":{"tunnel":0},"geometry":{"type":"LineString","coordinates":[[139.75194,35.77494],[139.75185,35.775]]}},{"type":"Feature","properties":{"tunnel":0},"geometry":{"type":"LineString","coordinates":[[139.75282,35.77432],[139.75272,35.77433],[139.7526,35.77436],[139.75231,35.77452]]}},{"type":"Feature","properties":{"tunnel":0},"geometry":{"type":"LineString","coordinates":[[139.75323,35.77412],[139.75282,35.77432]]}},{"type":"Feature","properties":{"tunnel":0},"geometry":{"type":"LineString","coordinates":[[139.75562,35.77326],[139.75535,35.77334],[139.75484,35.77352],[139.75408,35.77377],[139.75364,35.77394],[139.75323,35.77412]]}},{"type":"Feature","properties":{"tunnel":0},"geometry":{"type":"LineString","coordinates":[[139.75159,35.77524],[139.75159,35.77524]]}},{"type":"Feature","properties":{"tunnel":0},"geometry":{"type":"LineString","coordinates":[[139.75163,35.775],[139.75159,35.77502]]}},{"type":"Feature","properties":{"tunnel":0},"geometry":{"type":"LineString","coordinates":[[139.75185,35.775],[139.75173,35.77507]]}},{"type":"Feature","properties":{"tunnel":0},"geometry":{"type":"LineString","coordinates":[[139.75173,35.77507],[139.75161,35.7751],[139.75159,35.77512]]}},{"type":"Feature","properties":{"tunnel":0},"geometry":{"type":"LineString","coordinates":[[139.75173,35.77507],[139.75168,35.77516],[139.75159,35.77524]]}},{"type":"Feature","properties":{"tunnel":0},"geometry":{"type":"LineString","coordinates":[[139.75471,35.78937],[139.75398,35.78863],[139.75357,35.7882],[139.75322,35.78785]]}},{"type":"Feature","properties":{"tunnel":0},"geometry":{"type":"LineString","coordinates":[[139.75489,35.78969],[139.75495,35.7896],[139.75486,35.78951],[139.75471,35.78937]]}},{"type":"Feature","properties":{"tunnel":0},"geometry":{"type":"LineString","coordinates":[[139.75159,35.78673],[139.75183,35.78687],[139.75213,35.78708],[139.75232,35.78721],[139.75253,35.78737],[139.7528,35.78761],[139.75312,35.78794],[139.75387,35.78868],[139.75439,35.78919],[139.75489,35.78969]]}},{"type":"Feature","properties":{"tunnel":0},"geometry":{"type":"LineString","coordinates":[[139.75489,35.78969],[139.75536,35.79012],[139.75582,35.79059],[139.75597,35.79074],[139.75617,35.79096],[139.75629,35.79108]]}},{"type":"Feature","properties":{"tunnel":0},"geometry":{"type":"LineString","coordinates":[[139.75667,35.79145],[139.75688,35.79167]]}},{"type":"Feature","properties":{"tunnel":0},"geometry":{"type":"LineString","coordinates":[[139.75643,35.79122],[139.75655,35.79133],[139.75667,35.79145]]}},{"type":"Feature","properties":{"tunnel":0},"geometry":{"type":"LineString","coordinates":[[139.75629,35.79108],[139.7564,35.79119],[139.75643,35.79122]]}},{"type":"Feature","properties":{"tunnel":0},"geometry":{"type":"LineString","coordinates":[[139.75688,35.79167],[139.75708,35.79187]]}},{"type":"Feature","properties":{"tunnel":0},"geometry":{"type":"LineString","coordinates":[[139.75708,35.83074],[139.75693,35.83111],[139.75691,35.83117]]}},{"type":"Feature","properties":{"tunnel":1},"geometry":{"type":"LineString","coordinates":[[139.7469,35.53716],[139.74609,35.53711]]}},{"type":"Feature","properties":{"tunnel":0},"geometry":{"type":"LineString","coordinates":[[139.75,35.53734],[139.74978,35.53733]]}},{"type":"Feature","properties":{"tunnel":0},"geometry":{"type":"LineString","coordinates":[[139.74797,35.53723],[139.7469,35.53716]]}},{"type":"Feature","properties":{"tunnel":0},"geometry":{"type":"LineString","coordinates":[[139.74978,35.53733],[139.74797,35.53723]]}},{"type":"Feature","properties":{"tunnel":0},"geometry":{"type":"LineString","coordinates":[[139.75159,35.53752],[139.75142,35.5375],[139.75102,35.53745],[139.75038,35.53737],[139.75,35.53734]]}},{"type":"Feature","properties":{"tunnel":0},"geometry":{"type":"LineString","coordinates":[[139.74722,35.55457],[139.74747,35.55469],[139.74856,35.5552],[139.75,35.55582]]}},{"type":"Feature","properties":{"tunnel":0},"geometry":{"type":"LineString","coordinates":[[139.75,35.55582],[139.75035,35.55596],[139.75159,35.55649]]}},{"type":"Feature","properties":{"tunnel":0},"geometry":{"type":"LineString","coordinates":[[139.74609,35.55326],[139.74614,35.55339]]}},{"type":"Feature","properties":{"tunnel":0},"geometry":{"type":"LineString","coordinates":[[139.74621,35.55356],[139.74629,35.55376],[139.74635,35.55388],[139.74641,35.55397],[139.74647,35.55405],[139.74652,35.55412],[139.7466,35.55421],[139.74669,35.55427],[139.7468,35.55434],[139.74695,35.55444],[139.74715,35.55454],[139.74722,35.55457]]}},{"type":"Feature","properties":{"tunnel":0},"geometry":{"type":"LineString","coordinates":[[139.74609,35.55337],[139.74616,35.55344]]}},{"type":"Feature","properties":{"tunnel":0},"geometry":{"type":"LineString","coordinates":[[139.74616,35.55344],[139.74618,35.55329],[139.74609,35.55308]]}},{"type":"Feature","properties":{"tunnel":0},"geometry":{"type":"LineString","coordinates":[[139.74614,35.55339],[139.74616,35.55344]]}},{"type":"Feature","properties":{"tunnel":0},"geometry":{"type":"LineString","coordinates":[[139.74616,35.55344],[139.74621,35.55356]]}},{"type":"Feature","properties":{"tunnel":0},"geometry":{"type":"LineString","coordinates":[[139.74959,35.56667],[139.74964,35.56661],[139.74992,35.56629],[139.75,35.56621]]}},{"type":"Feature","properties":{"tunnel":0},"geometry":{"type":"LineString","coordinates":[[139.74897,35.56767],[139.74907,35.56745],[139.74917,35.56729],[139.74923,35.56718],[139.74936,35.56697],[139.74943,35.56687],[139.74951,35.56677],[139.74958,35.56668],[139.74959,35.56667]]}},{"type":"Feature","properties":{"tunnel":0},"geometry":{"type":"LineString","coordinates":[[139.74884,35.56798],[139.74885,35.56797],[139.74892,35.5678],[139.74897,35.56767]]}},{"type":"Feature","properties":{"tunnel":0},"geometry":{"type":"LineString","coordinates":[[139.75,35.56621],[139.75009,35.56612]]}},{"type":"Feature","properties":{"tunnel":0},"geometry":{"type":"LineString","coordinates":[[139.75159,35.56438],[139.75133,35.56468],[139.75093,35.56512],[139.7507,35.56536]]}},{"type":"Feature","properties":{"tunnel":0},"geometry":{"type":"LineString","coordinates":[[139.75009,35.56612],[139.75046,35.56576],[139.75062,35.56559],[139.75083,35.56539],[139.75111,35.56512],[139.75159,35.56461]]}},{"type":"Feature","properties":{"tunnel":0},"geometry":{"type":"LineString","coordinates":[[139.75003,35.56609],[139.75009,35.56612]]}},{"type":"Feature","properties":{"tunnel":0},"geometry":{"type":"LineString","coordinates":[[139.7507,35.56536],[139.75003,35.56609]]}},{"type":"Feature","properties":{"tunnel":0},"geometry":{"type":"LineString","coordinates":[[139.74989,35.57245],[139.74982,35.57239],[139.74966,35.57222],[139.74949,35.57202],[139.74937,35.57179]]}},{"type":"Feature","properties":{"tunnel":0},"geometry":{"type":"LineString","coordinates":[[139.74885,35.5714],[139.74888,35.57156],[139.74897,35.57197],[139.74901,35.57214],[139.74903,35.57221],[139.74907,35.57231],[139.74915,35.57245]]}},{"type":"Feature","properties":{"tunnel":0},"geometry":{"type":"LineString","coordinates":[[139.74885,35.5714],[139.74873,35.57068],[139.74883,35.57042]]}},{"type":"Feature","properties":{"tunnel":0},"geometry":{"type":"LineString","coordinates":[[139.74937,35.57179],[139.74928,35.5716],[139.74904,35.57059],[139.74879,35.57025]]}},{"type":"Feature","properties":{"tunnel":0},"geometry":{"type":"LineString","coordinates":[[139.74877,35.57018],[139.74872,35.56995],[139.74869,35.5697],[139.74866,35.56948],[139.74865,35.56928],[139.74864,35.5691],[139.74865,35.5689],[139.74867,35.56872],[139.74869,35.56858],[139.74877,35.5682],[139.74884,35.56798]]}},{"type":"Feature","properties":{"tunnel":0},"geometry":{"type":"LineString","coordinates":[[139.74903,35.57122],[139.74892,35.57075],[139.74883,35.57042]]}},{"type":"Feature","properties":{"tunnel":0},"geometry":{"type":"LineString","coordinates":[[139.74913,35.57168],[139.74907,35.57139],[139.74906,35.57132],[139.74903,35.57122]]}},{"type":"Feature","properties":{"tunnel":0},"geometry":{"type":"LineString","coordinates":[[139.74913,35.57168],[139.74919,35.57196],[139.74925,35.57223]]}},{"type":"Feature","properties":{"tunnel":0},"geometry":{"type":"LineString","coordinates":[[139.74927,35.57245],[139.74925,35.57223]]}},{"type":"Feature","properties":{"tunnel":0},"geometry":{"type":"LineString","coordinates":[[139.74883,35.57042],[139.74879,35.57025]]}},{"type":"Feature","properties":{"tunnel":0},"geometry":{"type":"LineString","coordinates":[[139.74879,35.57025],[139.74877,35.57018]]}},{"type":"Feature","properties":{"tunnel":0},"geometry":{"type":"LineString","coordinates":[[139.74755,35.57692],[139.74753,35.57699],[139.74743,35.57724],[139.74722,35.57769],[139.74707,35.57798],[139.74707,35.57831]]}},{"type":"Feature","properties":{"tunnel":0},"geometry":{"type":"LineString","coordinates":[[139.74732,35.57692],[139.74729,35.57694],[139.74719,35.57709],[139.74702,35.57734],[139.74691,35.57754],[139.74684,35.5777],[139.74667,35.57793],[139.74643,35.57818]]}},{"type":"Feature","properties":{"tunnel":0},"geometry":{"type":"LineString","coordinates":[[139.74679,35.57817],[139.74609,35.57951]]}},{"type":"Feature","properties":{"tunnel":0},"geometry":{"type":"LineString","coordinates":[[139.74679,35.57817],[139.74695,35.57784],[139.74727,35.57723],[139.74744,35.57692]]}},{"type":"Feature","properties":{"tunnel":0},"geometry":{"type":"LineString","coordinates":[[139.75,35.57255],[139.74989,35.57245]]}},{"type":"Feature","properties":{"tunnel":0},"geometry":{"type":"LineString","coordinates":[[139.74915,35.57245],[139.74915,35.57245],[139.74924,35.57259],[139.74944,35.57278],[139.74957,35.57287],[139.74986,35.57306],[139.75,35.57315]]}},{"type":"Feature","properties":{"tunnel":0},"geometry":{"type":"LineString","coordinates":[[139.74867,35.57449],[139.7488,35.57424],[139.74893,35.57398],[139.74901,35.57382],[139.74906,35.57371],[139.74911,35.57359],[139.74915,35.57344],[139.74921,35.57323],[139.74923,35.57309],[139.74926,35.5728],[139.74927,35.57247],[139.74927,35.57245]]}},{"type":"Feature","properties":{"tunnel":0},"geometry":{"type":"LineString","coordinates":[[139.74842,35.575],[139.74843,35.57499],[139.74867,35.57449]]}},{"type":"Feature","properties":{"tunnel":0},"geometry":{"type":"LineString","coordinates":[[139.74756,35.57669],[139.74757,35.57686],[139.74755,35.57692]]}},{"type":"Feature","properties":{"tunnel":0},"geometry":{"type":"LineString","coordinates":[[139.74756,35.57669],[139.74739,35.57683],[139.74732,35.57692]]}},{"type":"Feature","properties":{"tunnel":0},"geometry":{"type":"LineString","coordinates":[[139.74829,35.57525],[139.74842,35.575]]}},{"type":"Feature","properties":{"tunnel":0},"geometry":{"type":"LineString","coordinates":[[139.74788,35.57603],[139.74807,35.57567],[139.74829,35.57525]]}},{"type":"Feature","properties":{"tunnel":0},"geometry":{"type":"LineString","coordinates":[[139.74756,35.57669],[139.74788,35.57603]]}},{"type":"Feature","properties":{"tunnel":0},"geometry":{"type":"LineString","coordinates":[[139.74744,35.57692],[139.74756,35.57669]]}},{"type":"Feature","properties":{"tunnel":0},"geometry":{"type":"LineString","coordinates":[[139.75159,35.57416],[139.75119,35.57378]]}},{"type":"Feature","properties":{"tunnel":0},"geometry":{"type":"LineString","coordinates":[[139.75005,35.57259],[139.75,35.57255]]}},{"type":"Feature","properties":{"tunnel":0},"geometry":{"type":"LineString","coordinates":[[139.75097,35.57349],[139.75005,35.57259]]}},{"type":"Feature","properties":{"tunnel":0},"geometry":{"type":"LineString","coordinates":[[139.75093,35.57365],[139.75113,35.5738],[139.75119,35.57378]]}},{"type":"Feature","properties":{"tunnel":0},"geometry":{"type":"LineString","coordinates":[[139.75119,35.57378],[139.75122,35.57373],[139.75097,35.57349]]}},{"type":"Feature","properties":{"tunnel":0},"geometry":{"type":"LineString","coordinates":[[139.75,35.57315],[139.75027,35.57328],[139.75062,35.57345],[139.7508,35.57355],[139.75093,35.57365]]}},{"type":"Feature","properties":{"tunnel":0},"geometry":{"type":"LineString","coordinates":[[139.74664,35.60159],[139.74609,35.60116]]}},{"type":"Feature","properties":{"tunnel":0},"geometry":{"type":"LineString","coordinates":[[139.74811,35.60271],[139.74664,35.60159]]}},{"type":"Feature","properties":{"tunnel":0},"geometry":{"type":"LineString","coordinates":[[139.74811,35.60271],[139.74825,35.60283],[139.7485,35.60305],[139.7487,35.6033],[139.74898,35.60372]]}},{"type":"Feature","properties":{"tunnel":0},"geometry":{"type":"LineString","coordinates":[[139.75123,35.61265],[139.75128,35.61316]]}},{"type":"Feature","properties":{"tunnel":0},"geometry":{"type":"LineString","coordinates":[[139.75128,35.61316],[139.75133,35.6136]]}},{"type":"Feature","properties":{"tunnel":0},"geometry":{"type":"LineString","coordinates":[[139.75133,35.6136],[139.75159,35.61611]]}},{"type":"Feature","properties":{"tunnel":0},"geometry":{"type":"LineString","coordinates":[[139.74898,35.60372],[139.74914,35.60395],[139.74946,35.60443],[139.75,35.60525]]}},{"type":"Feature","properties":{"tunnel":0},"geometry":{"type":"LineString","coordinates":[[139.75075,35.60753],[139.7508,35.60818]]}},{"type":"Feature","properties":{"tunnel":0},"geometry":{"type":"LineString","coordinates":[[139.75,35.60525],[139.75035,35.60577],[139.75046,35.60602],[139.75056,35.60628],[139.75061,35.60655],[139.75075,35.60753]]}},{"type":"Feature","properties":{"tunnel":0},"geometry":{"type":"LineString","coordinates":[[139.7508,35.60818],[139.75081,35.60833]]}},{"type":"Feature","properties":{"tunnel":0},"geometry":{"type":"LineString","coordinates":[[139.75081,35.60833],[139.75087,35.60906]]}},{"type":"Feature","properties":{"tunnel":0},"geometry":{"type":"LineString","coordinates":[[139.75087,35.60906],[139.75098,35.61004]]}},{"type":"Feature","properties":{"tunnel":0},"geometry":{"type":"LineString","coordinates":[[139.75098,35.61004],[139.75108,35.61107],[139.75123,35.61265]]}},{"type":"Feature","properties":{"tunnel":0},"geometry":{"type":"LineString","coordinates":[[139.75038,35.63058],[139.75043,35.63141],[139.75043,35.63144]]}},{"type":"Feature","properties":{"tunnel":0},"geometry":{"type":"LineString","coordinates":[[139.75037,35.63051],[139.75038,35.63058]]}},{"type":"Feature","properties":{"tunnel":0},"geometry":{"type":"LineString","coordinates":[[139.75043,35.63144],[139.75046,35.63174]]}},{"type":"Feature","properties":{"tunnel":0},"geometry":{"type":"LineString","coordinates":[[139.75046,35.63174],[139.75049,35.63208],[139.75056,35.63294],[139.75058,35.63324]]}},{"type":"Feature","properties":{"tunnel":0},"geometry":{"type":"LineString","coordinates":[[139.75058,35.63324],[139.75059,35.63333]]}},{"type":"Feature","properties":{"tunnel":0},"geometry":{"type":"LineString","coordinates":[[139.75083,35.63429],[139.75119,35.63498]]}},{"type":"Feature","properties":{"tunnel":0},"geometry":{"type":"LineString","coordinates":[[139.75059,35.63333],[139.75062,35.63356],[139.75072,35.634],[139.75083,35.63429]]}},{"type":"Feature","properties":{"tunnel":0},"geometry":{"type":"LineString","coordinates":[[139.75,35.62347],[139.7499,35.62367],[139.74983,35.62396],[139.74984,35.62441],[139.74988,35.625]]}},{"type":"Feature","properties":{"tunnel":0},"geometry":{"type":"LineString","coordinates":[[139.74988,35.625],[139.74991,35.62545]]}},{"type":"Feature","properties":{"tunnel":0},"geometry":{"type":"LineString","coordinates":[[139.74991,35.62545],[139.74998,35.62605]]}},{"type":"Feature","properties":{"tunnel":0},"geometry":{"type":"LineString","coordinates":[[139.75127,35.62158],[139.75115,35.62177]]}},{"type":"Feature","properties":{"tunnel":0},"geometry":{"type":"LineString","coordinates":[[139.75115,35.62177],[139.75062,35.62254]]}},{"type":"Feature","properties":{"tunnel":0},"geometry":{"type":"LineString","coordinates":[[139.75062,35.62254],[139.75002,35.62344],[139.75,35.62347]]}},{"type":"Feature","properties":{"tunnel":0},"geometry":{"type":"LineString","coordinates":[[139.74998,35.62605],[139.75,35.62626]]}},{"type":"Feature","properties":{"tunnel":0},"geometry":{"type":"LineString","coordinates":[[139.75018,35.62824],[139.75021,35.62863]]}},{"type":"Feature","properties":{"tunnel":0},"geometry":{"type":"LineString","coordinates":[[139.75016,35.62796],[139.75017,35.6282],[139.75018,35.62824]]}},{"type":"Feature","properties":{"tunnel":0},"geometry":{"type":"LineString","coordinates":[[139.75021,35.62863],[139.75033,35.62994]]}},{"type":"Feature","properties":{"tunnel":0},"geometry":{"type":"LineString","coordinates":[[139.7501,35.62715],[139.75016,35.62796]]}},{"type":"Feature","properties":{"tunnel":0},"geometry":{"type":"LineString","coordinates":[[139.75033,35.62994],[139.75034,35.6301],[139.75037,35.63051]]}},{"type":"Feature","properties":{"tunnel":0},"geometry":{"type":"LineString","coordinates":[[139.75,35.62626],[139.7501,35.62715]]}},{"type":"Feature","properties":{"tunnel":1},"geometry":{"type":"LineString","coordinates":[[139.75,35.61839],[139.74994,35.61839],[139.74977,35.61838],[139.74959,35.61836],[139.74941,35.61834],[139.74924,35.6183],[139.74906,35.61826],[139.74889,35.61821],[139.74865,35.61813],[139.7484,35.61804],[139.74815,35.61793],[139.74791,35.61785],[139.74765,35.61776],[139.74737,35.61768],[139.7471,35.61761],[139.74683,35.61754],[139.74609,35.61738]]}},{"type":"Feature","properties":{"tunnel":1},"geometry":{"type":"LineString","coordinates":[[139.75,35.61824],[139.74998,35.61824],[139.74974,35.61822],[139.74948,35.61819],[139.74919,35.61814],[139.74891,35.61805],[139.74852,35.61791],[139.74823,35.61779],[139.74797,35.6177],[139.74771,35.61761],[139.74746,35.61754],[139.74721,35.61747],[139.74692,35.61741],[139.74664,35.61734],[139.74609,35.61722]]}},{"type":"Feature","properties":{"tunnel":1},"geometry":{"type":"LineString","coordinates":[[139.75159,35.6181],[139.75155,35.61811],[139.75132,35.6182],[139.75106,35.61827],[139.75084,35.61832],[139.7506,35.61836],[139.7504,35.61838],[139.75018,35.61839],[139.75,35.61839]]}},{"type":"Feature","properties":{"tunnel":1},"geometry":{"type":"LineString","coordinates":[[139.75159,35.61792],[139.75136,35.61801],[139.75114,35.61809],[139.7509,35.61815],[139.75066,35.61819],[139.75044,35.61822],[139.75019,35.61824],[139.75,35.61824]]}},{"type":"Feature","properties":{"tunnel":0},"geometry":{"type":"LineString","coordinates":[[139.75134,35.62149],[139.75127,35.62158]]}},{"type":"Feature","properties":{"tunnel":0},"geometry":{"type":"LineString","coordinates":[[139.75159,35.62106],[139.75151,35.62119],[139.75134,35.62149]]}},{"type":"Feature","properties":{"tunnel":0},"geometry":{"type":"LineString","coordinates":[[139.75123,35.63505],[139.75159,35.63575]]}},{"type":"Feature","properties":{"tunnel":0},"geometry":{"type":"LineString","coordinates":[[139.75119,35.63498],[139.75123,35.63505]]}},{"type":"Feature","properties":{"tunnel":0},"geometry":{"type":"LineString","coordinates":[[139.74609,35.65429],[139.74641,35.65393]]}},{"type":"Feature","properties":{"tunnel":0},"geometry":{"type":"LineString","coordinates":[[139.74783,35.65399],[139.74783,35.65408]]}},{"type":"Feature","properties":{"tunnel":0},"geometry":{"type":"LineString","coordinates":[[139.74783,35.65408],[139.74782,35.65417]]}},{"type":"Feature","properties":{"tunnel":0},"geometry":{"type":"LineString","coordinates":[[139.75,35.65343],[139.7498,35.65335]]}},{"type":"Feature","properties":{"tunnel":0},"geometry":{"type":"LineString","coordinates":[[139.74705,35.65312],[139.747,35.65307],[139.74692,35.65294]]}},{"type":"Feature","properties":{"tunnel":0},"geometry":{"type":"LineString","coordinates":[[139.74703,35.65339],[139.74689,35.65347],[139.74672,35.65359],[139.74654,35.65376],[139.74641,35.65393]]}},{"type":"Feature","properties":{"tunnel":0},"geometry":{"type":"LineString","coordinates":[[139.75,35.65326],[139.74983,35.65317],[139.74965,35.65311]]}},{"type":"Feature","properties":{"tunnel":0},"geometry":{"type":"LineString","coordinates":[[139.74918,35.65305],[139.74904,35.65296],[139.74883,35.65297],[139.74863,35.65299]]}},{"type":"Feature","properties":{"tunnel":0},"geometry":{"type":"LineString","coordinates":[[139.74863,35.65299],[139.74818,35.65304],[139.74774,35.6531],[139.74745,35.65313],[139.74726,35.65315],[139.74715,35.65316],[139.74709,35.65315],[139.74705,35.65312]]}},{"type":"Feature","properties":{"tunnel":0},"geometry":{"type":"LineString","coordinates":[[139.74965,35.65311],[139.74944,35.65308],[139.74918,35.65305]]}},{"type":"Feature","properties":{"tunnel":0},"geometry":{"type":"LineString","coordinates":[[139.74641,35.65393],[139.74664,35.65382],[139.7469,35.65363],[139.74705,35.65354],[139.74726,35.65348],[139.74743,35.65345],[139.74765,35.6535],[139.74775,35.65356],[139.74779,35.65364],[139.74783,35.65377],[139.74783,35.65399]]}},{"type":"Feature","properties":{"tunnel":0},"geometry":{"type":"LineString","coordinates":[[139.74762,35.65322],[139.74728,35.65329],[139.74703,35.65339]]}},{"type":"Feature","properties":{"tunnel":0},"geometry":{"type":"LineString","coordinates":[[139.74918,35.65305],[139.74887,35.65308],[139.74861,35.65311]]}},{"type":"Feature","properties":{"tunnel":0},"geometry":{"type":"LineString","coordinates":[[139.74861,35.65311],[139.74842,35.65313],[139.74801,35.65318],[139.74781,35.6532],[139.74762,35.65322]]}},{"type":"Feature","properties":{"tunnel":0},"geometry":{"type":"LineString","coordinates":[[139.7498,35.65335],[139.74971,35.65332]]}},{"type":"Feature","properties":{"tunnel":0},"geometry":{"type":"LineString","coordinates":[[139.75136,35.6536],[139.75103,35.6536],[139.75064,35.65354],[139.75033,35.65342],[139.75,35.65326]]}},{"type":"Feature","properties":{"tunnel":0},"geometry":{"type":"LineString","coordinates":[[139.75,35.65343],[139.75044,35.65365],[139.75064,35.65371],[139.75087,35.65374],[139.75109,35.65373],[139.75146,35.6537]]}},{"type":"Feature","properties":{"tunnel":0},"geometry":{"type":"LineString","coordinates":[[139.75159,35.65358],[139.75136,35.6536]]}},{"type":"Feature","properties":{"tunnel":0},"geometry":{"type":"LineString","coordinates":[[139.75146,35.6537],[139.75159,35.65369]]}},{"type":"Feature","properties":{"tunnel":0},"geometry":{"type":"LineString","coordinates":[[139.74852,35.675],[139.7483,35.67464]]}},{"type":"Feature","properties":{"tunnel":0},"geometry":{"type":"LineString","coordinates":[[139.74614,35.67233],[139.74633,35.67244],[139.74653,35.67258],[139.74666,35.6727],[139.74687,35.6729],[139.74736,35.67338]]}},{"type":"Feature","properties":{"tunnel":1},"geometry":{"type":"LineString","coordinates":[[139.74796,35.67389],[139.74777,35.67362],[139.74765,35.67348],[139.74741,35.67325],[139.74696,35.67282],[139.74658,35.67247],[139.74622,35.67224],[139.74609,35.67219]]}},{"type":"Feature","properties":{"tunnel":1},"geometry":{"type":"LineString","coordinates":[[139.74773,35.67397],[139.74756,35.67373],[139.74727,35.67344],[139.74674,35.67294],[139.74651,35.67271],[139.74628,35.67254],[139.74609,35.67243]]}},{"type":"Feature","properties":{"tunnel":1},"geometry":{"type":"LineString","coordinates":[[139.74867,35.675],[139.74842,35.6746],[139.74796,35.67389]]}},{"type":"Feature","properties":{"tunnel":1},"geometry":{"type":"LineString","coordinates":[[139.74838,35.675],[139.74818,35.67469],[139.74773,35.67397]]}},{"type":"Feature","properties":{"tunnel":0},"geometry":{"type":"LineString","coordinates":[[139.74862,35.67515],[139.74859,35.67511],[139.74852,35.675]]}},{"type":"Feature","properties":{"tunnel":1},"geometry":{"type":"LineString","coordinates":[[139.74876,35.67515],[139.74867,35.675]]}},{"type":"Feature","properties":{"tunnel":1},"geometry":{"type":"LineString","coordinates":[[139.74847,35.67515],[139.74838,35.675]]}},{"type":"Feature","properties":{"tunnel":1},"geometry":{"type":"LineString","coordinates":[[139.74902,35.67581],[139.7492,35.67637]]}},{"type":"Feature","properties":{"tunnel":0},"geometry":{"type":"LineString","coordinates":[[139.74885,35.67552],[139.74862,35.67515]]}},{"type":"Feature","properties":{"tunnel":1},"geometry":{"type":"LineString","coordinates":[[139.74902,35.67581],[139.74916,35.676]]}},{"type":"Feature","properties":{"tunnel":1},"geometry":{"type":"LineString","coordinates":[[139.7494,35.67632],[139.74904,35.67563]]}},{"type":"Feature","properties":{"tunnel":1},"geometry":{"type":"LineString","coordinates":[[139.7492,35.67637],[139.74876,35.6756]]}},{"type":"Feature","properties":{"tunnel":1},"geometry":{"type":"LineString","coordinates":[[139.7492,35.67637],[139.74921,35.67651],[139.74914,35.6767]]}},{"type":"Feature","properties":{"tunnel":1},"geometry":{"type":"LineString","coordinates":[[139.74885,35.67552],[139.74894,35.67566]]}},{"type":"Feature","properties":{"tunnel":1},"geometry":{"type":"LineString","coordinates":[[139.74904,35.67563],[139.74898,35.67552]]}},{"type":"Feature","properties":{"tunnel":1},"geometry":{"type":"LineString","coordinates":[[139.74916,35.676],[139.7494,35.67632]]}},{"type":"Feature","properties":{"tunnel":1},"geometry":{"type":"LineString","coordinates":[[139.74898,35.67552],[139.74896,35.67546],[139.74876,35.67515]]}},{"type":"Feature","properties":{"tunnel":1},"geometry":{"type":"LineString","coordinates":[[139.74876,35.6756],[139.74874,35.67556],[139.74847,35.67515]]}},{"type":"Feature","properties":{"tunnel":1},"geometry":{"type":"LineString","coordinates":[[139.74914,35.6767],[139.74913,35.67674],[139.749,35.67701],[139.7488,35.67728]]}},{"type":"Feature","properties":{"tunnel":1},"geometry":{"type":"LineString","coordinates":[[139.74894,35.67566],[139.74902,35.67581]]}},{"type":"Feature","properties":{"tunnel":0},"geometry":{"type":"LineString","coordinates":[[139.74665,35.6791],[139.74621,35.67925],[139.74609,35.67928]]}},{"type":"Feature","properties":{"tunnel":1},"geometry":{"type":"LineString","coordinates":[[139.74652,35.67932],[139.74609,35.67949]]}},{"type":"Feature","properties":{"tunnel":1},"geometry":{"type":"LineString","coordinates":[[139.7494,35.67632],[139.74943,35.67641]]}},{"type":"Feature","properties":{"tunnel":1},"geometry":{"type":"LineString","coordinates":[[139.74943,35.67641],[139.74943,35.67653],[139.74936,35.6767]]}},{"type":"Feature","properties":{"tunnel":1},"geometry":{"type":"LineString","coordinates":[[139.74936,35.6767],[139.74932,35.67676],[139.74912,35.67706],[139.74888,35.67732],[139.7482,35.67807],[139.7478,35.67854],[139.74752,35.67878],[139.74722,35.67903],[139.7471,35.67909],[139.74652,35.67932]]}},{"type":"Feature","properties":{"tunnel":1},"geometry":{"type":"LineString","coordinates":[[139.74609,35.67946],[139.74621,35.67942],[139.74652,35.67932]]}},{"type":"Feature","properties":{"tunnel":0},"geometry":{"type":"LineString","coordinates":[[139.74701,35.679],[139.74665,35.6791]]}},{"type":"Feature","properties":{"tunnel":0},"geometry":{"type":"LineString","coordinates":[[139.7488,35.67728],[139.74791,35.67826],[139.74754,35.67862],[139.7473,35.67885],[139.74701,35.679]]}},{"type":"Feature","properties":{"tunnel":1},"geometry":{"type":"LineString","coordinates":[[139.74615,35.67937],[139.74609,35.67939]]}},{"type":"Feature","properties":{"tunnel":0},"geometry":{"type":"LineString","coordinates":[[139.74701,35.679],[139.74699,35.67905],[139.74694,35.6791],[139.74681,35.67915],[139.74646,35.67928]]}},{"type":"Feature","properties":{"tunnel":1},"geometry":{"type":"LineString","coordinates":[[139.74646,35.67928],[139.74615,35.67937]]}},{"type":"Feature","properties":{"tunnel":0},"geometry":{"type":"LineString","coordinates":[[139.74609,35.70296],[139.74662,35.70298],[139.74886,35.70299],[139.74925,35.70295],[139.7497,35.70281],[139.75,35.70261]]}},{"type":"Feature","properties":{"tunnel":0},"geometry":{"type":"LineString","coordinates":[[139.75,35.70261],[139.75014,35.70246]]}},{"type":"Feature","properties":{"tunnel":0},"geometry":{"type":"LineString","coordinates":[[139.75014,35.70246],[139.75025,35.70233],[139.75031,35.70226],[139.75038,35.70215],[139.75046,35.70203]]}},{"type":"Feature","properties":{"tunnel":0},"geometry":{"type":"LineString","coordinates":[[139.75046,35.70203],[139.75054,35.70192]]}},{"type":"Feature","properties":{"tunnel":1},"geometry":{"type":"LineString","coordinates":[[139.74998,35.68911],[139.75,35.68911]]}},{"type":"Feature","properties":{"tunnel":0},"geometry":{"type":"LineString","coordinates":[[139.7499,35.68922],[139.74999,35.68922],[139.75,35.68922]]}},{"type":"Feature","properties":{"tunnel":0},"geometry":{"type":"LineString","coordinates":[[139.74987,35.68942],[139.75,35.68942]]}},{"type":"Feature","properties":{"tunnel":0},"geometry":{"type":"LineString","coordinates":[[139.74921,35.68938],[139.74945,35.68944],[139.74987,35.68942]]}},{"type":"Feature","properties":{"tunnel":0},"geometry":{"type":"LineString","coordinates":[[139.74609,35.68912],[139.7461,35.68913],[139.74797,35.68948],[139.74817,35.68949],[139.74837,35.68948],[139.74921,35.68938]]}},{"type":"Feature","properties":{"tunnel":0},"geometry":{"type":"LineString","coordinates":[[139.74921,35.68938],[139.7494,35.68937]]}},{"type":"Feature","properties":{"tunnel":0},"geometry":{"type":"LineString","coordinates":[[139.74919,35.68927],[139.74938,35.68917]]}},{"type":"Feature","properties":{"tunnel":0},"geometry":{"type":"LineString","coordinates":[[139.74609,35.68902],[139.74614,35.68903],[139.74786,35.68936],[139.74806,35.68937],[139.74825,35.68937],[139.74919,35.68927]]}},{"type":"Feature","properties":{"tunnel":0},"geometry":{"type":"LineString","coordinates":[[139.74919,35.68927],[139.7494,35.68926]]}},{"type":"Feature","properties":{"tunnel":0},"geometry":{"type":"LineString","coordinates":[[139.74981,35.68912],[139.74998,35.68911]]}},{"type":"Feature","properties":{"tunnel":0},"geometry":{"type":"LineString","coordinates":[[139.7494,35.68937],[139.74991,35.68933]]}},{"type":"Feature","properties":{"tunnel":0},"geometry":{"type":"LineString","coordinates":[[139.74991,35.68933],[139.74999,35.68932],[139.75,35.68932]]}},{"type":"Feature","properties":{"tunnel":0},"geometry":{"type":"LineString","coordinates":[[139.74938,35.68917],[139.74981,35.68912]]}},{"type":"Feature","properties":{"tunnel":0},"geometry":{"type":"LineString","coordinates":[[139.7494,35.68926],[139.7499,35.68922]]}},{"type":"Feature","properties":{"tunnel":0},"geometry":{"type":"LineString","coordinates":[[139.75154,35.68972],[139.75159,35.68973]]}},{"type":"Feature","properties":{"tunnel":0},"geometry":{"type":"LineString","coordinates":[[139.75055,35.68945],[139.75074,35.68948],[139.75091,35.68952],[139.75104,35.68955],[139.75116,35.68958],[139.75131,35.68963],[139.75154,35.68972]]}},{"type":"Feature","properties":{"tunnel":0},"geometry":{"type":"LineString","coordinates":[[139.75093,35.68924],[139.75127,35.68938],[139.75147,35.68944],[139.75159,35.68947]]}},{"type":"Feature","properties":{"tunnel":1},"geometry":{"type":"LineString","coordinates":[[139.75,35.68911],[139.75019,35.68909],[139.75037,35.68911]]}},{"type":"Feature","properties":{"tunnel":0},"geometry":{"type":"LineString","coordinates":[[139.75,35.68942],[139.75026,35.68942],[139.75055,35.68945]]}},{"type":"Feature","properties":{"tunnel":1},"geometry":{"type":"LineString","coordinates":[[139.75037,35.68911],[139.75068,35.68916],[139.75093,35.68924]]}},{"type":"Feature","properties":{"tunnel":1},"geometry":{"type":"LineString","coordinates":[[139.75056,35.68932],[139.75128,35.6896],[139.75159,35.68973]]}},{"type":"Feature","properties":{"tunnel":0},"geometry":{"type":"LineString","coordinates":[[139.75,35.68922],[139.75016,35.68927]]}},{"type":"Feature","properties":{"tunnel":0},"geometry":{"type":"LineString","coordinates":[[139.75016,35.68927],[139.75026,35.68928]]}},{"type":"Feature","properties":{"tunnel":1},"geometry":{"type":"LineString","coordinates":[[139.75026,35.68928],[139.75041,35.68929],[139.75056,35.68932]]}},{"type":"Feature","properties":{"tunnel":0},"geometry":{"type":"LineString","coordinates":[[139.75,35.68932],[139.75016,35.68927]]}},{"type":"Feature","properties":{"tunnel":0},"geometry":{"type":"LineString","coordinates":[[139.75157,35.7],[139.75157,35.7],[139.75159,35.69998]]}},{"type":"Feature","properties":{"tunnel":0},"geometry":{"type":"LineString","coordinates":[[139.75054,35.70192],[139.75054,35.70191],[139.75073,35.70156],[139.75089,35.70128],[139.75107,35.70095],[139.75115,35.70078],[139.75144,35.70026]]}},{"type":"Feature","properties":{"tunnel":0},"geometry":{"type":"LineString","coordinates":[[139.75144,35.70026],[139.75157,35.7]]}},{"type":"Feature","properties":{"tunnel":0},"geometry":{"type":"LineString","coordinates":[[139.74695,35.75772],[139.74683,35.75767],[139.74627,35.75745],[139.74609,35.75739]]}},{"type":"Feature","properties":{"tunnel":0},"geometry":{"type":"LineString","coordinates":[[139.74695,35.75772],[139.74705,35.75777],[139.74719,35.75784]]}},{"type":"Feature","properties":{"tunnel":0},"geometry":{"type":"LineString","coordinates":[[139.74719,35.75784],[139.7473,35.7579],[139.74761,35.75809],[139.74774,35.75818],[139.74794,35.75833],[139.74795,35.75833]]}},{"type":"Feature","properties":{"tunnel":0},"geometry":{"type":"LineString","coordinates":[[139.74795,35.75833],[139.74814,35.75849],[139.74841,35.7587],[139.74864,35.75889],[139.74909,35.7592],[139.74949,35.75943],[139.75,35.75964]]}},{"type":"Feature","properties":{"tunnel":0},"geometry":{"type":"LineString","coordinates":[[139.75,35.75964],[139.75052,35.75989]]}},{"type":"Feature","properties":{"tunnel":0},"geometry":{"type":"LineString","coordinates":[[139.74977,35.77631],[139.74951,35.77646],[139.74936,35.77662]]}},{"type":"Feature","properties":{"tunnel":0},"geometry":{"type":"LineString","coordinates":[[139.75,35.77615],[139.74977,35.77631]]}},{"type":"Feature","properties":{"tunnel":0},"geometry":{"type":"LineString","coordinates":[[139.7497,35.77625],[139.74935,35.77647],[139.74859,35.77691]]}},{"type":"Feature","properties":{"tunnel":0},"geometry":{"type":"LineString","coordinates":[[139.75,35.77607],[139.7497,35.77625]]}},{"type":"Feature","properties":{"tunnel":0},"geometry":{"type":"LineString","coordinates":[[139.75,35.77593],[139.74964,35.77614],[139.74938,35.77637]]}},{"type":"Feature","properties":{"tunnel":0},"geometry":{"type":"LineString","coordinates":[[139.75,35.77586],[139.74924,35.77637],[139.7484,35.77688],[139.74764,35.77737],[139.74718,35.77771]]}},{"type":"Feature","properties":{"tunnel":0},"geometry":{"type":"LineString","coordinates":[[139.74859,35.77691],[139.74799,35.77729],[139.74755,35.7776],[139.7474,35.77771]]}},{"type":"Feature","properties":{"tunnel":0},"geometry":{"type":"LineString","coordinates":[[139.75159,35.7749],[139.75141,35.775]]}},{"type":"Feature","properties":{"tunnel":0},"geometry":{"type":"LineString","coordinates":[[139.75141,35.775],[139.75132,35.77505],[139.75043,35.77561],[139.75,35.77586]]}},{"type":"Feature","properties":{"tunnel":0},"geometry":{"type":"LineString","coordinates":[[139.75159,35.77524],[139.75088,35.77567],[139.75068,35.77574],[139.75,35.77615]]}},{"type":"Feature","properties":{"tunnel":0},"geometry":{"type":"LineString","coordinates":[[139.75159,35.77502],[139.75071,35.77556],[139.75,35.77593]]}},{"type":"Feature","properties":{"tunnel":0},"geometry":{"type":"LineString","coordinates":[[139.75159,35.77512],[139.75152,35.77516]]}},{"type":"Feature","properties":{"tunnel":0},"geometry":{"type":"LineString","coordinates":[[139.75152,35.77516],[139.75104,35.77545],[139.75025,35.77592],[139.75,35.77607]]}},{"type":"Feature","properties":{"tunnel":0},"geometry":{"type":"LineString","coordinates":[[139.75052,35.75989],[139.75141,35.76032],[139.75159,35.76042]]}},{"type":"Feature","properties":{"tunnel":0},"geometry":{"type":"LineString","coordinates":[[139.74661,35.77786],[139.74663,35.77803],[139.74663,35.7781],[139.74662,35.77822],[139.74661,35.77827],[139.74658,35.77832],[139.74644,35.77847],[139.74624,35.77868],[139.74609,35.77886]]}},{"type":"Feature","properties":{"tunnel":0},"geometry":{"type":"LineString","coordinates":[[139.74714,35.77791],[139.747,35.77803],[139.74661,35.77839]]}},{"type":"Feature","properties":{"tunnel":0},"geometry":{"type":"LineString","coordinates":[[139.74718,35.77771],[139.74694,35.77789],[139.74655,35.77824],[139.7462,35.77862],[139.74609,35.77876]]}},{"type":"Feature","properties":{"tunnel":0},"geometry":{"type":"LineString","coordinates":[[139.74632,35.77848],[139.74629,35.77852],[139.7461,35.77873],[139.74609,35.77875]]}},{"type":"Feature","properties":{"tunnel":0},"geometry":{"type":"LineString","coordinates":[[139.7474,35.77771],[139.7473,35.7778],[139.74714,35.77791]]}},{"type":"Feature","properties":{"tunnel":0},"geometry":{"type":"LineString","coordinates":[[139.74661,35.77839],[139.74644,35.77857]]}},{"type":"Feature","properties":{"tunnel":0},"geometry":{"type":"LineString","coordinates":[[139.74644,35.77857],[139.74634,35.77868]]}},{"type":"Feature","properties":{"tunnel":0},"geometry":{"type":"LineString","coordinates":[[139.74634,35.77868],[139.74618,35.77888]]}},{"type":"Feature","properties":{"tunnel":0},"geometry":{"type":"LineString","coordinates":[[139.74618,35.77888],[139.74609,35.77902]]}},{"type":"Feature","properties":{"tunnel":0},"geometry":{"type":"LineString","coordinates":[[139.74609,35.78319],[139.74613,35.78325],[139.74619,35.78333]]}},{"type":"Feature","properties":{"tunnel":0},"geometry":{"type":"LineString","coordinates":[[139.74609,35.78301],[139.74632,35.78333]]}},{"type":"Feature","properties":{"tunnel":0},"geometry":{"type":"LineString","coordinates":[[139.74609,35.78281],[139.74618,35.78294],[139.74635,35.78322],[139.74643,35.78333]]}},{"type":"Feature","properties":{"tunnel":0},"geometry":{"type":"LineString","coordinates":[[139.75,35.78606],[139.75,35.78606]]}},{"type":"Feature","properties":{"tunnel":0},"geometry":{"type":"LineString","coordinates":[[139.74632,35.78333],[139.74664,35.78381]]}},{"type":"Feature","properties":{"tunnel":0},"geometry":{"type":"LineString","coordinates":[[139.74643,35.78333],[139.74644,35.78334]]}},{"type":"Feature","properties":{"tunnel":0},"geometry":{"type":"LineString","coordinates":[[139.74845,35.78549],[139.74879,35.78562],[139.75,35.78606]]}},{"type":"Feature","properties":{"tunnel":0},"geometry":{"type":"LineString","coordinates":[[139.74619,35.78333],[139.74654,35.78386],[139.74669,35.78401]]}},{"type":"Feature","properties":{"tunnel":0},"geometry":{"type":"LineString","coordinates":[[139.74644,35.78334],[139.74681,35.7839],[139.7469,35.78409],[139.74698,35.78433]]}},{"type":"Feature","properties":{"tunnel":0},"geometry":{"type":"LineString","coordinates":[[139.74669,35.78401],[139.74679,35.78413]]}},{"type":"Feature","properties":{"tunnel":0},"geometry":{"type":"LineString","coordinates":[[139.74664,35.78381],[139.74669,35.78401]]}},{"type":"Feature","properties":{"tunnel":0},"geometry":{"type":"LineString","coordinates":[[139.74698,35.78433],[139.74703,35.78438],[139.74719,35.78459],[139.74734,35.78474],[139.74748,35.78488],[139.7477,35.78505],[139.748,35.78525],[139.74822,35.78539],[139.74845,35.78549]]}},{"type":"Feature","properties":{"tunnel":0},"geometry":{"type":"LineString","coordinates":[[139.74679,35.78413],[139.74698,35.78433]]}},{"type":"Feature","properties":{"tunnel":0},"geometry":{"type":"LineString","coordinates":[[139.75,35.78606],[139.75009,35.7861],[139.75042,35.78622],[139.75052,35.78626],[139.75102,35.78646],[139.75114,35.78651],[139.75138,35.78663]]}},{"type":"Feature","properties":{"tunnel":0},"geometry":{"type":"LineString","coordinates":[[139.75138,35.78663],[139.7515,35.78669],[139.75159,35.78673]]}},{"type":"Feature","properties":{"tunnel":0},"geometry":{"type":"LineString","coordinates":[[139.7406,35.53251],[139.74069,35.53265],[139.7411,35.53333]]}},{"type":"Feature","properties":{"tunnel":0},"geometry":{"type":"LineString","coordinates":[[139.74151,35.5367],[139.74153,35.53585],[139.74151,35.53563],[139.74143,35.53521]]}},{"type":"Feature","properties":{"tunnel":0},"geometry":{"type":"LineString","coordinates":[[139.7411,35.53333],[139.74118,35.53346],[139.74127,35.53366],[139.74135,35.53384],[139.74138,35.53396],[139.74141,35.53411],[139.74144,35.53476],[139.74143,35.53521]]}},{"type":"Feature","properties":{"tunnel":0},"geometry":{"type":"LineString","coordinates":[[139.74143,35.53521],[139.74138,35.5367]]}},{"type":"Feature","properties":{"tunnel":0},"geometry":{"type":"LineString","coordinates":[[139.74523,35.5511],[139.74524,35.55114]]}},{"type":"Feature","properties":{"tunnel":0},"geometry":{"type":"LineString","coordinates":[[139.74534,35.55112],[139.74533,35.55107]]}},{"type":"Feature","properties":{"tunnel":0},"geometry":{"type":"LineString","coordinates":[[139.74554,35.5518],[139.74571,35.55225]]}},{"type":"Feature","properties":{"tunnel":0},"geometry":{"type":"LineString","coordinates":[[139.74571,35.55225],[139.74609,35.55326]]}},{"type":"Feature","properties":{"tunnel":0},"geometry":{"type":"LineString","coordinates":[[139.74537,35.55136],[139.74554,35.5518]]}},{"type":"Feature","properties":{"tunnel":0},"geometry":{"type":"LineString","coordinates":[[139.74529,35.55113],[139.74529,35.55113],[139.74537,35.55136]]}},{"type":"Feature","properties":{"tunnel":0},"geometry":{"type":"LineString","coordinates":[[139.74527,35.55108],[139.74529,35.55113]]}},{"type":"Feature","properties":{"tunnel":0},"geometry":{"type":"LineString","coordinates":[[139.74477,35.55011],[139.74509,35.55077],[139.74523,35.5511]]}},{"type":"Feature","properties":{"tunnel":0},"geometry":{"type":"LineString","coordinates":[[139.74533,35.55107],[139.74524,35.55084],[139.74512,35.55057],[139.74502,35.55035],[139.7449,35.55011]]}},{"type":"Feature","properties":{"tunnel":0},"geometry":{"type":"LineString","coordinates":[[139.74482,35.55011],[139.74514,35.55076],[139.74527,35.55108]]}},{"type":"Feature","properties":{"tunnel":0},"geometry":{"type":"LineString","coordinates":[[139.74524,35.55114],[139.74524,35.55115],[139.74606,35.55333],[139.74609,35.55337]]}},{"type":"Feature","properties":{"tunnel":0},"geometry":{"type":"LineString","coordinates":[[139.74609,35.55308],[139.74598,35.55279],[139.7458,35.5523],[139.74561,35.55181],[139.74543,35.55132],[139.74534,35.55112]]}},{"type":"Feature","properties":{"tunnel":0},"geometry":{"type":"LineString","coordinates":[[139.74165,35.54118],[139.74167,35.54118]]}},{"type":"Feature","properties":{"tunnel":0},"geometry":{"type":"LineString","coordinates":[[139.74165,35.54118],[139.74167,35.54121]]}},{"type":"Feature","properties":{"tunnel":0},"geometry":{"type":"LineString","coordinates":[[139.74165,35.54117],[139.74165,35.54118]]}},{"type":"Feature","properties":{"tunnel":0},"geometry":{"type":"LineString","coordinates":[[139.74167,35.54121],[139.74172,35.54134]]}},{"type":"Feature","properties":{"tunnel":0},"geometry":{"type":"LineString","coordinates":[[139.74167,35.54118],[139.74167,35.54118],[139.74168,35.54117],[139.74168,35.54117]]}},{"type":"Feature","properties":{"tunnel":0},"geometry":{"type":"LineString","coordinates":[[139.74172,35.54134],[139.74184,35.54161],[139.74186,35.54167]]}},{"type":"Feature","properties":{"tunnel":0},"geometry":{"type":"LineString","coordinates":[[139.74186,35.54167],[139.74282,35.54382],[139.74312,35.54448],[139.74325,35.54483],[139.74332,35.54508],[139.74337,35.54527],[139.74341,35.54546],[139.74344,35.54564]]}},{"type":"Feature","properties":{"tunnel":1},"geometry":{"type":"LineString","coordinates":[[139.74167,35.53735],[139.7406,35.53737]]}},{"type":"Feature","properties":{"tunnel":0},"geometry":{"type":"LineString","coordinates":[[139.74151,35.5378],[139.7415,35.53692],[139.74151,35.5367]]}},{"type":"Feature","properties":{"tunnel":0},"geometry":{"type":"LineString","coordinates":[[139.7412,35.53825],[139.74123,35.53736]]}},{"type":"Feature","properties":{"tunnel":0},"geometry":{"type":"LineString","coordinates":[[139.74154,35.54006],[139.74154,35.53981],[139.74157,35.53936],[139.74159,35.53898],[139.74159,35.53874]]}},{"type":"Feature","properties":{"tunnel":0},"geometry":{"type":"LineString","coordinates":[[139.7406,35.53869],[139.74081,35.53864],[139.74098,35.53858]]}},{"type":"Feature","properties":{"tunnel":0},"geometry":{"type":"LineString","coordinates":[[139.74098,35.53858],[139.74112,35.53853]]}},{"type":"Feature","properties":{"tunnel":0},"geometry":{"type":"LineString","coordinates":[[139.74114,35.54007],[139.74115,35.53968],[139.74117,35.53921],[139.7412,35.53825]]}},{"type":"Feature","properties":{"tunnel":0},"geometry":{"type":"LineString","coordinates":[[139.7413,35.53842],[139.74112,35.53853]]}},{"type":"Feature","properties":{"tunnel":0},"geometry":{"type":"LineString","coordinates":[[139.74159,35.53874],[139.74159,35.53854]]}},{"type":"Feature","properties":{"tunnel":0},"geometry":{"type":"LineString","coordinates":[[139.7413,35.53842],[139.74141,35.53828],[139.74148,35.53812],[139.74151,35.53792],[139.74151,35.5378]]}},{"type":"Feature","properties":{"tunnel":0},"geometry":{"type":"LineString","coordinates":[[139.74138,35.5367],[139.74137,35.53692]]}},{"type":"Feature","properties":{"tunnel":0},"geometry":{"type":"LineString","coordinates":[[139.74137,35.53692],[139.74135,35.53748],[139.74134,35.53819]]}},{"type":"Feature","properties":{"tunnel":0},"geometry":{"type":"LineString","coordinates":[[139.7406,35.53861],[139.74068,35.53859],[139.7408,35.53855],[139.74097,35.53845],[139.74112,35.53829],[139.74118,35.53813],[139.74121,35.53793],[139.74122,35.5377],[139.7413,35.53694]]}},{"type":"Feature","properties":{"tunnel":0},"geometry":{"type":"LineString","coordinates":[[139.7413,35.53694],[139.74137,35.53692]]}},{"type":"Feature","properties":{"tunnel":0},"geometry":{"type":"LineString","coordinates":[[139.74114,35.54007],[139.74122,35.54024]]}},{"type":"Feature","properties":{"tunnel":0},"geometry":{"type":"LineString","coordinates":[[139.74144,35.54059],[139.74165,35.54117]]}},{"type":"Feature","properties":{"tunnel":0},"geometry":{"type":"LineString","coordinates":[[139.74134,35.53819],[139.74136,35.53847],[139.74135,35.53985]]}},{"type":"Feature","properties":{"tunnel":0},"geometry":{"type":"LineString","coordinates":[[139.74122,35.54024],[139.74135,35.54052],[139.74138,35.54056],[139.74142,35.5406],[139.74144,35.54059]]}},{"type":"Feature","properties":{"tunnel":0},"geometry":{"type":"LineString","coordinates":[[139.74167,35.54104],[139.74164,35.5409],[139.74162,35.54074],[139.7416,35.54057],[139.74158,35.54038],[139.74154,35.54006]]}},{"type":"Feature","properties":{"tunnel":0},"geometry":{"type":"LineString","coordinates":[[139.74135,35.53985],[139.74144,35.54059]]}},{"type":"Feature","properties":{"tunnel":1},"geometry":{"type":"LineString","coordinates":[[139.74609,35.53711],[139.74577,35.53709],[139.74518,35.53707],[139.74462,35.53708],[139.74343,35.53722],[139.74255,35.53732],[139.74184,35.53735],[139.74167,35.53735]]}},{"type":"Feature","properties":{"tunnel":0},"geometry":{"type":"LineString","coordinates":[[139.74168,35.54117],[139.74168,35.54116],[139.74168,35.54115],[139.74167,35.54104]]}},{"type":"Feature","properties":{"tunnel":0},"geometry":{"type":"LineString","coordinates":[[139.74344,35.54564],[139.74345,35.54569],[139.7435,35.54605],[139.74353,35.54635],[139.74364,35.54726],[139.74368,35.54744],[139.74371,35.54759],[139.74376,35.54777],[139.74384,35.54799],[139.74406,35.54852],[139.74416,35.54872],[139.74449,35.54938],[139.74477,35.54998]]}},{"type":"Feature","properties":{"tunnel":0},"geometry":{"type":"LineString","coordinates":[[139.74477,35.54998],[139.74477,35.55]]}},{"type":"Feature","properties":{"tunnel":0},"geometry":{"type":"LineString","coordinates":[[139.74479,35.55],[139.74477,35.54998]]}},{"type":"Feature","properties":{"tunnel":0},"geometry":{"type":"LineString","coordinates":[[139.74477,35.54998],[139.74478,35.55]]}},{"type":"Feature","properties":{"tunnel":0},"geometry":{"type":"LineString","coordinates":[[139.74477,35.55],[139.74477,35.55009],[139.74477,35.55011]]}},{"type":"Feature","properties":{"tunnel":0},"geometry":{"type":"LineString","coordinates":[[139.7449,35.55011],[139.74487,35.55005],[139.74479,35.55]]}},{"type":"Feature","properties":{"tunnel":0},"geometry":{"type":"LineString","coordinates":[[139.74478,35.55],[139.7448,35.55005]]}},{"type":"Feature","properties":{"tunnel":0},"geometry":{"type":"LineString","coordinates":[[139.7448,35.55005],[139.74482,35.55011]]}},{"type":"Feature","properties":{"tunnel":0},"geometry":{"type":"LineString","coordinates":[[139.7406,35.58772],[139.74135,35.5871]]}},{"type":"Feature","properties":{"tunnel":0},"geometry":{"type":"LineString","coordinates":[[139.74135,35.5871],[139.74167,35.58679]]}},{"type":"Feature","properties":{"tunnel":0},"geometry":{"type":"LineString","coordinates":[[139.74178,35.58667],[139.74191,35.58656]]}},{"type":"Feature","properties":{"tunnel":0},"geometry":{"type":"LineString","coordinates":[[139.74167,35.58679],[139.74171,35.58674]]}},{"type":"Feature","properties":{"tunnel":0},"geometry":{"type":"LineString","coordinates":[[139.74286,35.58585],[139.74265,35.58601],[139.74234,35.58607]]}},{"type":"Feature","properties":{"tunnel":0},"geometry":{"type":"LineString","coordinates":[[139.74253,35.58585],[139.74234,35.58607]]}},{"type":"Feature","properties":{"tunnel":0},"geometry":{"type":"LineString","coordinates":[[139.74234,35.58607],[139.74191,35.58656]]}},{"type":"Feature","properties":{"tunnel":0},"geometry":{"type":"LineString","coordinates":[[139.74171,35.58674],[139.74178,35.58667]]}},{"type":"Feature","properties":{"tunnel":0},"geometry":{"type":"LineString","coordinates":[[139.74513,35.58138],[139.74476,35.58209]]}},{"type":"Feature","properties":{"tunnel":0},"geometry":{"type":"LineString","coordinates":[[139.74476,35.58209],[139.74463,35.58237],[139.74453,35.58258],[139.74416,35.58333]]}},{"type":"Feature","properties":{"tunnel":0},"geometry":{"type":"LineString","coordinates":[[139.74416,35.58333],[139.74379,35.58407],[139.74363,35.58445]]}},{"type":"Feature","properties":{"tunnel":0},"geometry":{"type":"LineString","coordinates":[[139.74343,35.58539],[139.74313,35.58564],[139.74295,35.58579],[139.74286,35.58585]]}},{"type":"Feature","properties":{"tunnel":0},"geometry":{"type":"LineString","coordinates":[[139.74284,35.5855],[139.74253,35.58585]]}},{"type":"Feature","properties":{"tunnel":0},"geometry":{"type":"LineString","coordinates":[[139.74363,35.58445],[139.74347,35.58471],[139.74284,35.5855]]}},{"type":"Feature","properties":{"tunnel":0},"geometry":{"type":"LineString","coordinates":[[139.74319,35.5844],[139.74306,35.58482],[139.74287,35.58513],[139.74284,35.58528],[139.74284,35.5855]]}},{"type":"Feature","properties":{"tunnel":0},"geometry":{"type":"LineString","coordinates":[[139.74609,35.57951],[139.74588,35.57994],[139.74513,35.58138]]}},{"type":"Feature","properties":{"tunnel":0},"geometry":{"type":"LineString","coordinates":[[139.74148,35.59479],[139.74136,35.59457],[139.74124,35.59436]]}},{"type":"Feature","properties":{"tunnel":0},"geometry":{"type":"LineString","coordinates":[[139.74124,35.59436],[139.74101,35.59399],[139.74062,35.59357],[139.7406,35.59355]]}},{"type":"Feature","properties":{"tunnel":0},"geometry":{"type":"LineString","coordinates":[[139.74167,35.5951],[139.74163,35.59504],[139.74151,35.59483],[139.74148,35.59479]]}},{"type":"Feature","properties":{"tunnel":0},"geometry":{"type":"LineString","coordinates":[[139.7432,35.59925],[139.74311,35.59918],[139.7428,35.59876],[139.74267,35.59843],[139.74257,35.59802],[139.74263,35.59793]]}},{"type":"Feature","properties":{"tunnel":0},"geometry":{"type":"LineString","coordinates":[[139.74237,35.59696],[139.74231,35.59668],[139.7422,35.59624],[139.74208,35.59587],[139.74195,35.59558],[139.74183,35.59537],[139.74167,35.5951]]}},{"type":"Feature","properties":{"tunnel":0},"geometry":{"type":"LineString","coordinates":[[139.74345,35.59925],[139.74326,35.59909],[139.74301,35.59877],[139.74286,35.59836],[139.74276,35.59799],[139.74263,35.59793]]}},{"type":"Feature","properties":{"tunnel":0},"geometry":{"type":"LineString","coordinates":[[139.74263,35.59793],[139.74257,35.59772]]}},{"type":"Feature","properties":{"tunnel":0},"geometry":{"type":"LineString","coordinates":[[139.74257,35.59772],[139.74243,35.59718]]}},{"type":"Feature","properties":{"tunnel":0},"geometry":{"type":"LineString","coordinates":[[139.74243,35.59718],[139.74237,35.59696]]}},{"type":"Feature","properties":{"tunnel":0},"geometry":{"type":"LineString","coordinates":[[139.74438,35.6],[139.74347,35.59947],[139.7432,35.59925]]}},{"type":"Feature","properties":{"tunnel":0},"geometry":{"type":"LineString","coordinates":[[139.74464,35.6],[139.74453,35.59991],[139.74353,35.59932],[139.74345,35.59925]]}},{"type":"Feature","properties":{"tunnel":0},"geometry":{"type":"LineString","coordinates":[[139.74504,35.60042],[139.7448,35.60014],[139.74464,35.6]]}},{"type":"Feature","properties":{"tunnel":0},"geometry":{"type":"LineString","coordinates":[[139.74504,35.60042],[139.74483,35.60029],[139.74438,35.6]]}},{"type":"Feature","properties":{"tunnel":0},"geometry":{"type":"LineString","coordinates":[[139.74609,35.60116],[139.74562,35.60078],[139.74504,35.60042]]}},{"type":"Feature","properties":{"tunnel":1},"geometry":{"type":"LineString","coordinates":[[139.74167,35.61614],[139.7406,35.61588]]}},{"type":"Feature","properties":{"tunnel":1},"geometry":{"type":"LineString","coordinates":[[139.74167,35.6163],[139.74086,35.6161],[139.7406,35.61604]]}},{"type":"Feature","properties":{"tunnel":1},"geometry":{"type":"LineString","coordinates":[[139.74381,35.61667],[139.74167,35.61614]]}},{"type":"Feature","properties":{"tunnel":1},"geometry":{"type":"LineString","coordinates":[[139.74315,35.61667],[139.74167,35.6163]]}},{"type":"Feature","properties":{"tunnel":1},"geometry":{"type":"LineString","coordinates":[[139.745,35.61712],[139.74391,35.61685],[139.74315,35.61667]]}},{"type":"Feature","properties":{"tunnel":1},"geometry":{"type":"LineString","coordinates":[[139.74566,35.61712],[139.74381,35.61667]]}},{"type":"Feature","properties":{"tunnel":1},"geometry":{"type":"LineString","coordinates":[[139.74609,35.61738],[139.74598,35.61735],[139.745,35.61712]]}},{"type":"Feature","properties":{"tunnel":1},"geometry":{"type":"LineString","coordinates":[[139.74609,35.61722],[139.74605,35.61721],[139.74566,35.61712]]}},{"type":"Feature","properties":{"tunnel":0},"geometry":{"type":"LineString","coordinates":[[139.7406,35.65533],[139.74075,35.65529],[139.74167,35.65503]]}},{"type":"Feature","properties":{"tunnel":0},"geometry":{"type":"LineString","coordinates":[[139.74572,35.65454],[139.74605,35.65433],[139.74609,35.65429]]}},{"type":"Feature","properties":{"tunnel":0},"geometry":{"type":"LineString","coordinates":[[139.74548,35.65463],[139.74551,35.65463],[139.74572,35.65454]]}},{"type":"Feature","properties":{"tunnel":0},"geometry":{"type":"LineString","coordinates":[[139.74191,35.65496],[139.742,35.65494],[139.74255,35.6549],[139.7434,35.65484],[139.74442,35.65475],[139.74477,35.65473],[139.74501,35.65472]]}},{"type":"Feature","properties":{"tunnel":0},"geometry":{"type":"LineString","coordinates":[[139.74167,35.65503],[139.74191,35.65496]]}},{"type":"Feature","properties":{"tunnel":0},"geometry":{"type":"LineString","coordinates":[[139.74501,35.65472],[139.7451,35.65471],[139.74529,35.65468],[139.74548,35.65463]]}},{"type":"Feature","properties":{"tunnel":1},"geometry":{"type":"LineString","coordinates":[[139.7406,35.6788],[139.74068,35.67882],[139.74161,35.679],[139.74167,35.67901]]}},{"type":"Feature","properties":{"tunnel":0},"geometry":{"type":"LineString","coordinates":[[139.7406,35.6789],[139.74103,35.67899],[139.74144,35.67908]]}},{"type":"Feature","properties":{"tunnel":0},"geometry":{"type":"LineString","coordinates":[[139.74167,35.67909],[139.74155,35.67906],[139.74144,35.67908]]}},{"type":"Feature","properties":{"tunnel":0},"geometry":{"type":"LineString","coordinates":[[139.74144,35.67908],[139.74145,35.67913],[139.74156,35.6792],[139.74167,35.67929]]}},{"type":"Feature","properties":{"tunnel":0},"geometry":{"type":"LineString","coordinates":[[139.74609,35.67928],[139.74597,35.67932],[139.74582,35.67937],[139.74568,35.67942],[139.74538,35.6795],[139.74524,35.67954],[139.74505,35.67959],[139.74501,35.67959],[139.74492,35.67961]]}},{"type":"Feature","properties":{"tunnel":0},"geometry":{"type":"LineString","coordinates":[[139.74452,35.67961],[139.74449,35.67961],[139.74437,35.6796],[139.74365,35.67946],[139.74312,35.67936],[139.7426,35.67926],[139.74192,35.67914],[139.74167,35.67909]]}},{"type":"Feature","properties":{"tunnel":0},"geometry":{"type":"LineString","coordinates":[[139.74167,35.67929],[139.74186,35.67945],[139.7419,35.6795],[139.74196,35.67961]]}},{"type":"Feature","properties":{"tunnel":1},"geometry":{"type":"LineString","coordinates":[[139.74609,35.67949],[139.74609,35.6795]]}},{"type":"Feature","properties":{"tunnel":1},"geometry":{"type":"LineString","coordinates":[[139.74609,35.6795],[139.74585,35.67961]]}},{"type":"Feature","properties":{"tunnel":1},"geometry":{"type":"LineString","coordinates":[[139.74167,35.67901],[139.74207,35.6791],[139.74221,35.67913],[139.74243,35.67918],[139.74301,35.67934],[139.74345,35.67945],[139.74413,35.67961]]}},{"type":"Feature","properties":{"tunnel":1},"geometry":{"type":"LineString","coordinates":[[139.74569,35.67961],[139.74609,35.67946]]}},{"type":"Feature","properties":{"tunnel":1},"geometry":{"type":"LineString","coordinates":[[139.74609,35.67939],[139.74578,35.67952],[139.74566,35.67961]]}},{"type":"Feature","properties":{"tunnel":0},"geometry":{"type":"LineString","coordinates":[[139.74333,35.67141],[139.74335,35.67142]]}},{"type":"Feature","properties":{"tunnel":0},"geometry":{"type":"LineString","coordinates":[[139.74387,35.67173],[139.74392,35.67175],[139.74411,35.67181]]}},{"type":"Feature","properties":{"tunnel":0},"geometry":{"type":"LineString","coordinates":[[139.74413,35.67181],[139.74416,35.67182],[139.74466,35.67193]]}},{"type":"Feature","properties":{"tunnel":0},"geometry":{"type":"LineString","coordinates":[[139.74411,35.67181],[139.74413,35.67181]]}},{"type":"Feature","properties":{"tunnel":0},"geometry":{"type":"LineString","coordinates":[[139.74367,35.67163],[139.74374,35.67167],[139.74387,35.67173]]}},{"type":"Feature","properties":{"tunnel":0},"geometry":{"type":"LineString","coordinates":[[139.74351,35.67154],[139.74354,35.67156],[139.7436,35.6716]]}},{"type":"Feature","properties":{"tunnel":0},"geometry":{"type":"LineString","coordinates":[[139.7436,35.6716],[139.74367,35.67163]]}},{"type":"Feature","properties":{"tunnel":0},"geometry":{"type":"LineString","coordinates":[[139.74335,35.67142],[139.74351,35.67154]]}},{"type":"Feature","properties":{"tunnel":0},"geometry":{"type":"LineString","coordinates":[[139.74333,35.67141],[139.74331,35.67139],[139.74327,35.67134],[139.74306,35.67115],[139.74295,35.67105],[139.74284,35.67095],[139.74265,35.67076],[139.74259,35.6707],[139.74257,35.67069]]}},{"type":"Feature","properties":{"tunnel":1},"geometry":{"type":"LineString","coordinates":[[139.74466,35.67193],[139.74528,35.67205]]}},{"type":"Feature","properties":{"tunnel":1},"geometry":{"type":"LineString","coordinates":[[139.74609,35.67219],[139.7459,35.67212],[139.74543,35.67203],[139.74528,35.67205]]}},{"type":"Feature","properties":{"tunnel":1},"geometry":{"type":"LineString","coordinates":[[139.74609,35.67243],[139.74595,35.67235],[139.7457,35.67225],[139.74541,35.67216],[139.74528,35.67205]]}},{"type":"Feature","properties":{"tunnel":0},"geometry":{"type":"LineString","coordinates":[[139.74167,35.66984],[139.74151,35.66969],[139.74146,35.66964],[139.74116,35.66934],[139.74077,35.66891],[139.74074,35.66888],[139.7407,35.66883],[139.74062,35.66874],[139.7406,35.66872]]}},{"type":"Feature","properties":{"tunnel":0},"geometry":{"type":"LineString","coordinates":[[139.74257,35.67069],[139.74235,35.67047],[139.74233,35.67046],[139.74215,35.67029],[139.74191,35.67007],[139.74181,35.66997],[139.74167,35.66984]]}},{"type":"Feature","properties":{"tunnel":1},"geometry":{"type":"LineString","coordinates":[[139.74534,35.67989],[139.74522,35.67996],[139.74493,35.68014],[139.74487,35.68021]]}},{"type":"Feature","properties":{"tunnel":1},"geometry":{"type":"LineString","coordinates":[[139.74534,35.67989],[139.74527,35.67997],[139.74497,35.68025],[139.74494,35.68029]]}},{"type":"Feature","properties":{"tunnel":0},"geometry":{"type":"LineString","coordinates":[[139.74492,35.67961],[139.74484,35.67962],[139.74467,35.67963],[139.74452,35.67961]]}},{"type":"Feature","properties":{"tunnel":1},"geometry":{"type":"LineString","coordinates":[[139.74386,35.68277],[139.74386,35.68297],[139.74387,35.68309]]}},{"type":"Feature","properties":{"tunnel":1},"geometry":{"type":"LineString","coordinates":[[139.74323,35.68267],[139.74363,35.68313],[139.74367,35.68318]]}},{"type":"Feature","properties":{"tunnel":1},"geometry":{"type":"LineString","coordinates":[[139.74387,35.68309],[139.74387,35.68333]]}},{"type":"Feature","properties":{"tunnel":1},"geometry":{"type":"LineString","coordinates":[[139.74367,35.68318],[139.74379,35.68333]]}},{"type":"Feature","properties":{"tunnel":1},"geometry":{"type":"LineString","coordinates":[[139.74487,35.68021],[139.74472,35.68036],[139.74449,35.68063],[139.74417,35.68115],[139.74408,35.68142],[139.74407,35.68144]]}},{"type":"Feature","properties":{"tunnel":1},"geometry":{"type":"LineString","coordinates":[[139.74494,35.68029],[139.74482,35.68043],[139.74461,35.68076],[139.74444,35.68104],[139.74436,35.68123],[139.7443,35.6814]]}},{"type":"Feature","properties":{"tunnel":1},"geometry":{"type":"LineString","coordinates":[[139.74295,35.68237],[139.743,35.68241],[139.74323,35.68267]]}},{"type":"Feature","properties":{"tunnel":1},"geometry":{"type":"LineString","coordinates":[[139.74558,35.67967],[139.74544,35.67979],[139.74542,35.67981]]}},{"type":"Feature","properties":{"tunnel":1},"geometry":{"type":"LineString","coordinates":[[139.74542,35.67981],[139.74534,35.67989]]}},{"type":"Feature","properties":{"tunnel":1},"geometry":{"type":"LineString","coordinates":[[139.74556,35.67977],[139.74534,35.67989]]}},{"type":"Feature","properties":{"tunnel":1},"geometry":{"type":"LineString","coordinates":[[139.74407,35.68144],[139.74399,35.68198],[139.74398,35.68215]]}},{"type":"Feature","properties":{"tunnel":1},"geometry":{"type":"LineString","coordinates":[[139.7443,35.6814],[139.74415,35.68201],[139.74405,35.68225]]}},{"type":"Feature","properties":{"tunnel":1},"geometry":{"type":"LineString","coordinates":[[139.74405,35.68225],[139.74393,35.68253],[139.74386,35.68277]]}},{"type":"Feature","properties":{"tunnel":1},"geometry":{"type":"LineString","coordinates":[[139.74232,35.68183],[139.74295,35.68237]]}},{"type":"Feature","properties":{"tunnel":0},"geometry":{"type":"LineString","coordinates":[[139.74196,35.67961],[139.74202,35.67972],[139.74205,35.67986],[139.74208,35.68001],[139.74208,35.68003],[139.74207,35.68019],[139.74207,35.68031],[139.74206,35.68054],[139.74204,35.68105],[139.74205,35.68115],[139.74205,35.68121],[139.74209,35.68137],[139.74217,35.68161]]}},{"type":"Feature","properties":{"tunnel":0},"geometry":{"type":"LineString","coordinates":[[139.74217,35.68161],[139.74219,35.68165]]}},{"type":"Feature","properties":{"tunnel":1},"geometry":{"type":"LineString","coordinates":[[139.74585,35.67961],[139.74574,35.67966],[139.74556,35.67977]]}},{"type":"Feature","properties":{"tunnel":1},"geometry":{"type":"LineString","coordinates":[[139.74413,35.67961],[139.74456,35.67971],[139.74507,35.67978],[139.74533,35.67975],[139.74545,35.6797],[139.74553,35.67967],[139.74569,35.67961]]}},{"type":"Feature","properties":{"tunnel":1},"geometry":{"type":"LineString","coordinates":[[139.74219,35.68165],[139.74225,35.68175],[139.74232,35.68183]]}},{"type":"Feature","properties":{"tunnel":1},"geometry":{"type":"LineString","coordinates":[[139.74398,35.68215],[139.74401,35.68265],[139.74407,35.68321],[139.74411,35.68333]]}},{"type":"Feature","properties":{"tunnel":1},"geometry":{"type":"LineString","coordinates":[[139.74566,35.67961],[139.74558,35.67967]]}},{"type":"Feature","properties":{"tunnel":1},"geometry":{"type":"LineString","coordinates":[[139.74387,35.68333],[139.74387,35.68345]]}},{"type":"Feature","properties":{"tunnel":1},"geometry":{"type":"LineString","coordinates":[[139.74379,35.68333],[139.74387,35.68345]]}},{"type":"Feature","properties":{"tunnel":1},"geometry":{"type":"LineString","coordinates":[[139.74387,35.68345],[139.74405,35.68407]]}},{"type":"Feature","properties":{"tunnel":1},"geometry":{"type":"LineString","coordinates":[[139.74422,35.68368],[139.74432,35.68407]]}},{"type":"Feature","properties":{"tunnel":1},"geometry":{"type":"LineString","coordinates":[[139.74411,35.68333],[139.74422,35.68368]]}},{"type":"Feature","properties":{"tunnel":1},"geometry":{"type":"LineString","coordinates":[[139.74537,35.68853],[139.74543,35.68864],[139.74552,35.68878]]}},{"type":"Feature","properties":{"tunnel":0},"geometry":{"type":"LineString","coordinates":[[139.74552,35.68878],[139.74576,35.68898]]}},{"type":"Feature","properties":{"tunnel":0},"geometry":{"type":"LineString","coordinates":[[139.74576,35.68898],[139.74591,35.68906],[139.74609,35.68912]]}},{"type":"Feature","properties":{"tunnel":0},"geometry":{"type":"LineString","coordinates":[[139.74566,35.68876],[139.74556,35.68864],[139.7455,35.68853]]}},{"type":"Feature","properties":{"tunnel":0},"geometry":{"type":"LineString","coordinates":[[139.74566,35.68876],[139.74578,35.68887],[139.74596,35.68897],[139.74609,35.68902]]}},{"type":"Feature","properties":{"tunnel":1},"geometry":{"type":"LineString","coordinates":[[139.74501,35.68735],[139.74507,35.68755],[139.74509,35.68762]]}},{"type":"Feature","properties":{"tunnel":1},"geometry":{"type":"LineString","coordinates":[[139.74518,35.68732],[139.74525,35.68759]]}},{"type":"Feature","properties":{"tunnel":1},"geometry":{"type":"LineString","coordinates":[[139.74486,35.68685],[139.74501,35.68735]]}},{"type":"Feature","properties":{"tunnel":1},"geometry":{"type":"LineString","coordinates":[[139.74505,35.68682],[139.74518,35.68732]]}},{"type":"Feature","properties":{"tunnel":1},"geometry":{"type":"LineString","coordinates":[[139.74472,35.68638],[139.74486,35.68685]]}},{"type":"Feature","properties":{"tunnel":1},"geometry":{"type":"LineString","coordinates":[[139.74405,35.68407],[139.74408,35.68417]]}},{"type":"Feature","properties":{"tunnel":1},"geometry":{"type":"LineString","coordinates":[[139.74408,35.68417],[139.74414,35.68438]]}},{"type":"Feature","properties":{"tunnel":1},"geometry":{"type":"LineString","coordinates":[[139.74414,35.68438],[139.74435,35.68511]]}},{"type":"Feature","properties":{"tunnel":1},"geometry":{"type":"LineString","coordinates":[[139.74432,35.68407],[139.74459,35.68509]]}},{"type":"Feature","properties":{"tunnel":1},"geometry":{"type":"LineString","coordinates":[[139.74435,35.68511],[139.74472,35.68638]]}},{"type":"Feature","properties":{"tunnel":1},"geometry":{"type":"LineString","coordinates":[[139.74459,35.68509],[139.74505,35.68682]]}},{"type":"Feature","properties":{"tunnel":1},"geometry":{"type":"LineString","coordinates":[[139.74525,35.68759],[139.74528,35.68771],[139.74532,35.68787]]}},{"type":"Feature","properties":{"tunnel":1},"geometry":{"type":"LineString","coordinates":[[139.74509,35.68762],[139.74515,35.6879]]}},{"type":"Feature","properties":{"tunnel":1},"geometry":{"type":"LineString","coordinates":[[139.74515,35.6879],[139.74529,35.68839],[139.74537,35.68853]]}},{"type":"Feature","properties":{"tunnel":1},"geometry":{"type":"LineString","coordinates":[[139.74532,35.68787],[139.74537,35.6881]]}},{"type":"Feature","properties":{"tunnel":0},"geometry":{"type":"LineString","coordinates":[[139.7455,35.68853],[139.74546,35.68847]]}},{"type":"Feature","properties":{"tunnel":1},"geometry":{"type":"LineString","coordinates":[[139.74537,35.6881],[139.7454,35.68821],[139.74546,35.68847]]}},{"type":"Feature","properties":{"tunnel":0},"geometry":{"type":"LineString","coordinates":[[139.74432,35.70485],[139.74442,35.7046],[139.7447,35.70382]]}},{"type":"Feature","properties":{"tunnel":0},"geometry":{"type":"LineString","coordinates":[[139.74492,35.70329],[139.74504,35.70321],[139.74523,35.7031],[139.74548,35.70301],[139.74568,35.70299]]}},{"type":"Feature","properties":{"tunnel":0},"geometry":{"type":"LineString","coordinates":[[139.74568,35.70299],[139.74579,35.70297],[139.74604,35.70296],[139.74609,35.70296]]}},{"type":"Feature","properties":{"tunnel":0},"geometry":{"type":"LineString","coordinates":[[139.74465,35.70364],[139.74468,35.70356],[139.74484,35.70336],[139.74492,35.70329]]}},{"type":"Feature","properties":{"tunnel":0},"geometry":{"type":"LineString","coordinates":[[139.74421,35.70483],[139.74437,35.70439],[139.74455,35.70389],[139.74465,35.70364]]}},{"type":"Feature","properties":{"tunnel":0},"geometry":{"type":"LineString","coordinates":[[139.74355,35.7063],[139.74397,35.7052]]}},{"type":"Feature","properties":{"tunnel":0},"geometry":{"type":"LineString","coordinates":[[139.74353,35.70638],[139.74355,35.7063]]}},{"type":"Feature","properties":{"tunnel":0},"geometry":{"type":"LineString","coordinates":[[139.7437,35.70638],[139.7437,35.70637],[139.7441,35.70524]]}},{"type":"Feature","properties":{"tunnel":0},"geometry":{"type":"LineString","coordinates":[[139.7441,35.70524],[139.74416,35.70524]]}},{"type":"Feature","properties":{"tunnel":0},"geometry":{"type":"LineString","coordinates":[[139.7441,35.70524],[139.74406,35.70522]]}},{"type":"Feature","properties":{"tunnel":0},"geometry":{"type":"LineString","coordinates":[[139.74416,35.70524],[139.74422,35.70508],[139.74432,35.70485]]}},{"type":"Feature","properties":{"tunnel":0},"geometry":{"type":"LineString","coordinates":[[139.74406,35.70522],[139.74413,35.70505],[139.7442,35.70488],[139.74421,35.70483]]}},{"type":"Feature","properties":{"tunnel":0},"geometry":{"type":"LineString","coordinates":[[139.7406,35.70832],[139.74167,35.70818]]}},{"type":"Feature","properties":{"tunnel":0},"geometry":{"type":"LineString","coordinates":[[139.74292,35.70793],[139.74308,35.70772]]}},{"type":"Feature","properties":{"tunnel":0},"geometry":{"type":"LineString","coordinates":[[139.74308,35.70772],[139.74313,35.70767],[139.74321,35.70743],[139.74328,35.70725],[139.74353,35.70638]]}},{"type":"Feature","properties":{"tunnel":0},"geometry":{"type":"LineString","coordinates":[[139.74315,35.70773],[139.74316,35.70773],[139.7433,35.70756],[139.74345,35.70727],[139.7437,35.70638]]}},{"type":"Feature","properties":{"tunnel":0},"geometry":{"type":"LineString","coordinates":[[139.74292,35.70793],[139.74315,35.70773]]}},{"type":"Feature","properties":{"tunnel":0},"geometry":{"type":"LineString","coordinates":[[139.74167,35.70818],[139.74257,35.70804],[139.74276,35.708],[139.74292,35.70793]]}},{"type":"Feature","properties":{"tunnel":0},"geometry":{"type":"LineString","coordinates":[[139.74135,35.75303],[139.74157,35.75323],[139.74167,35.75333]]}},{"type":"Feature","properties":{"tunnel":0},"geometry":{"type":"LineString","coordinates":[[139.7406,35.75256],[139.74077,35.75264]]}},{"type":"Feature","properties":{"tunnel":0},"geometry":{"type":"LineString","coordinates":[[139.74077,35.75264],[139.74094,35.75274]]}},{"type":"Feature","properties":{"tunnel":0},"geometry":{"type":"LineString","coordinates":[[139.74167,35.75355],[139.74166,35.75354],[139.74159,35.75345],[139.74154,35.7534],[139.74144,35.75329],[139.74124,35.75311]]}},{"type":"Feature","properties":{"tunnel":0},"geometry":{"type":"LineString","coordinates":[[139.74167,35.75315],[139.74157,35.75305],[139.74147,35.75296]]}},{"type":"Feature","properties":{"tunnel":0},"geometry":{"type":"LineString","coordinates":[[139.74124,35.75311],[139.74094,35.75274]]}},{"type":"Feature","properties":{"tunnel":0},"geometry":{"type":"LineString","coordinates":[[139.74147,35.75296],[139.74094,35.75274]]}},{"type":"Feature","properties":{"tunnel":0},"geometry":{"type":"LineString","coordinates":[[139.74094,35.75274],[139.74135,35.75303]]}},{"type":"Feature","properties":{"tunnel":0},"geometry":{"type":"LineString","coordinates":[[139.74167,35.75333],[139.74167,35.75334],[139.74184,35.75353],[139.74197,35.75372],[139.74205,35.75385],[139.74214,35.75402],[139.74225,35.75428],[139.74235,35.75462],[139.7424,35.75479],[139.74239,35.75479],[139.74245,35.75499],[139.74256,35.75536],[139.74258,35.75542],[139.74259,35.75543]]}},{"type":"Feature","properties":{"tunnel":0},"geometry":{"type":"LineString","coordinates":[[139.74257,35.75519],[139.74251,35.755]]}},{"type":"Feature","properties":{"tunnel":0},"geometry":{"type":"LineString","coordinates":[[139.74251,35.755],[139.74236,35.75451],[139.74229,35.75422]]}},{"type":"Feature","properties":{"tunnel":0},"geometry":{"type":"LineString","coordinates":[[139.74238,35.75534],[139.74233,35.75519]]}},{"type":"Feature","properties":{"tunnel":0},"geometry":{"type":"LineString","coordinates":[[139.74231,35.75511],[139.74221,35.75474],[139.74214,35.75449],[139.7421,35.75435],[139.74205,35.75419],[139.74202,35.75413],[139.74197,35.75402],[139.74193,35.75395],[139.74183,35.75378],[139.74178,35.75371],[139.74167,35.75355]]}},{"type":"Feature","properties":{"tunnel":0},"geometry":{"type":"LineString","coordinates":[[139.74229,35.75422],[139.74228,35.75419],[139.74223,35.75398],[139.74218,35.75386],[139.74212,35.75375],[139.74206,35.75366],[139.74194,35.75347],[139.74185,35.75336],[139.74179,35.75328],[139.74171,35.7532],[139.74167,35.75315]]}},{"type":"Feature","properties":{"tunnel":0},"geometry":{"type":"LineString","coordinates":[[139.74233,35.75519],[139.74231,35.75511]]}},{"type":"Feature","properties":{"tunnel":0},"geometry":{"type":"LineString","coordinates":[[139.74167,35.75587],[139.74165,35.75588],[139.74154,35.75596],[139.7406,35.75668]]}},{"type":"Feature","properties":{"tunnel":0},"geometry":{"type":"LineString","coordinates":[[139.7406,35.75676],[139.74108,35.75639],[139.74136,35.75616],[139.74143,35.75609],[139.74162,35.75594],[139.74167,35.7559],[139.74167,35.7559]]}},{"type":"Feature","properties":{"tunnel":0},"geometry":{"type":"LineString","coordinates":[[139.74224,35.75557],[139.7421,35.7556],[139.74198,35.75565],[139.7419,35.7557],[139.74183,35.75575],[139.74167,35.75587]]}},{"type":"Feature","properties":{"tunnel":0},"geometry":{"type":"LineString","coordinates":[[139.74563,35.75723],[139.74536,35.75706],[139.74471,35.75684],[139.74426,35.75668],[139.7437,35.75645],[139.74344,35.7563],[139.74324,35.75615],[139.74299,35.75595],[139.7428,35.75577],[139.74259,35.75563],[139.74242,35.75558],[139.74233,35.75557],[139.74224,35.75557]]}},{"type":"Feature","properties":{"tunnel":0},"geometry":{"type":"LineString","coordinates":[[139.74609,35.75739],[139.74603,35.75736],[139.74563,35.75723]]}},{"type":"Feature","properties":{"tunnel":0},"geometry":{"type":"LineString","coordinates":[[139.74563,35.75723],[139.74515,35.75709],[139.74468,35.75695],[139.74438,35.75684],[139.74435,35.75683]]}},{"type":"Feature","properties":{"tunnel":0},"geometry":{"type":"LineString","coordinates":[[139.74435,35.75683],[139.74413,35.75676],[139.7438,35.75664],[139.74367,35.75659],[139.74353,35.75651],[139.74349,35.75649]]}},{"type":"Feature","properties":{"tunnel":0},"geometry":{"type":"LineString","coordinates":[[139.74167,35.7559],[139.74192,35.75572],[139.74202,35.75566],[139.7421,35.75562],[139.7422,35.75562],[139.74229,35.75562],[139.74237,35.75564],[139.74248,35.7557],[139.7426,35.75582],[139.74274,35.75601],[139.74285,35.75614],[139.74305,35.75633],[139.74326,35.75647],[139.74356,35.75664],[139.74365,35.75667]]}},{"type":"Feature","properties":{"tunnel":0},"geometry":{"type":"LineString","coordinates":[[139.74411,35.7568],[139.74435,35.75683]]}},{"type":"Feature","properties":{"tunnel":0},"geometry":{"type":"LineString","coordinates":[[139.74365,35.75667],[139.74397,35.75678],[139.74411,35.7568]]}},{"type":"Feature","properties":{"tunnel":0},"geometry":{"type":"LineString","coordinates":[[139.74259,35.75543],[139.74262,35.75551],[139.74265,35.75557],[139.74266,35.75561],[139.74271,35.75573]]}},{"type":"Feature","properties":{"tunnel":0},"geometry":{"type":"LineString","coordinates":[[139.74271,35.75573],[139.74272,35.75576],[139.74275,35.75581],[139.74278,35.75587],[139.74289,35.756],[139.74294,35.75606],[139.74301,35.75613],[139.74311,35.75622],[139.74318,35.75629],[139.74328,35.75636],[139.74343,35.75646],[139.74349,35.75649]]}},{"type":"Feature","properties":{"tunnel":0},"geometry":{"type":"LineString","coordinates":[[139.74609,35.77886],[139.74608,35.77887]]}},{"type":"Feature","properties":{"tunnel":0},"geometry":{"type":"LineString","coordinates":[[139.74609,35.77876],[139.74581,35.77915],[139.74573,35.77926],[139.74559,35.7795],[139.74545,35.77986],[139.74535,35.78021],[139.74531,35.78048],[139.74528,35.78078],[139.74528,35.78104],[139.7453,35.78134],[139.74538,35.78176],[139.74551,35.78213],[139.74553,35.78217]]}},{"type":"Feature","properties":{"tunnel":0},"geometry":{"type":"LineString","coordinates":[[139.74609,35.77875],[139.74608,35.77887]]}},{"type":"Feature","properties":{"tunnel":0},"geometry":{"type":"LineString","coordinates":[[139.74608,35.77887],[139.74582,35.77928],[139.74565,35.77962],[139.74548,35.78014],[139.74545,35.78024],[139.7454,35.7806],[139.74538,35.78098],[139.7454,35.78122],[139.74546,35.78159],[139.74549,35.78174],[139.74555,35.78195],[139.74563,35.78216],[139.74563,35.78217]]}},{"type":"Feature","properties":{"tunnel":0},"geometry":{"type":"LineString","coordinates":[[139.74609,35.77902],[139.74601,35.77915]]}},{"type":"Feature","properties":{"tunnel":0},"geometry":{"type":"LineString","coordinates":[[139.74601,35.77915],[139.74591,35.77931],[139.7458,35.77954],[139.74572,35.77972],[139.74564,35.77995],[139.74557,35.78023],[139.74554,35.7804],[139.74551,35.78061],[139.74551,35.78103],[139.74553,35.78131],[139.7456,35.7817],[139.74569,35.78199],[139.74576,35.78217]]}},{"type":"Feature","properties":{"tunnel":0},"geometry":{"type":"LineString","coordinates":[[139.74553,35.78217],[139.74581,35.78275],[139.74609,35.78319]]}},{"type":"Feature","properties":{"tunnel":0},"geometry":{"type":"LineString","coordinates":[[139.74563,35.78217],[139.74578,35.78249],[139.746,35.78287],[139.74609,35.78301]]}},{"type":"Feature","properties":{"tunnel":0},"geometry":{"type":"LineString","coordinates":[[139.74576,35.78217],[139.74579,35.78223],[139.74589,35.78246],[139.74599,35.78265],[139.74609,35.78281]]}},{"type":"Feature","properties":{"tunnel":0},"geometry":{"type":"LineString","coordinates":[[139.73511,35.52531],[139.73595,35.5259],[139.73659,35.52638],[139.73675,35.52653],[139.73688,35.52669],[139.73702,35.52687],[139.73716,35.52708],[139.73731,35.5273],[139.7374,35.52745],[139.73758,35.52776]]}},{"type":"Feature","properties":{"tunnel":0},"geometry":{"type":"LineString","coordinates":[[139.73758,35.52776],[139.73775,35.52802],[139.73833,35.52889],[139.73851,35.52917],[139.7392,35.53024],[139.73994,35.53146],[139.74042,35.53223]]}},{"type":"Feature","properties":{"tunnel":0},"geometry":{"type":"LineString","coordinates":[[139.74042,35.53223],[139.7406,35.53251]]}},{"type":"Feature","properties":{"tunnel":1},"geometry":{"type":"LineString","coordinates":[[139.7406,35.53737],[139.74047,35.53738],[139.73904,35.5374]]}},{"type":"Feature","properties":{"tunnel":0},"geometry":{"type":"LineString","coordinates":[[139.73784,35.53926],[139.73796,35.53935],[139.73813,35.53943],[139.73831,35.53944],[139.73857,35.5394],[139.73872,35.53937],[139.73895,35.53937],[139.73909,35.53941],[139.7392,35.53947],[139.73928,35.53959],[139.73932,35.53972],[139.7393,35.53983],[139.73925,35.53991],[139.73917,35.53999],[139.73912,35.54007]]}},{"type":"Feature","properties":{"tunnel":0},"geometry":{"type":"LineString","coordinates":[[139.73959,35.53981],[139.73963,35.53962],[139.73966,35.53902],[139.73969,35.53892]]}},{"type":"Feature","properties":{"tunnel":0},"geometry":{"type":"LineString","coordinates":[[139.73969,35.53892],[139.73974,35.53904],[139.73989,35.53958],[139.73989,35.53972],[139.73984,35.53989],[139.73977,35.54003],[139.73966,35.54014],[139.73949,35.54027],[139.73933,35.54034],[139.73901,35.54044],[139.73876,35.54047],[139.73857,35.54048],[139.73839,35.54046],[139.73826,35.54043],[139.73815,35.54039],[139.73808,35.54033],[139.73802,35.54027],[139.73798,35.5402],[139.73795,35.5401],[139.73794,35.53999],[139.73795,35.53975],[139.73792,35.5396],[139.7379,35.53947],[139.73787,35.53937],[139.73784,35.53926]]}},{"type":"Feature","properties":{"tunnel":0},"geometry":{"type":"LineString","coordinates":[[139.73912,35.54007],[139.73927,35.54003],[139.73933,35.53996],[139.73941,35.53985],[139.73947,35.53974],[139.73952,35.53953],[139.73954,35.5392],[139.73953,35.53897]]}},{"type":"Feature","properties":{"tunnel":0},"geometry":{"type":"LineString","coordinates":[[139.73953,35.53897],[139.73941,35.53916],[139.73928,35.53924],[139.73916,35.53928],[139.73904,35.53928],[139.73883,35.53927],[139.73862,35.53925],[139.73849,35.5392]]}},{"type":"Feature","properties":{"tunnel":0},"geometry":{"type":"LineString","coordinates":[[139.73849,35.5392],[139.73869,35.53919],[139.73881,35.53916],[139.73889,35.53911],[139.73896,35.53905],[139.73901,35.53898],[139.73904,35.53892],[139.73904,35.53885],[139.73903,35.53876],[139.73899,35.53868],[139.7389,35.53858],[139.73879,35.53851],[139.73855,35.53833],[139.73848,35.53825],[139.73844,35.53817],[139.73842,35.53811],[139.73843,35.53803],[139.73845,35.53792],[139.73852,35.53783],[139.73863,35.53773]]}},{"type":"Feature","properties":{"tunnel":0},"geometry":{"type":"LineString","coordinates":[[139.73863,35.53773],[139.73841,35.53781],[139.73832,35.53787],[139.73822,35.53798],[139.73816,35.5381]]}},{"type":"Feature","properties":{"tunnel":0},"geometry":{"type":"LineString","coordinates":[[139.73816,35.5381],[139.73812,35.53832],[139.73814,35.53847],[139.73821,35.53862],[139.73831,35.53874],[139.73845,35.53884],[139.7386,35.53893],[139.73878,35.53897],[139.73892,35.53899],[139.73917,35.53898],[139.73938,35.53895],[139.7406,35.53869]]}},{"type":"Feature","properties":{"tunnel":1},"geometry":{"type":"LineString","coordinates":[[139.73904,35.5374],[139.73865,35.53741],[139.73833,35.53747],[139.73813,35.53756],[139.73799,35.53768],[139.73786,35.53789],[139.73783,35.53806],[139.73786,35.53912],[139.73787,35.53957],[139.73792,35.53976],[139.73799,35.53993],[139.73806,35.54003],[139.73814,35.54011]]}},{"type":"Feature","properties":{"tunnel":1},"geometry":{"type":"LineString","coordinates":[[139.73829,35.53999],[139.73819,35.53989],[139.73813,35.53976],[139.73808,35.53955],[139.73803,35.53877],[139.73802,35.53809],[139.73806,35.53789],[139.73813,35.53772],[139.73822,35.53761],[139.73835,35.53753],[139.73904,35.5374]]}},{"type":"Feature","properties":{"tunnel":0},"geometry":{"type":"LineString","coordinates":[[139.7377,35.53757],[139.7377,35.53766],[139.73773,35.53872],[139.73775,35.53905],[139.73777,35.53913],[139.73784,35.53926]]}},{"type":"Feature","properties":{"tunnel":0},"geometry":{"type":"LineString","coordinates":[[139.73912,35.54007],[139.73897,35.54015],[139.73883,35.54018],[139.73869,35.54018],[139.73854,35.54016],[139.73843,35.54011],[139.73838,35.54008],[139.73829,35.53999]]}},{"type":"Feature","properties":{"tunnel":0},"geometry":{"type":"LineString","coordinates":[[139.73814,35.54011],[139.73831,35.54022],[139.73847,35.54029],[139.73864,35.54032],[139.73882,35.54032],[139.739,35.54029],[139.73921,35.54023],[139.73935,35.54014],[139.73945,35.54004],[139.73954,35.53991],[139.73959,35.53981]]}},{"type":"Feature","properties":{"tunnel":0},"geometry":{"type":"LineString","coordinates":[[139.73849,35.5392],[139.73829,35.53917],[139.73816,35.53913],[139.73805,35.53906],[139.73796,35.53896],[139.73791,35.53883],[139.73787,35.53872],[139.73783,35.53767],[139.73783,35.53758]]}},{"type":"Feature","properties":{"tunnel":0},"geometry":{"type":"LineString","coordinates":[[139.73863,35.53773],[139.73876,35.5377],[139.73892,35.5377],[139.73907,35.53771],[139.73923,35.53776],[139.73936,35.53784],[139.73945,35.53792],[139.73955,35.53803],[139.73962,35.53816],[139.73965,35.53827]]}},{"type":"Feature","properties":{"tunnel":0},"geometry":{"type":"LineString","coordinates":[[139.73965,35.53827],[139.73969,35.53843],[139.73969,35.53857],[139.73969,35.53892]]}},{"type":"Feature","properties":{"tunnel":0},"geometry":{"type":"LineString","coordinates":[[139.73953,35.53897],[139.73955,35.53865]]}},{"type":"Feature","properties":{"tunnel":0},"geometry":{"type":"LineString","coordinates":[[139.73955,35.53865],[139.73955,35.53837],[139.73952,35.53821],[139.73944,35.53808],[139.73933,35.53794],[139.73919,35.53786],[139.73902,35.53781],[139.73881,35.53781],[139.73867,35.53783],[139.73854,35.53788],[139.73839,35.53798],[139.7383,35.53811],[139.73824,35.53825],[139.73824,35.53841],[139.73831,35.53857],[139.73842,35.53871],[139.73857,35.53881],[139.73873,35.53887],[139.7389,35.5389],[139.73914,35.53891],[139.73941,35.53887],[139.7406,35.53861]]}},{"type":"Feature","properties":{"tunnel":0},"geometry":{"type":"LineString","coordinates":[[139.73996,35.58826],[139.74038,35.58791],[139.74053,35.58778],[139.7406,35.58772]]}},{"type":"Feature","properties":{"tunnel":0},"geometry":{"type":"LineString","coordinates":[[139.73597,35.59032],[139.73596,35.59012],[139.7359,35.58895]]}},{"type":"Feature","properties":{"tunnel":0},"geometry":{"type":"LineString","coordinates":[[139.7359,35.58895],[139.73588,35.58843]]}},{"type":"Feature","properties":{"tunnel":0},"geometry":{"type":"LineString","coordinates":[[139.7386,35.59032],[139.7386,35.5903],[139.73861,35.59001],[139.73863,35.58986],[139.73865,35.58976],[139.73867,35.58967],[139.73874,35.5895],[139.73886,35.58924],[139.73908,35.589],[139.7393,35.58879],[139.73976,35.58842],[139.73996,35.58826]]}},{"type":"Feature","properties":{"tunnel":0},"geometry":{"type":"LineString","coordinates":[[139.73867,35.59143],[139.73854,35.59142],[139.73843,35.5914],[139.73759,35.59139]]}},{"type":"Feature","properties":{"tunnel":0},"geometry":{"type":"LineString","coordinates":[[139.73912,35.59167],[139.73907,35.59162],[139.73889,35.59152],[139.73876,35.59146],[139.73867,35.59143]]}},{"type":"Feature","properties":{"tunnel":0},"geometry":{"type":"LineString","coordinates":[[139.73927,35.59167],[139.73892,35.59121],[139.73878,35.59095],[139.73878,35.59094]]}},{"type":"Feature","properties":{"tunnel":0},"geometry":{"type":"LineString","coordinates":[[139.73759,35.59139],[139.73692,35.59138],[139.73648,35.59136],[139.73637,35.59131],[139.73625,35.59125],[139.73611,35.59112],[139.73602,35.59094],[139.73597,35.59032]]}},{"type":"Feature","properties":{"tunnel":0},"geometry":{"type":"LineString","coordinates":[[139.73878,35.59094],[139.73866,35.59064],[139.7386,35.59032]]}},{"type":"Feature","properties":{"tunnel":0},"geometry":{"type":"LineString","coordinates":[[139.73947,35.59195],[139.73922,35.59176],[139.73912,35.59167]]}},{"type":"Feature","properties":{"tunnel":0},"geometry":{"type":"LineString","coordinates":[[139.73947,35.59195],[139.73935,35.59177],[139.73927,35.59167]]}},{"type":"Feature","properties":{"tunnel":0},"geometry":{"type":"LineString","coordinates":[[139.7406,35.59355],[139.73999,35.59272],[139.73973,35.59234],[139.73947,35.59195]]}},{"type":"Feature","properties":{"tunnel":1},"geometry":{"type":"LineString","coordinates":[[139.7406,35.61588],[139.74045,35.61585],[139.74026,35.6158],[139.74006,35.61576],[139.73983,35.61573],[139.73963,35.61571],[139.73941,35.6157],[139.73921,35.61569],[139.73898,35.61568],[139.73868,35.61568],[139.73838,35.61567],[139.73807,35.61567],[139.73775,35.61567],[139.73747,35.61567],[139.73725,35.61568],[139.73701,35.6157],[139.73676,35.61575],[139.7365,35.61582],[139.73628,35.61589],[139.73603,35.61599],[139.73583,35.61609],[139.73564,35.6162],[139.73543,35.61634],[139.73522,35.61651],[139.73511,35.61662]]}},{"type":"Feature","properties":{"tunnel":1},"geometry":{"type":"LineString","coordinates":[[139.7406,35.61604],[139.74054,35.61603],[139.74033,35.61598],[139.74012,35.61593],[139.73994,35.6159],[139.73975,35.61588],[139.73955,35.61587],[139.73872,35.61584],[139.73807,35.61582],[139.73772,35.61581],[139.73745,35.61582],[139.73721,35.61584],[139.73694,35.61588],[139.73667,35.61594],[139.73645,35.61601],[139.73624,35.61609],[139.73601,35.61619],[139.7358,35.6163],[139.73561,35.61643],[139.7354,35.61659],[139.73532,35.61667]]}},{"type":"Feature","properties":{"tunnel":1},"geometry":{"type":"LineString","coordinates":[[139.73532,35.61667],[139.73523,35.61675],[139.73511,35.61688]]}},{"type":"Feature","properties":{"tunnel":0},"geometry":{"type":"LineString","coordinates":[[139.73724,35.64837],[139.73725,35.64839],[139.73732,35.64855]]}},{"type":"Feature","properties":{"tunnel":0},"geometry":{"type":"LineString","coordinates":[[139.73732,35.64855],[139.73754,35.64904],[139.73766,35.64931],[139.73772,35.64959],[139.73772,35.64983],[139.73767,35.65]]}},{"type":"Feature","properties":{"tunnel":0},"geometry":{"type":"LineString","coordinates":[[139.73712,35.6526],[139.73714,35.65242]]}},{"type":"Feature","properties":{"tunnel":0},"geometry":{"type":"LineString","coordinates":[[139.73714,35.65283],[139.73711,35.65268],[139.73712,35.6526]]}},{"type":"Feature","properties":{"tunnel":0},"geometry":{"type":"LineString","coordinates":[[139.73767,35.65],[139.73766,35.65005],[139.73738,35.65117],[139.73718,35.65189]]}},{"type":"Feature","properties":{"tunnel":0},"geometry":{"type":"LineString","coordinates":[[139.73718,35.65189],[139.73711,35.65215],[139.73706,35.65236],[139.73706,35.65242]]}},{"type":"Feature","properties":{"tunnel":0},"geometry":{"type":"LineString","coordinates":[[139.73706,35.65242],[139.73705,35.65253],[139.73705,35.65266]]}},{"type":"Feature","properties":{"tunnel":0},"geometry":{"type":"LineString","coordinates":[[139.73721,35.65211],[139.73718,35.65189]]}},{"type":"Feature","properties":{"tunnel":0},"geometry":{"type":"LineString","coordinates":[[139.73714,35.65242],[139.73715,35.65237],[139.73721,35.65211]]}},{"type":"Feature","properties":{"tunnel":0},"geometry":{"type":"LineString","coordinates":[[139.73705,35.65266],[139.7371,35.65283]]}},{"type":"Feature","properties":{"tunnel":0},"geometry":{"type":"LineString","coordinates":[[139.73643,35.64676],[139.73655,35.64688],[139.73672,35.6471],[139.73696,35.64766],[139.73703,35.64787],[139.73724,35.64837]]}},{"type":"Feature","properties":{"tunnel":0},"geometry":{"type":"LineString","coordinates":[[139.73577,35.64649],[139.73593,35.64652],[139.73609,35.64656]]}},{"type":"Feature","properties":{"tunnel":0},"geometry":{"type":"LineString","coordinates":[[139.73609,35.64656],[139.73618,35.6466],[139.73623,35.64662],[139.73627,35.64664],[139.73643,35.64676]]}},{"type":"Feature","properties":{"tunnel":0},"geometry":{"type":"LineString","coordinates":[[139.73511,35.64651],[139.73544,35.64648],[139.73577,35.64649]]}},{"type":"Feature","properties":{"tunnel":0},"geometry":{"type":"LineString","coordinates":[[139.73702,35.65641],[139.73709,35.6563]]}},{"type":"Feature","properties":{"tunnel":0},"geometry":{"type":"LineString","coordinates":[[139.73712,35.65653],[139.73721,35.65632]]}},{"type":"Feature","properties":{"tunnel":0},"geometry":{"type":"LineString","coordinates":[[139.73754,35.65565],[139.73764,35.65542],[139.73765,35.65532]]}},{"type":"Feature","properties":{"tunnel":0},"geometry":{"type":"LineString","coordinates":[[139.73753,35.65546],[139.7376,35.65525]]}},{"type":"Feature","properties":{"tunnel":0},"geometry":{"type":"LineString","coordinates":[[139.7376,35.65525],[139.73763,35.65495]]}},{"type":"Feature","properties":{"tunnel":0},"geometry":{"type":"LineString","coordinates":[[139.73717,35.65614],[139.73742,35.65571],[139.73753,35.65546]]}},{"type":"Feature","properties":{"tunnel":0},"geometry":{"type":"LineString","coordinates":[[139.73709,35.6563],[139.73717,35.65614]]}},{"type":"Feature","properties":{"tunnel":0},"geometry":{"type":"LineString","coordinates":[[139.73763,35.65495],[139.73764,35.65476]]}},{"type":"Feature","properties":{"tunnel":0},"geometry":{"type":"LineString","coordinates":[[139.73721,35.65632],[139.73741,35.65592],[139.73754,35.65565]]}},{"type":"Feature","properties":{"tunnel":0},"geometry":{"type":"LineString","coordinates":[[139.73698,35.65654],[139.73702,35.65641]]}},{"type":"Feature","properties":{"tunnel":0},"geometry":{"type":"LineString","coordinates":[[139.73692,35.65678],[139.73693,35.65671],[139.73698,35.65654]]}},{"type":"Feature","properties":{"tunnel":0},"geometry":{"type":"LineString","coordinates":[[139.73713,35.65668],[139.73716,35.65662],[139.73726,35.65645],[139.73732,35.65635],[139.73738,35.65624]]}},{"type":"Feature","properties":{"tunnel":0},"geometry":{"type":"LineString","coordinates":[[139.73709,35.65671],[139.73713,35.65668]]}},{"type":"Feature","properties":{"tunnel":0},"geometry":{"type":"LineString","coordinates":[[139.73694,35.65682],[139.73692,35.65678]]}},{"type":"Feature","properties":{"tunnel":0},"geometry":{"type":"LineString","coordinates":[[139.73703,35.65667],[139.73712,35.65653]]}},{"type":"Feature","properties":{"tunnel":0},"geometry":{"type":"LineString","coordinates":[[139.73765,35.65532],[139.73764,35.65505],[139.73763,35.655]]}},{"type":"Feature","properties":{"tunnel":0},"geometry":{"type":"LineString","coordinates":[[139.73694,35.65682],[139.73703,35.65667]]}},{"type":"Feature","properties":{"tunnel":0},"geometry":{"type":"LineString","coordinates":[[139.73738,35.65624],[139.73742,35.65618],[139.73748,35.65608],[139.7376,35.65597],[139.73772,35.65589],[139.73791,35.65579],[139.73808,35.65574]]}},{"type":"Feature","properties":{"tunnel":0},"geometry":{"type":"LineString","coordinates":[[139.73763,35.655],[139.73754,35.65442],[139.73746,35.65383]]}},{"type":"Feature","properties":{"tunnel":0},"geometry":{"type":"LineString","coordinates":[[139.73687,35.65695],[139.73697,35.65687],[139.73709,35.65671]]}},{"type":"Feature","properties":{"tunnel":0},"geometry":{"type":"LineString","coordinates":[[139.73746,35.65383],[139.73742,35.65358],[139.73717,35.65295],[139.73714,35.65283]]}},{"type":"Feature","properties":{"tunnel":0},"geometry":{"type":"LineString","coordinates":[[139.73808,35.65574],[139.7382,35.6557],[139.73838,35.65565],[139.73903,35.65557]]}},{"type":"Feature","properties":{"tunnel":0},"geometry":{"type":"LineString","coordinates":[[139.73764,35.65476],[139.73783,35.65504],[139.73795,35.65519],[139.73804,35.65528],[139.73816,35.65535]]}},{"type":"Feature","properties":{"tunnel":0},"geometry":{"type":"LineString","coordinates":[[139.73903,35.65557],[139.73926,35.65554]]}},{"type":"Feature","properties":{"tunnel":0},"geometry":{"type":"LineString","coordinates":[[139.73746,35.65395],[139.7375,35.65412]]}},{"type":"Feature","properties":{"tunnel":0},"geometry":{"type":"LineString","coordinates":[[139.73816,35.65535],[139.73822,35.65539],[139.73839,35.65546],[139.73859,35.65551],[139.73903,35.65557]]}},{"type":"Feature","properties":{"tunnel":0},"geometry":{"type":"LineString","coordinates":[[139.73926,35.65554],[139.73973,35.65549],[139.74015,35.65545],[139.7406,35.65533]]}},{"type":"Feature","properties":{"tunnel":0},"geometry":{"type":"LineString","coordinates":[[139.7375,35.65412],[139.73752,35.6542],[139.73764,35.65476]]}},{"type":"Feature","properties":{"tunnel":0},"geometry":{"type":"LineString","coordinates":[[139.73668,35.6573],[139.73671,35.65724]]}},{"type":"Feature","properties":{"tunnel":0},"geometry":{"type":"LineString","coordinates":[[139.73671,35.65724],[139.73687,35.65695]]}},{"type":"Feature","properties":{"tunnel":0},"geometry":{"type":"LineString","coordinates":[[139.73687,35.65695],[139.73694,35.65682]]}},{"type":"Feature","properties":{"tunnel":0},"geometry":{"type":"LineString","coordinates":[[139.7371,35.65283],[139.73712,35.65293],[139.7374,35.65358],[139.73744,35.65385],[139.73746,35.65395]]}},{"type":"Feature","properties":{"tunnel":0},"geometry":{"type":"LineString","coordinates":[[139.73648,35.65833],[139.73647,35.6583],[139.73645,35.65809],[139.73645,35.65807]]}},{"type":"Feature","properties":{"tunnel":0},"geometry":{"type":"LineString","coordinates":[[139.73652,35.65771],[139.73657,35.65756],[139.73663,35.65741],[139.73668,35.6573]]}},{"type":"Feature","properties":{"tunnel":0},"geometry":{"type":"LineString","coordinates":[[139.73645,35.65807],[139.73647,35.65788],[139.73652,35.65771]]}},{"type":"Feature","properties":{"tunnel":0},"geometry":{"type":"LineString","coordinates":[[139.73798,35.66176],[139.73789,35.66135],[139.73784,35.66124]]}},{"type":"Feature","properties":{"tunnel":0},"geometry":{"type":"LineString","coordinates":[[139.73757,35.66078],[139.73749,35.66067],[139.73725,35.66037]]}},{"type":"Feature","properties":{"tunnel":0},"geometry":{"type":"LineString","coordinates":[[139.73784,35.66124],[139.73767,35.66092],[139.73757,35.66078]]}},{"type":"Feature","properties":{"tunnel":0},"geometry":{"type":"LineString","coordinates":[[139.73658,35.65893],[139.73648,35.65842],[139.73648,35.65833]]}},{"type":"Feature","properties":{"tunnel":0},"geometry":{"type":"LineString","coordinates":[[139.73725,35.66037],[139.73697,35.66001],[139.73685,35.65984],[139.73665,35.65933]]}},{"type":"Feature","properties":{"tunnel":0},"geometry":{"type":"LineString","coordinates":[[139.73665,35.65933],[139.73661,35.65908],[139.73658,35.65893]]}},{"type":"Feature","properties":{"tunnel":0},"geometry":{"type":"LineString","coordinates":[[139.7372,35.66582],[139.73765,35.66596],[139.7379,35.66601],[139.73811,35.66601],[139.73834,35.66597],[139.7385,35.66591],[139.73862,35.66583],[139.73874,35.66571]]}},{"type":"Feature","properties":{"tunnel":0},"geometry":{"type":"LineString","coordinates":[[139.7388,35.66505],[139.73874,35.6648]]}},{"type":"Feature","properties":{"tunnel":0},"geometry":{"type":"LineString","coordinates":[[139.73814,35.66248],[139.73801,35.66189]]}},{"type":"Feature","properties":{"tunnel":0},"geometry":{"type":"LineString","coordinates":[[139.73831,35.6631],[139.73819,35.66268],[139.73814,35.66248]]}},{"type":"Feature","properties":{"tunnel":0},"geometry":{"type":"LineString","coordinates":[[139.73849,35.66373],[139.73845,35.66356],[139.73831,35.6631]]}},{"type":"Feature","properties":{"tunnel":0},"geometry":{"type":"LineString","coordinates":[[139.73867,35.6645],[139.73856,35.66406],[139.73849,35.66373]]}},{"type":"Feature","properties":{"tunnel":0},"geometry":{"type":"LineString","coordinates":[[139.73801,35.66189],[139.738,35.66187],[139.73798,35.66176]]}},{"type":"Feature","properties":{"tunnel":0},"geometry":{"type":"LineString","coordinates":[[139.73884,35.66533],[139.73884,35.66528],[139.73882,35.66513],[139.7388,35.66505]]}},{"type":"Feature","properties":{"tunnel":0},"geometry":{"type":"LineString","coordinates":[[139.73874,35.6648],[139.73867,35.6645]]}},{"type":"Feature","properties":{"tunnel":0},"geometry":{"type":"LineString","coordinates":[[139.73897,35.66622],[139.73896,35.66619],[139.73891,35.66579]]}},{"type":"Feature","properties":{"tunnel":0},"geometry":{"type":"LineString","coordinates":[[139.73754,35.66606],[139.73778,35.66622]]}},{"type":"Feature","properties":{"tunnel":0},"geometry":{"type":"LineString","coordinates":[[139.73891,35.66579],[139.73886,35.6655]]}},{"type":"Feature","properties":{"tunnel":0},"geometry":{"type":"LineString","coordinates":[[139.7372,35.66582],[139.73754,35.66606]]}},{"type":"Feature","properties":{"tunnel":0},"geometry":{"type":"LineString","coordinates":[[139.73511,35.66468],[139.73528,35.66477],[139.73588,35.66509],[139.73646,35.6654]]}},{"type":"Feature","properties":{"tunnel":0},"geometry":{"type":"LineString","coordinates":[[139.73874,35.66571],[139.73886,35.6655]]}},{"type":"Feature","properties":{"tunnel":0},"geometry":{"type":"LineString","coordinates":[[139.73886,35.6655],[139.73885,35.66542],[139.73884,35.66533]]}},{"type":"Feature","properties":{"tunnel":0},"geometry":{"type":"LineString","coordinates":[[139.73646,35.6654],[139.73663,35.66549],[139.73704,35.66573],[139.7372,35.66582]]}},{"type":"Feature","properties":{"tunnel":0},"geometry":{"type":"LineString","coordinates":[[139.73907,35.66667],[139.73902,35.66648],[139.73897,35.66622]]}},{"type":"Feature","properties":{"tunnel":0},"geometry":{"type":"LineString","coordinates":[[139.73778,35.66622],[139.73843,35.66667]]}},{"type":"Feature","properties":{"tunnel":0},"geometry":{"type":"LineString","coordinates":[[139.7393,35.66728],[139.73929,35.66716],[139.73921,35.667],[139.73914,35.66684],[139.7391,35.66674],[139.73907,35.66667]]}},{"type":"Feature","properties":{"tunnel":0},"geometry":{"type":"LineString","coordinates":[[139.7393,35.66728],[139.73923,35.66725],[139.73917,35.66723],[139.73878,35.66693],[139.73867,35.66685],[139.73843,35.66667]]}},{"type":"Feature","properties":{"tunnel":0},"geometry":{"type":"LineString","coordinates":[[139.7406,35.66872],[139.74042,35.66854],[139.74041,35.66852],[139.74023,35.66832],[139.74008,35.66816],[139.73968,35.66771],[139.7393,35.66728]]}},{"type":"Feature","properties":{"tunnel":0},"geometry":{"type":"LineString","coordinates":[[139.73723,35.67878],[139.73751,35.6788],[139.73767,35.67879],[139.73785,35.67877]]}},{"type":"Feature","properties":{"tunnel":1},"geometry":{"type":"LineString","coordinates":[[139.73785,35.67877],[139.73831,35.6787],[139.73889,35.67862],[139.73925,35.67861],[139.73989,35.67866],[139.7406,35.6788]]}},{"type":"Feature","properties":{"tunnel":0},"geometry":{"type":"LineString","coordinates":[[139.73511,35.67848],[139.73529,35.67845],[139.73559,35.67843],[139.73589,35.67842],[139.73602,35.67843],[139.73614,35.67844],[139.73643,35.67845],[139.73696,35.67849],[139.73809,35.67857],[139.73863,35.67862],[139.739,35.67865],[139.73962,35.67871],[139.74,35.67877],[139.7406,35.6789]]}},{"type":"Feature","properties":{"tunnel":0},"geometry":{"type":"LineString","coordinates":[[139.73511,35.67849],[139.73527,35.6785],[139.73555,35.67854],[139.7365,35.67868],[139.73682,35.67872],[139.73723,35.67878]]}},{"type":"Feature","properties":{"tunnel":0},"geometry":{"type":"LineString","coordinates":[[139.74049,35.70833],[139.74049,35.70833],[139.7406,35.70832]]}},{"type":"Feature","properties":{"tunnel":0},"geometry":{"type":"LineString","coordinates":[[139.73511,35.70918],[139.73567,35.70908],[139.73842,35.70865],[139.74049,35.70833]]}},{"type":"Feature","properties":{"tunnel":1},"geometry":{"type":"LineString","coordinates":[[139.74031,35.75243],[139.73895,35.75174],[139.73867,35.75159],[139.73784,35.75109],[139.73767,35.75097]]}},{"type":"Feature","properties":{"tunnel":0},"geometry":{"type":"LineString","coordinates":[[139.74031,35.75243],[139.74056,35.75254],[139.7406,35.75256]]}},{"type":"Feature","properties":{"tunnel":0},"geometry":{"type":"LineString","coordinates":[[139.73915,35.75782],[139.7387,35.75814]]}},{"type":"Feature","properties":{"tunnel":0},"geometry":{"type":"LineString","coordinates":[[139.7406,35.75668],[139.74055,35.75671],[139.73917,35.75777],[139.73915,35.75782]]}},{"type":"Feature","properties":{"tunnel":0},"geometry":{"type":"LineString","coordinates":[[139.73915,35.75782],[139.73922,35.75781],[139.7401,35.75715],[139.7406,35.75676]]}},{"type":"Feature","properties":{"tunnel":0},"geometry":{"type":"LineString","coordinates":[[139.7387,35.75814],[139.73843,35.75833]]}},{"type":"Feature","properties":{"tunnel":0},"geometry":{"type":"LineString","coordinates":[[139.73843,35.75833],[139.7381,35.75856]]}},{"type":"Feature","properties":{"tunnel":1},"geometry":{"type":"LineString","coordinates":[[139.73615,35.75],[139.73589,35.74985]]}},{"type":"Feature","properties":{"tunnel":0},"geometry":{"type":"LineString","coordinates":[[139.73589,35.74985],[139.73513,35.74933],[139.73511,35.74931]]}},{"type":"Feature","properties":{"tunnel":1},"geometry":{"type":"LineString","coordinates":[[139.73615,35.75],[139.73615,35.75]]}},{"type":"Feature","properties":{"tunnel":1},"geometry":{"type":"LineString","coordinates":[[139.73767,35.75097],[139.73724,35.75067],[139.73705,35.75054],[139.73683,35.7504],[139.73615,35.75]]}},{"type":"Feature","properties":{"tunnel":0},"geometry":{"type":"LineString","coordinates":[[139.72961,35.52144],[139.73059,35.52214],[139.73149,35.52278],[139.73222,35.52329]]}},{"type":"Feature","properties":{"tunnel":0},"geometry":{"type":"LineString","coordinates":[[139.73222,35.52329],[139.73237,35.52339],[139.73333,35.52406]]}},{"type":"Feature","properties":{"tunnel":0},"geometry":{"type":"LineString","coordinates":[[139.73333,35.52406],[139.73377,35.52435],[139.73467,35.525]]}},{"type":"Feature","properties":{"tunnel":0},"geometry":{"type":"LineString","coordinates":[[139.73467,35.525],[139.73492,35.52518],[139.73511,35.52531]]}},{"type":"Feature","properties":{"tunnel":1},"geometry":{"type":"LineString","coordinates":[[139.73333,35.61871],[139.73327,35.61874],[139.73302,35.61888],[139.73273,35.61905],[139.73248,35.61919],[139.73227,35.61932],[139.7321,35.61943],[139.73192,35.61955],[139.73174,35.61967],[139.73145,35.61989],[139.73131,35.62001],[139.73117,35.62011],[139.73103,35.6202],[139.73089,35.6203],[139.73071,35.6204],[139.73055,35.62047],[139.73037,35.62055],[139.73017,35.62062],[139.73,35.62067],[139.72984,35.62071],[139.72964,35.62075],[139.72961,35.62075]]}},{"type":"Feature","properties":{"tunnel":1},"geometry":{"type":"LineString","coordinates":[[139.73333,35.6189],[139.73327,35.61893],[139.73283,35.61918],[139.73261,35.61931],[139.7324,35.61944],[139.73217,35.61959],[139.73188,35.61979],[139.73144,35.62013],[139.73122,35.62029],[139.73101,35.62042],[139.73081,35.62053],[139.73061,35.62062],[139.73037,35.62071],[139.73013,35.62079],[139.72988,35.62085],[139.72964,35.6209],[139.72961,35.62091]]}},{"type":"Feature","properties":{"tunnel":1},"geometry":{"type":"LineString","coordinates":[[139.73471,35.61712],[139.73459,35.61732],[139.73448,35.61753],[139.73436,35.61773],[139.73425,35.6179],[139.73413,35.61806],[139.73398,35.61822],[139.73384,35.61835],[139.73368,35.61848],[139.73348,35.61862],[139.73333,35.61871]]}},{"type":"Feature","properties":{"tunnel":1},"geometry":{"type":"LineString","coordinates":[[139.73492,35.61712],[139.73483,35.61725],[139.73473,35.61743],[139.73453,35.61779],[139.73443,35.61796],[139.73432,35.61812],[139.73419,35.61826],[139.73405,35.61841],[139.73389,35.61853],[139.73372,35.61867],[139.73351,35.6188],[139.73333,35.6189]]}},{"type":"Feature","properties":{"tunnel":1},"geometry":{"type":"LineString","coordinates":[[139.73511,35.61662],[139.73506,35.61667]]}},{"type":"Feature","properties":{"tunnel":1},"geometry":{"type":"LineString","coordinates":[[139.73506,35.61667],[139.73504,35.61669],[139.73487,35.61689],[139.73472,35.6171],[139.73471,35.61712]]}},{"type":"Feature","properties":{"tunnel":1},"geometry":{"type":"LineString","coordinates":[[139.73511,35.61688],[139.73509,35.6169],[139.73495,35.61707],[139.73492,35.61712]]}},{"type":"Feature","properties":{"tunnel":0},"geometry":{"type":"LineString","coordinates":[[139.72961,35.647],[139.73006,35.64701],[139.73048,35.647],[139.73154,35.64714]]}},{"type":"Feature","properties":{"tunnel":0},"geometry":{"type":"LineString","coordinates":[[139.73154,35.64714],[139.73199,35.64721],[139.73238,35.64724],[139.73268,35.64723],[139.73295,35.64719],[139.73318,35.64711],[139.73333,35.64705]]}},{"type":"Feature","properties":{"tunnel":0},"geometry":{"type":"LineString","coordinates":[[139.73333,35.64705],[139.73359,35.64691]]}},{"type":"Feature","properties":{"tunnel":0},"geometry":{"type":"LineString","coordinates":[[139.73359,35.64691],[139.73378,35.64681],[139.73411,35.64668],[139.73438,35.64661],[139.73507,35.64652],[139.73511,35.64651]]}},{"type":"Feature","properties":{"tunnel":0},"geometry":{"type":"LineString","coordinates":[[139.72961,35.66195],[139.73095,35.66258],[139.73161,35.66289],[139.7317,35.66293],[139.73208,35.66311],[139.73319,35.66366],[139.73333,35.66373]]}},{"type":"Feature","properties":{"tunnel":0},"geometry":{"type":"LineString","coordinates":[[139.73333,35.66373],[139.73357,35.66386],[139.73411,35.66415],[139.73422,35.66421],[139.73428,35.66424],[139.73511,35.66468]]}},{"type":"Feature","properties":{"tunnel":0},"geometry":{"type":"LineString","coordinates":[[139.73176,35.68082],[139.732,35.68067],[139.7322,35.68049],[139.73253,35.68016],[139.73265,35.67998]]}},{"type":"Feature","properties":{"tunnel":0},"geometry":{"type":"LineString","coordinates":[[139.73265,35.67998],[139.73272,35.6798],[139.7328,35.67961]]}},{"type":"Feature","properties":{"tunnel":1},"geometry":{"type":"LineString","coordinates":[[139.72961,35.68166],[139.72998,35.68159],[139.73005,35.68157],[139.73035,35.68148],[139.73112,35.68111],[139.73116,35.6811],[139.73153,35.68092],[139.73176,35.68082]]}},{"type":"Feature","properties":{"tunnel":0},"geometry":{"type":"LineString","coordinates":[[139.7328,35.67961],[139.73287,35.67946],[139.73298,35.67921],[139.73305,35.67907],[139.73312,35.67892],[139.73327,35.6788],[139.73333,35.67877]]}},{"type":"Feature","properties":{"tunnel":0},"geometry":{"type":"LineString","coordinates":[[139.73508,35.67848],[139.73511,35.67848]]}},{"type":"Feature","properties":{"tunnel":0},"geometry":{"type":"LineString","coordinates":[[139.73508,35.67848],[139.73511,35.67849]]}},{"type":"Feature","properties":{"tunnel":0},"geometry":{"type":"LineString","coordinates":[[139.73333,35.67877],[139.73346,35.67872],[139.73366,35.67865],[139.73383,35.67861],[139.7344,35.67855],[139.73506,35.67849]]}},{"type":"Feature","properties":{"tunnel":0},"geometry":{"type":"LineString","coordinates":[[139.73506,35.67849],[139.73508,35.67848]]}},{"type":"Feature","properties":{"tunnel":0},"geometry":{"type":"LineString","coordinates":[[139.73277,35.71001],[139.73333,35.70979]]}},{"type":"Feature","properties":{"tunnel":0},"geometry":{"type":"LineString","coordinates":[[139.73109,35.71084],[139.73144,35.71064],[139.73182,35.71043],[139.73214,35.7103],[139.73224,35.71025]]}},{"type":"Feature","properties":{"tunnel":0},"geometry":{"type":"LineString","coordinates":[[139.73224,35.71025],[139.73221,35.71023],[139.73151,35.71045],[139.73131,35.71049],[139.73112,35.7105],[139.73079,35.71049],[139.73042,35.71047],[139.73001,35.71044],[139.72961,35.71037]]}},{"type":"Feature","properties":{"tunnel":0},"geometry":{"type":"LineString","coordinates":[[139.73224,35.71025],[139.73277,35.71001]]}},{"type":"Feature","properties":{"tunnel":0},"geometry":{"type":"LineString","coordinates":[[139.73333,35.70979],[139.73334,35.70979],[139.73349,35.70973],[139.734,35.70953],[139.73462,35.70929],[139.73498,35.7092],[139.73511,35.70918]]}},{"type":"Feature","properties":{"tunnel":0},"geometry":{"type":"LineString","coordinates":[[139.72961,35.71302],[139.72985,35.71253],[139.72996,35.71233],[139.73019,35.71188],[139.73033,35.71163],[139.73052,35.7114],[139.73073,35.71116],[139.73109,35.71084],[139.73109,35.71084]]}},{"type":"Feature","properties":{"tunnel":0},"geometry":{"type":"LineString","coordinates":[[139.72961,35.7454],[139.72973,35.74546],[139.73022,35.74579],[139.73119,35.74651]]}},{"type":"Feature","properties":{"tunnel":0},"geometry":{"type":"LineString","coordinates":[[139.73119,35.74651],[139.73127,35.74657],[139.73182,35.74698],[139.73232,35.74733],[139.73276,35.74766],[139.73333,35.74806]]}},{"type":"Feature","properties":{"tunnel":0},"geometry":{"type":"LineString","coordinates":[[139.73415,35.74864],[139.73399,35.74853]]}},{"type":"Feature","properties":{"tunnel":0},"geometry":{"type":"LineString","coordinates":[[139.73511,35.74931],[139.73465,35.74901],[139.73415,35.74864]]}},{"type":"Feature","properties":{"tunnel":0},"geometry":{"type":"LineString","coordinates":[[139.73333,35.74806],[139.73363,35.74827],[139.73399,35.74853]]}},{"type":"Feature","properties":{"tunnel":0},"geometry":{"type":"LineString","coordinates":[[139.72592,35.51881],[139.72641,35.51916],[139.727,35.51958],[139.72709,35.51964],[139.72838,35.52056],[139.72925,35.52118],[139.72944,35.52132],[139.72961,35.52144]]}},{"type":"Feature","properties":{"tunnel":1},"geometry":{"type":"LineString","coordinates":[[139.725,35.62139],[139.7249,35.62147],[139.72475,35.62158],[139.72474,35.62158]]}},{"type":"Feature","properties":{"tunnel":1},"geometry":{"type":"LineString","coordinates":[[139.72961,35.62075],[139.7294,35.62079],[139.72917,35.62081],[139.72895,35.62083],[139.72873,35.62084],[139.72851,35.62084],[139.7283,35.62082],[139.72807,35.62081],[139.72778,35.62079],[139.72751,35.62076],[139.72725,35.62075],[139.72699,35.62074],[139.72674,35.62076],[139.72657,35.62078],[139.72636,35.62082],[139.72616,35.62086],[139.72596,35.62092],[139.72576,35.62099],[139.72558,35.62107],[139.72542,35.62114],[139.72525,35.62124],[139.72508,35.62134],[139.725,35.62139]]}},{"type":"Feature","properties":{"tunnel":1},"geometry":{"type":"LineString","coordinates":[[139.72961,35.62091],[139.72937,35.62095],[139.72913,35.62097],[139.72883,35.62099],[139.72856,35.621],[139.72828,35.62099],[139.72795,35.62096],[139.72769,35.62093],[139.72747,35.62091],[139.72726,35.6209],[139.72707,35.6209],[139.72684,35.62091],[139.7266,35.62094],[139.72636,35.62098],[139.72609,35.62105],[139.72585,35.62113],[139.72562,35.62123],[139.72539,35.62134],[139.72517,35.62148],[139.72502,35.62158]]}},{"type":"Feature","properties":{"tunnel":1},"geometry":{"type":"LineString","coordinates":[[139.72474,35.62158],[139.7246,35.6217],[139.72443,35.62182],[139.72425,35.62195],[139.72412,35.62204]]}},{"type":"Feature","properties":{"tunnel":1},"geometry":{"type":"LineString","coordinates":[[139.725,35.6216],[139.72499,35.6216],[139.72461,35.6219],[139.72433,35.6221],[139.72412,35.62224]]}},{"type":"Feature","properties":{"tunnel":1},"geometry":{"type":"LineString","coordinates":[[139.72502,35.62158],[139.725,35.6216]]}},{"type":"Feature","properties":{"tunnel":0},"geometry":{"type":"LineString","coordinates":[[139.72464,35.64599],[139.725,35.64613]]}},{"type":"Feature","properties":{"tunnel":0},"geometry":{"type":"LineString","coordinates":[[139.72412,35.64578],[139.7242,35.64581],[139.72464,35.64599]]}},{"type":"Feature","properties":{"tunnel":0},"geometry":{"type":"LineString","coordinates":[[139.72682,35.64677],[139.7262,35.64673]]}},{"type":"Feature","properties":{"tunnel":0},"geometry":{"type":"LineString","coordinates":[[139.72693,35.64677],[139.72682,35.64677]]}},{"type":"Feature","properties":{"tunnel":0},"geometry":{"type":"LineString","coordinates":[[139.725,35.64613],[139.725,35.64613],[139.72519,35.64621],[139.72552,35.64633],[139.72582,35.64642]]}},{"type":"Feature","properties":{"tunnel":0},"geometry":{"type":"LineString","coordinates":[[139.72854,35.64679],[139.72809,35.64677],[139.72785,35.64676],[139.72709,35.64677],[139.72693,35.64677]]}},{"type":"Feature","properties":{"tunnel":0},"geometry":{"type":"LineString","coordinates":[[139.72854,35.64679],[139.72819,35.64666]]}},{"type":"Feature","properties":{"tunnel":0},"geometry":{"type":"LineString","coordinates":[[139.72854,35.64679],[139.72847,35.64666],[139.72831,35.6466],[139.72815,35.64655]]}},{"type":"Feature","properties":{"tunnel":0},"geometry":{"type":"LineString","coordinates":[[139.72819,35.64666],[139.72792,35.64661],[139.72776,35.64659]]}},{"type":"Feature","properties":{"tunnel":0},"geometry":{"type":"LineString","coordinates":[[139.72815,35.64655],[139.72775,35.64646],[139.72758,35.64644],[139.72714,35.64643]]}},{"type":"Feature","properties":{"tunnel":0},"geometry":{"type":"LineString","coordinates":[[139.7294,35.647],[139.72961,35.647]]}},{"type":"Feature","properties":{"tunnel":0},"geometry":{"type":"LineString","coordinates":[[139.7294,35.647],[139.72917,35.64697],[139.72895,35.64693],[139.72878,35.64687],[139.72861,35.64681],[139.72854,35.64679]]}},{"type":"Feature","properties":{"tunnel":0},"geometry":{"type":"LineString","coordinates":[[139.72714,35.64643],[139.72706,35.64646]]}},{"type":"Feature","properties":{"tunnel":0},"geometry":{"type":"LineString","coordinates":[[139.72776,35.64659],[139.72654,35.64655],[139.72631,35.64653],[139.72611,35.6465],[139.72582,35.64642]]}},{"type":"Feature","properties":{"tunnel":0},"geometry":{"type":"LineString","coordinates":[[139.72597,35.64649],[139.72608,35.64645],[139.72697,35.64646]]}},{"type":"Feature","properties":{"tunnel":0},"geometry":{"type":"LineString","coordinates":[[139.72697,35.64646],[139.72706,35.64646]]}},{"type":"Feature","properties":{"tunnel":0},"geometry":{"type":"LineString","coordinates":[[139.7262,35.64673],[139.72576,35.64672]]}},{"type":"Feature","properties":{"tunnel":0},"geometry":{"type":"LineString","coordinates":[[139.72576,35.64672],[139.7259,35.64655],[139.72597,35.64649]]}},{"type":"Feature","properties":{"tunnel":0},"geometry":{"type":"LineString","coordinates":[[139.7292,35.66176],[139.72947,35.66188],[139.72961,35.66195]]}},{"type":"Feature","properties":{"tunnel":0},"geometry":{"type":"LineString","coordinates":[[139.72412,35.65988],[139.72419,35.65989],[139.72432,35.65993],[139.72463,35.66002],[139.725,35.66013]]}},{"type":"Feature","properties":{"tunnel":0},"geometry":{"type":"LineString","coordinates":[[139.725,35.66013],[139.72513,35.66017],[139.72528,35.66022],[139.72598,35.66046],[139.72633,35.66057],[139.72675,35.66072],[139.72725,35.66088],[139.72759,35.66102],[139.72819,35.66127],[139.72851,35.66144],[139.72865,35.66151],[139.7292,35.66176]]}},{"type":"Feature","properties":{"tunnel":0},"geometry":{"type":"LineString","coordinates":[[139.72412,35.68025],[139.72438,35.68038],[139.72478,35.68055],[139.725,35.68065]]}},{"type":"Feature","properties":{"tunnel":0},"geometry":{"type":"LineString","coordinates":[[139.72598,35.68105],[139.72619,35.68114]]}},{"type":"Feature","properties":{"tunnel":1},"geometry":{"type":"LineString","coordinates":[[139.72619,35.68114],[139.72672,35.68137],[139.72723,35.68157],[139.72758,35.68169],[139.72787,35.68174],[139.72831,35.68177],[139.72856,35.68177],[139.72878,35.68177],[139.72892,35.68177],[139.72914,35.68174],[139.72926,35.68172],[139.72946,35.6817],[139.72961,35.68166]]}},{"type":"Feature","properties":{"tunnel":0},"geometry":{"type":"LineString","coordinates":[[139.725,35.68065],[139.7254,35.68081],[139.72598,35.68105]]}},{"type":"Feature","properties":{"tunnel":0},"geometry":{"type":"LineString","coordinates":[[139.72727,35.71005],[139.72721,35.71],[139.72715,35.70991],[139.72703,35.70966]]}},{"type":"Feature","properties":{"tunnel":0},"geometry":{"type":"LineString","coordinates":[[139.72961,35.71037],[139.7295,35.71036],[139.72907,35.71022],[139.72875,35.71017],[139.72817,35.71014],[139.72785,35.71013],[139.72751,35.71013],[139.72739,35.71011],[139.72727,35.71005]]}},{"type":"Feature","properties":{"tunnel":0},"geometry":{"type":"LineString","coordinates":[[139.72849,35.7153],[139.7288,35.71466],[139.72961,35.71302]]}},{"type":"Feature","properties":{"tunnel":0},"geometry":{"type":"LineString","coordinates":[[139.725,35.71931],[139.72466,35.71941]]}},{"type":"Feature","properties":{"tunnel":0},"geometry":{"type":"LineString","coordinates":[[139.72446,35.71976],[139.72454,35.7197],[139.72476,35.71959],[139.725,35.71949]]}},{"type":"Feature","properties":{"tunnel":0},"geometry":{"type":"LineString","coordinates":[[139.72778,35.71667],[139.72781,35.7166],[139.7284,35.71549],[139.72849,35.7153]]}},{"type":"Feature","properties":{"tunnel":0},"geometry":{"type":"LineString","coordinates":[[139.72715,35.71796],[139.72736,35.71756],[139.72778,35.71667]]}},{"type":"Feature","properties":{"tunnel":0},"geometry":{"type":"LineString","coordinates":[[139.72591,35.71937],[139.72578,35.71943],[139.72569,35.71949],[139.72559,35.71963]]}},{"type":"Feature","properties":{"tunnel":0},"geometry":{"type":"LineString","coordinates":[[139.72561,35.71916],[139.72545,35.7192],[139.72519,35.71926],[139.725,35.71931]]}},{"type":"Feature","properties":{"tunnel":0},"geometry":{"type":"LineString","coordinates":[[139.725,35.71949],[139.72517,35.71943],[139.72546,35.71935],[139.72569,35.71929],[139.72592,35.71922],[139.72612,35.71916],[139.72629,35.71908],[139.7264,35.71902],[139.7265,35.71896],[139.72658,35.71892],[139.72671,35.71877]]}},{"type":"Feature","properties":{"tunnel":0},"geometry":{"type":"LineString","coordinates":[[139.72671,35.71877],[139.7268,35.71865],[139.72691,35.71848],[139.727,35.7183],[139.72715,35.71796]]}},{"type":"Feature","properties":{"tunnel":0},"geometry":{"type":"LineString","coordinates":[[139.72671,35.71877],[139.72657,35.71877],[139.72643,35.71883],[139.72613,35.71897],[139.72592,35.71906],[139.72561,35.71916]]}},{"type":"Feature","properties":{"tunnel":0},"geometry":{"type":"LineString","coordinates":[[139.72715,35.71796],[139.72719,35.71811],[139.72718,35.71824],[139.72713,35.71837],[139.72705,35.71855],[139.72694,35.71875],[139.72686,35.71884],[139.72677,35.71894],[139.72665,35.71904],[139.72657,35.7191],[139.72643,35.71919],[139.72625,35.71927],[139.72613,35.71931],[139.72591,35.71937]]}},{"type":"Feature","properties":{"tunnel":0},"geometry":{"type":"LineString","coordinates":[[139.72412,35.72014],[139.72417,35.72007],[139.7243,35.7199],[139.7244,35.7198],[139.72446,35.71976]]}},{"type":"Feature","properties":{"tunnel":0},"geometry":{"type":"LineString","coordinates":[[139.7251,35.74651],[139.72528,35.74638],[139.7264,35.74566],[139.72687,35.7454],[139.7271,35.74528],[139.72727,35.74522],[139.72739,35.74517],[139.72761,35.7451],[139.72792,35.74505],[139.72834,35.74502],[139.72858,35.74504],[139.7288,35.74508],[139.72901,35.74512],[139.72913,35.74516],[139.72934,35.74525],[139.72961,35.7454]]}},{"type":"Feature","properties":{"tunnel":0},"geometry":{"type":"LineString","coordinates":[[139.72412,35.74715],[139.7242,35.74709],[139.725,35.74658]]}},{"type":"Feature","properties":{"tunnel":0},"geometry":{"type":"LineString","coordinates":[[139.725,35.74658],[139.72503,35.74655],[139.7251,35.74651]]}},{"type":"Feature","properties":{"tunnel":0},"geometry":{"type":"LineString","coordinates":[[139.7194,35.63498],[139.71935,35.63503],[139.71894,35.6354]]}},{"type":"Feature","properties":{"tunnel":0},"geometry":{"type":"LineString","coordinates":[[139.71894,35.6354],[139.71863,35.63568]]}},{"type":"Feature","properties":{"tunnel":1},"geometry":{"type":"LineString","coordinates":[[139.72412,35.62204],[139.72403,35.6221],[139.72381,35.62224],[139.72359,35.62239],[139.72264,35.62295],[139.72232,35.62314],[139.72198,35.62334],[139.72163,35.62352],[139.7213,35.62368],[139.72084,35.6239],[139.72036,35.62411],[139.71863,35.62486]]}},{"type":"Feature","properties":{"tunnel":1},"geometry":{"type":"LineString","coordinates":[[139.72412,35.62224],[139.72406,35.62229],[139.72376,35.62247],[139.72273,35.62309],[139.72242,35.62327],[139.72207,35.62347],[139.72173,35.62365],[139.72139,35.62382],[139.72092,35.62403],[139.72043,35.62425],[139.7187,35.625],[139.7187,35.625]]}},{"type":"Feature","properties":{"tunnel":1},"geometry":{"type":"LineString","coordinates":[[139.7187,35.625],[139.71863,35.62503]]}},{"type":"Feature","properties":{"tunnel":0},"geometry":{"type":"LineString","coordinates":[[139.71863,35.62549],[139.71869,35.62556],[139.7189,35.62605]]}},{"type":"Feature","properties":{"tunnel":0},"geometry":{"type":"LineString","coordinates":[[139.72071,35.6301],[139.72072,35.63013],[139.72074,35.63021]]}},{"type":"Feature","properties":{"tunnel":0},"geometry":{"type":"LineString","coordinates":[[139.72074,35.63021],[139.72078,35.63038]]}},{"type":"Feature","properties":{"tunnel":0},"geometry":{"type":"LineString","coordinates":[[139.72078,35.63038],[139.72078,35.63039],[139.72078,35.63041]]}},{"type":"Feature","properties":{"tunnel":0},"geometry":{"type":"LineString","coordinates":[[139.72078,35.63041],[139.7208,35.63051]]}},{"type":"Feature","properties":{"tunnel":0},"geometry":{"type":"LineString","coordinates":[[139.71894,35.62614],[139.7194,35.62761],[139.71961,35.62809],[139.71993,35.62871],[139.72059,35.62978],[139.72062,35.62986],[139.72071,35.6301]]}},{"type":"Feature","properties":{"tunnel":0},"geometry":{"type":"LineString","coordinates":[[139.7189,35.62605],[139.71894,35.62614]]}},{"type":"Feature","properties":{"tunnel":0},"geometry":{"type":"LineString","coordinates":[[139.7208,35.63051],[139.72083,35.63065],[139.72086,35.63084],[139.72088,35.63106]]}},{"type":"Feature","properties":{"tunnel":0},"geometry":{"type":"LineString","coordinates":[[139.72088,35.63106],[139.72091,35.63127],[139.72088,35.63151]]}},{"type":"Feature","properties":{"tunnel":0},"geometry":{"type":"LineString","coordinates":[[139.72088,35.63151],[139.72084,35.63163]]}},{"type":"Feature","properties":{"tunnel":0},"geometry":{"type":"LineString","coordinates":[[139.72084,35.63163],[139.72077,35.63184],[139.72067,35.6321],[139.72063,35.63225]]}},{"type":"Feature","properties":{"tunnel":0},"geometry":{"type":"LineString","coordinates":[[139.72047,35.63276],[139.72033,35.63323],[139.7203,35.63331]]}},{"type":"Feature","properties":{"tunnel":0},"geometry":{"type":"LineString","coordinates":[[139.7203,35.63331],[139.72029,35.63333]]}},{"type":"Feature","properties":{"tunnel":0},"geometry":{"type":"LineString","coordinates":[[139.72063,35.63225],[139.72054,35.63254],[139.72047,35.63276]]}},{"type":"Feature","properties":{"tunnel":0},"geometry":{"type":"LineString","coordinates":[[139.72029,35.63333],[139.72027,35.63338],[139.72023,35.63348],[139.72011,35.63382],[139.72011,35.63382]]}},{"type":"Feature","properties":{"tunnel":0},"geometry":{"type":"LineString","coordinates":[[139.71999,35.63422],[139.71989,35.63443],[139.71982,35.63454],[139.71972,35.63463],[139.7194,35.63498]]}},{"type":"Feature","properties":{"tunnel":0},"geometry":{"type":"LineString","coordinates":[[139.72011,35.63382],[139.71999,35.63422]]}},{"type":"Feature","properties":{"tunnel":0},"geometry":{"type":"LineString","coordinates":[[139.71912,35.64156],[139.71916,35.64159],[139.71927,35.64165],[139.71929,35.64167]]}},{"type":"Feature","properties":{"tunnel":0},"geometry":{"type":"LineString","coordinates":[[139.71912,35.64156],[139.71863,35.64126]]}},{"type":"Feature","properties":{"tunnel":0},"geometry":{"type":"LineString","coordinates":[[139.71929,35.64167],[139.71941,35.64175],[139.71952,35.64181],[139.7197,35.64193]]}},{"type":"Feature","properties":{"tunnel":0},"geometry":{"type":"LineString","coordinates":[[139.7197,35.64193],[139.71975,35.64196],[139.71989,35.64212]]}},{"type":"Feature","properties":{"tunnel":0},"geometry":{"type":"LineString","coordinates":[[139.72091,35.64318],[139.72102,35.64331],[139.72151,35.64391]]}},{"type":"Feature","properties":{"tunnel":0},"geometry":{"type":"LineString","coordinates":[[139.71993,35.64216],[139.72008,35.64232],[139.7203,35.64251]]}},{"type":"Feature","properties":{"tunnel":0},"geometry":{"type":"LineString","coordinates":[[139.7203,35.64251],[139.72069,35.64294]]}},{"type":"Feature","properties":{"tunnel":0},"geometry":{"type":"LineString","coordinates":[[139.72069,35.64294],[139.72091,35.64318]]}},{"type":"Feature","properties":{"tunnel":0},"geometry":{"type":"LineString","coordinates":[[139.71989,35.64212],[139.71993,35.64216]]}},{"type":"Feature","properties":{"tunnel":0},"geometry":{"type":"LineString","coordinates":[[139.72304,35.64533],[139.72311,35.64537],[139.72335,35.64548],[139.72361,35.64558],[139.72412,35.64578]]}},{"type":"Feature","properties":{"tunnel":0},"geometry":{"type":"LineString","coordinates":[[139.72151,35.64391],[139.72153,35.64393],[139.72156,35.64396]]}},{"type":"Feature","properties":{"tunnel":0},"geometry":{"type":"LineString","coordinates":[[139.72156,35.64396],[139.72193,35.64442]]}},{"type":"Feature","properties":{"tunnel":0},"geometry":{"type":"LineString","coordinates":[[139.72193,35.64442],[139.72211,35.64463]]}},{"type":"Feature","properties":{"tunnel":0},"geometry":{"type":"LineString","coordinates":[[139.72211,35.64463],[139.72225,35.64476]]}},{"type":"Feature","properties":{"tunnel":0},"geometry":{"type":"LineString","coordinates":[[139.72225,35.64476],[139.72236,35.64488],[139.7225,35.645],[139.72267,35.64513],[139.7229,35.64526],[139.72304,35.64533]]}},{"type":"Feature","properties":{"tunnel":0},"geometry":{"type":"LineString","coordinates":[[139.72225,35.65954],[139.72267,35.65963]]}},{"type":"Feature","properties":{"tunnel":0},"geometry":{"type":"LineString","coordinates":[[139.71907,35.65938],[139.71895,35.65937],[139.71863,35.65933]]}},{"type":"Feature","properties":{"tunnel":0},"geometry":{"type":"LineString","coordinates":[[139.72261,35.65963],[139.72267,35.65963]]}},{"type":"Feature","properties":{"tunnel":0},"geometry":{"type":"LineString","coordinates":[[139.7202,35.65959],[139.72105,35.65965]]}},{"type":"Feature","properties":{"tunnel":0},"geometry":{"type":"LineString","coordinates":[[139.72105,35.65965],[139.72147,35.65969],[139.72211,35.6597],[139.72261,35.65963]]}},{"type":"Feature","properties":{"tunnel":0},"geometry":{"type":"LineString","coordinates":[[139.72134,35.6594],[139.72151,35.65941],[139.72215,35.65952],[139.72225,35.65954]]}},{"type":"Feature","properties":{"tunnel":0},"geometry":{"type":"LineString","coordinates":[[139.72086,35.65936],[139.72134,35.6594]]}},{"type":"Feature","properties":{"tunnel":0},"geometry":{"type":"LineString","coordinates":[[139.72007,35.65959],[139.7202,35.65959]]}},{"type":"Feature","properties":{"tunnel":0},"geometry":{"type":"LineString","coordinates":[[139.72015,35.65933],[139.72022,35.65933]]}},{"type":"Feature","properties":{"tunnel":0},"geometry":{"type":"LineString","coordinates":[[139.72063,35.65948],[139.71938,35.65941],[139.71907,35.65938]]}},{"type":"Feature","properties":{"tunnel":0},"geometry":{"type":"LineString","coordinates":[[139.72022,35.65933],[139.72086,35.65936]]}},{"type":"Feature","properties":{"tunnel":0},"geometry":{"type":"LineString","coordinates":[[139.72267,35.65963],[139.72286,35.65964],[139.72287,35.65964],[139.72333,35.65972],[139.72344,35.65974],[139.72362,35.65978],[139.72412,35.65988]]}},{"type":"Feature","properties":{"tunnel":0},"geometry":{"type":"LineString","coordinates":[[139.7222,35.65958],[139.72228,35.65959]]}},{"type":"Feature","properties":{"tunnel":0},"geometry":{"type":"LineString","coordinates":[[139.72228,35.65959],[139.72267,35.65963]]}},{"type":"Feature","properties":{"tunnel":0},"geometry":{"type":"LineString","coordinates":[[139.72097,35.6595],[139.7214,35.65952]]}},{"type":"Feature","properties":{"tunnel":0},"geometry":{"type":"LineString","coordinates":[[139.7214,35.65952],[139.72173,35.65954],[139.7222,35.65958]]}},{"type":"Feature","properties":{"tunnel":0},"geometry":{"type":"LineString","coordinates":[[139.72063,35.65948],[139.72097,35.6595]]}},{"type":"Feature","properties":{"tunnel":0},"geometry":{"type":"LineString","coordinates":[[139.72027,35.6789],[139.72012,35.67873]]}},{"type":"Feature","properties":{"tunnel":0},"geometry":{"type":"LineString","coordinates":[[139.72118,35.67961],[139.7213,35.6796],[139.7214,35.67961]]}},{"type":"Feature","properties":{"tunnel":0},"geometry":{"type":"LineString","coordinates":[[139.72027,35.6789],[139.72013,35.67921],[139.72012,35.67936],[139.72011,35.67936],[139.72014,35.67949],[139.7202,35.67959],[139.72023,35.67961]]}},{"type":"Feature","properties":{"tunnel":0},"geometry":{"type":"LineString","coordinates":[[139.71998,35.67984],[139.72175,35.67965]]}},{"type":"Feature","properties":{"tunnel":0},"geometry":{"type":"LineString","coordinates":[[139.72179,35.67965],[139.72203,35.67965],[139.72215,35.67966],[139.7224,35.67968],[139.72269,35.67974],[139.723,35.67981],[139.72323,35.67988],[139.72347,35.67996],[139.72379,35.6801],[139.72412,35.68025]]}},{"type":"Feature","properties":{"tunnel":0},"geometry":{"type":"LineString","coordinates":[[139.72063,35.67967],[139.72118,35.67961]]}},{"type":"Feature","properties":{"tunnel":0},"geometry":{"type":"LineString","coordinates":[[139.7214,35.67961],[139.72175,35.67965]]}},{"type":"Feature","properties":{"tunnel":0},"geometry":{"type":"LineString","coordinates":[[139.72023,35.67961],[139.72029,35.67964],[139.72045,35.67968],[139.72063,35.67967]]}},{"type":"Feature","properties":{"tunnel":0},"geometry":{"type":"LineString","coordinates":[[139.72175,35.67965],[139.72179,35.67965]]}},{"type":"Feature","properties":{"tunnel":0},"geometry":{"type":"LineString","coordinates":[[139.71863,35.68009],[139.71881,35.68]]}},{"type":"Feature","properties":{"tunnel":1},"geometry":{"type":"LineString","coordinates":[[139.71881,35.68],[139.71998,35.67984]]}},{"type":"Feature","properties":{"tunnel":0},"geometry":{"type":"LineString","coordinates":[[139.71863,35.68002],[139.71881,35.68]]}},{"type":"Feature","properties":{"tunnel":0},"geometry":{"type":"LineString","coordinates":[[139.72146,35.72422],[139.72166,35.72409],[139.72213,35.7238],[139.72219,35.72376]]}},{"type":"Feature","properties":{"tunnel":0},"geometry":{"type":"LineString","coordinates":[[139.72295,35.72259],[139.72299,35.72237],[139.72303,35.72216],[139.7231,35.72195],[139.72321,35.72171],[139.7233,35.72152],[139.72372,35.7208],[139.72406,35.72023],[139.72412,35.72014]]}},{"type":"Feature","properties":{"tunnel":0},"geometry":{"type":"LineString","coordinates":[[139.72219,35.72376],[139.72241,35.72359],[139.72267,35.72329],[139.72279,35.72308],[139.7229,35.7228],[139.72295,35.72259]]}},{"type":"Feature","properties":{"tunnel":0},"geometry":{"type":"LineString","coordinates":[[139.72077,35.7291],[139.72092,35.72929]]}},{"type":"Feature","properties":{"tunnel":0},"geometry":{"type":"LineString","coordinates":[[139.72042,35.72868],[139.72077,35.7291]]}},{"type":"Feature","properties":{"tunnel":0},"geometry":{"type":"LineString","coordinates":[[139.71863,35.72877],[139.71879,35.72868]]}},{"type":"Feature","properties":{"tunnel":0},"geometry":{"type":"LineString","coordinates":[[139.72022,35.725],[139.72055,35.7248],[139.72103,35.72449],[139.72146,35.72422]]}},{"type":"Feature","properties":{"tunnel":0},"geometry":{"type":"LineString","coordinates":[[139.72011,35.72831],[139.72042,35.72868]]}},{"type":"Feature","properties":{"tunnel":0},"geometry":{"type":"LineString","coordinates":[[139.71922,35.72829],[139.72045,35.72764]]}},{"type":"Feature","properties":{"tunnel":0},"geometry":{"type":"LineString","coordinates":[[139.71922,35.72829],[139.71956,35.72818],[139.71969,35.72814],[139.7198,35.72812],[139.71989,35.72814],[139.71997,35.72816],[139.72003,35.72819],[139.72006,35.72821],[139.72009,35.72826],[139.72011,35.72831]]}},{"type":"Feature","properties":{"tunnel":0},"geometry":{"type":"LineString","coordinates":[[139.71863,35.72603],[139.71863,35.72603],[139.71991,35.72519],[139.72022,35.725]]}},{"type":"Feature","properties":{"tunnel":0},"geometry":{"type":"LineString","coordinates":[[139.71863,35.72863],[139.71909,35.72836],[139.71922,35.72829]]}},{"type":"Feature","properties":{"tunnel":0},"geometry":{"type":"LineString","coordinates":[[139.71879,35.72868],[139.7195,35.72827],[139.71961,35.72823],[139.7197,35.72821],[139.71978,35.7282],[139.71987,35.7282],[139.71994,35.72822],[139.72001,35.72825],[139.72005,35.72827],[139.72008,35.72829],[139.72011,35.72831]]}},{"type":"Feature","properties":{"tunnel":0},"geometry":{"type":"LineString","coordinates":[[139.71863,35.74893],[139.71908,35.74889],[139.71968,35.74883],[139.72064,35.74873],[139.72126,35.74865],[139.72147,35.74861],[139.7217,35.74856],[139.72184,35.74851],[139.72204,35.74844],[139.72214,35.74838],[139.72267,35.74808],[139.72303,35.74786],[139.72339,35.74762],[139.72412,35.74715]]}},{"type":"Feature","properties":{"tunnel":0},"geometry":{"type":"LineString","coordinates":[[139.72281,35.74798],[139.72271,35.74797],[139.72225,35.74825],[139.72206,35.74836],[139.72201,35.7484],[139.7219,35.74849],[139.72179,35.74856],[139.72172,35.7486],[139.72167,35.74862],[139.72151,35.74868],[139.72133,35.74873],[139.7212,35.74875],[139.72096,35.74878],[139.72043,35.74884],[139.72021,35.74886]]}},{"type":"Feature","properties":{"tunnel":0},"geometry":{"type":"LineString","coordinates":[[139.72021,35.74886],[139.72008,35.74887],[139.71939,35.74894],[139.71904,35.74897],[139.71872,35.74901],[139.71863,35.74903]]}},{"type":"Feature","properties":{"tunnel":1},"geometry":{"type":"LineString","coordinates":[[139.71667,35.62588],[139.71638,35.62605]]}},{"type":"Feature","properties":{"tunnel":0},"geometry":{"type":"LineString","coordinates":[[139.71655,35.62605],[139.71667,35.62598]]}},{"type":"Feature","properties":{"tunnel":1},"geometry":{"type":"LineString","coordinates":[[139.71863,35.62486],[139.71862,35.62486],[139.71832,35.625]]}},{"type":"Feature","properties":{"tunnel":0},"geometry":{"type":"LineString","coordinates":[[139.71818,35.62158],[139.71815,35.62179]]}},{"type":"Feature","properties":{"tunnel":0},"geometry":{"type":"LineString","coordinates":[[139.71791,35.62256],[139.71781,35.62312],[139.71778,35.62347],[139.71775,35.62369],[139.71773,35.62407],[139.71775,35.62425],[139.71779,35.62436],[139.71782,35.62442],[139.71821,35.62498],[139.71823,35.625]]}},{"type":"Feature","properties":{"tunnel":0},"geometry":{"type":"LineString","coordinates":[[139.71815,35.62179],[139.7181,35.62206],[139.71803,35.62222],[139.71796,35.62229]]}},{"type":"Feature","properties":{"tunnel":0},"geometry":{"type":"LineString","coordinates":[[139.71803,35.62158],[139.71801,35.62182]]}},{"type":"Feature","properties":{"tunnel":0},"geometry":{"type":"LineString","coordinates":[[139.71801,35.62182],[139.71799,35.62204]]}},{"type":"Feature","properties":{"tunnel":0},"geometry":{"type":"LineString","coordinates":[[139.71801,35.62182],[139.71796,35.62173],[139.71793,35.62158]]}},{"type":"Feature","properties":{"tunnel":0},"geometry":{"type":"LineString","coordinates":[[139.71796,35.62229],[139.71794,35.62241],[139.71791,35.62256]]}},{"type":"Feature","properties":{"tunnel":0},"geometry":{"type":"LineString","coordinates":[[139.71799,35.62204],[139.71796,35.62229]]}},{"type":"Feature","properties":{"tunnel":1},"geometry":{"type":"LineString","coordinates":[[139.71832,35.625],[139.71821,35.62505],[139.71787,35.62523],[139.71756,35.62538],[139.71727,35.62554],[139.71667,35.62588]]}},{"type":"Feature","properties":{"tunnel":1},"geometry":{"type":"LineString","coordinates":[[139.71863,35.62503],[139.71831,35.62518],[139.71796,35.62535],[139.71764,35.62552],[139.71734,35.62568],[139.7167,35.62605]]}},{"type":"Feature","properties":{"tunnel":0},"geometry":{"type":"LineString","coordinates":[[139.71667,35.62598],[139.71719,35.6257]]}},{"type":"Feature","properties":{"tunnel":0},"geometry":{"type":"LineString","coordinates":[[139.71823,35.625],[139.71863,35.62549]]}},{"type":"Feature","properties":{"tunnel":0},"geometry":{"type":"LineString","coordinates":[[139.71621,35.61903],[139.71667,35.61928]]}},{"type":"Feature","properties":{"tunnel":0},"geometry":{"type":"LineString","coordinates":[[139.71621,35.61903],[139.71593,35.61888]]}},{"type":"Feature","properties":{"tunnel":0},"geometry":{"type":"LineString","coordinates":[[139.71701,35.61947],[139.71723,35.61956],[139.71761,35.61977]]}},{"type":"Feature","properties":{"tunnel":0},"geometry":{"type":"LineString","coordinates":[[139.71667,35.61928],[139.71701,35.61947]]}},{"type":"Feature","properties":{"tunnel":0},"geometry":{"type":"LineString","coordinates":[[139.71777,35.61757],[139.71776,35.61756]]}},{"type":"Feature","properties":{"tunnel":0},"geometry":{"type":"LineString","coordinates":[[139.71761,35.61977],[139.71791,35.61996],[139.71802,35.62002],[139.71809,35.62008],[139.71813,35.62013],[139.71817,35.62017],[139.71822,35.62024],[139.71825,35.62029],[139.71826,35.62032],[139.71827,35.62033],[139.71828,35.6204],[139.7183,35.62047],[139.7183,35.62056],[139.7183,35.62065],[139.71829,35.62073],[139.71824,35.6211],[139.71818,35.62158]]}},{"type":"Feature","properties":{"tunnel":0},"geometry":{"type":"LineString","coordinates":[[139.71825,35.61996],[139.7183,35.61955],[139.71836,35.61914],[139.71836,35.61906],[139.71835,35.61895],[139.71834,35.61886],[139.71832,35.61875],[139.7183,35.61869],[139.71816,35.6184],[139.718,35.61805],[139.71785,35.61776],[139.71777,35.61757]]}},{"type":"Feature","properties":{"tunnel":0},"geometry":{"type":"LineString","coordinates":[[139.71825,35.61996],[139.71808,35.62114],[139.71803,35.62158]]}},{"type":"Feature","properties":{"tunnel":0},"geometry":{"type":"LineString","coordinates":[[139.71793,35.62158],[139.71793,35.62157],[139.71794,35.62134],[139.71794,35.6211],[139.71796,35.62097],[139.71799,35.62073],[139.71802,35.62046],[139.71802,35.62041],[139.71801,35.62036],[139.718,35.62031],[139.71798,35.62027],[139.71795,35.6202],[139.71788,35.62012],[139.71777,35.62001],[139.71757,35.61987],[139.71735,35.61975],[139.71716,35.61962],[139.71701,35.61947]]}},{"type":"Feature","properties":{"tunnel":1},"geometry":{"type":"LineString","coordinates":[[139.71667,35.62607],[139.71618,35.62635],[139.71573,35.62659],[139.71533,35.62681],[139.71313,35.62795]]}},{"type":"Feature","properties":{"tunnel":1},"geometry":{"type":"LineString","coordinates":[[139.71638,35.62605],[139.71608,35.62622],[139.71564,35.62646],[139.71313,35.62776]]}},{"type":"Feature","properties":{"tunnel":1},"geometry":{"type":"LineString","coordinates":[[139.71512,35.6268],[139.71487,35.62692]]}},{"type":"Feature","properties":{"tunnel":1},"geometry":{"type":"LineString","coordinates":[[139.7161,35.6263],[139.71563,35.62656],[139.7154,35.62666],[139.71512,35.6268]]}},{"type":"Feature","properties":{"tunnel":0},"geometry":{"type":"LineString","coordinates":[[139.7161,35.6263],[139.71655,35.62605]]}},{"type":"Feature","properties":{"tunnel":1},"geometry":{"type":"LineString","coordinates":[[139.71487,35.62692],[139.71459,35.62707],[139.71439,35.6272],[139.71313,35.62787]]}},{"type":"Feature","properties":{"tunnel":1},"geometry":{"type":"LineString","coordinates":[[139.7167,35.62605],[139.71667,35.62607]]}},{"type":"Feature","properties":{"tunnel":0},"geometry":{"type":"LineString","coordinates":[[139.71863,35.63568],[139.7183,35.63597]]}},{"type":"Feature","properties":{"tunnel":0},"geometry":{"type":"LineString","coordinates":[[139.7169,35.63849],[139.71695,35.63903]]}},{"type":"Feature","properties":{"tunnel":0},"geometry":{"type":"LineString","coordinates":[[139.71695,35.63903],[139.71695,35.63904],[139.717,35.63941],[139.717,35.63944]]}},{"type":"Feature","properties":{"tunnel":0},"geometry":{"type":"LineString","coordinates":[[139.71801,35.63609],[139.7176,35.63648],[139.71732,35.63679],[139.71711,35.63716],[139.71713,35.63734]]}},{"type":"Feature","properties":{"tunnel":0},"geometry":{"type":"LineString","coordinates":[[139.7182,35.63622],[139.71838,35.63603]]}},{"type":"Feature","properties":{"tunnel":0},"geometry":{"type":"LineString","coordinates":[[139.7184,35.63586],[139.71821,35.63589],[139.71801,35.63609]]}},{"type":"Feature","properties":{"tunnel":0},"geometry":{"type":"LineString","coordinates":[[139.71751,35.63677],[139.71722,35.63715],[139.71713,35.63734]]}},{"type":"Feature","properties":{"tunnel":0},"geometry":{"type":"LineString","coordinates":[[139.7183,35.63597],[139.71828,35.636],[139.71789,35.63637],[139.71751,35.63677]]}},{"type":"Feature","properties":{"tunnel":0},"geometry":{"type":"LineString","coordinates":[[139.71838,35.63603],[139.71839,35.63593]]}},{"type":"Feature","properties":{"tunnel":0},"geometry":{"type":"LineString","coordinates":[[139.71689,35.63832],[139.71689,35.63834],[139.7169,35.63849]]}},{"type":"Feature","properties":{"tunnel":0},"geometry":{"type":"LineString","coordinates":[[139.71707,35.63747],[139.71702,35.63761],[139.71694,35.63784],[139.7169,35.63809],[139.71689,35.63832]]}},{"type":"Feature","properties":{"tunnel":0},"geometry":{"type":"LineString","coordinates":[[139.71713,35.63734],[139.71732,35.63724],[139.71757,35.63685],[139.7182,35.63622]]}},{"type":"Feature","properties":{"tunnel":0},"geometry":{"type":"LineString","coordinates":[[139.71713,35.63734],[139.71707,35.63747]]}},{"type":"Feature","properties":{"tunnel":0},"geometry":{"type":"LineString","coordinates":[[139.717,35.63944],[139.71704,35.63975],[139.71717,35.64004],[139.71728,35.64027],[139.71745,35.64047]]}},{"type":"Feature","properties":{"tunnel":0},"geometry":{"type":"LineString","coordinates":[[139.71863,35.64126],[139.71787,35.6408],[139.71771,35.64068],[139.71745,35.64047]]}},{"type":"Feature","properties":{"tunnel":0},"geometry":{"type":"LineString","coordinates":[[139.71316,35.65883],[139.71313,35.65883]]}},{"type":"Feature","properties":{"tunnel":0},"geometry":{"type":"LineString","coordinates":[[139.71667,35.65914],[139.71662,35.65913]]}},{"type":"Feature","properties":{"tunnel":0},"geometry":{"type":"LineString","coordinates":[[139.71662,35.65913],[139.71549,35.65903]]}},{"type":"Feature","properties":{"tunnel":0},"geometry":{"type":"LineString","coordinates":[[139.71334,35.65885],[139.71316,35.65883]]}},{"type":"Feature","properties":{"tunnel":0},"geometry":{"type":"LineString","coordinates":[[139.71358,35.65887],[139.71334,35.65885]]}},{"type":"Feature","properties":{"tunnel":0},"geometry":{"type":"LineString","coordinates":[[139.71386,35.65889],[139.71358,35.65887]]}},{"type":"Feature","properties":{"tunnel":0},"geometry":{"type":"LineString","coordinates":[[139.71467,35.65896],[139.71386,35.65889]]}},{"type":"Feature","properties":{"tunnel":0},"geometry":{"type":"LineString","coordinates":[[139.71494,35.65899],[139.71467,35.65896]]}},{"type":"Feature","properties":{"tunnel":0},"geometry":{"type":"LineString","coordinates":[[139.71549,35.65903],[139.71522,35.65901]]}},{"type":"Feature","properties":{"tunnel":0},"geometry":{"type":"LineString","coordinates":[[139.71522,35.65901],[139.71494,35.65899]]}},{"type":"Feature","properties":{"tunnel":0},"geometry":{"type":"LineString","coordinates":[[139.71778,35.65923],[139.71759,35.65921],[139.71671,35.65914],[139.71667,35.65914]]}},{"type":"Feature","properties":{"tunnel":0},"geometry":{"type":"LineString","coordinates":[[139.71837,35.6593],[139.71778,35.65923]]}},{"type":"Feature","properties":{"tunnel":0},"geometry":{"type":"LineString","coordinates":[[139.71863,35.65933],[139.71837,35.6593]]}},{"type":"Feature","properties":{"tunnel":0},"geometry":{"type":"LineString","coordinates":[[139.71672,35.67955],[139.71672,35.67961]]}},{"type":"Feature","properties":{"tunnel":0},"geometry":{"type":"LineString","coordinates":[[139.71321,35.6805],[139.71366,35.68039]]}},{"type":"Feature","properties":{"tunnel":0},"geometry":{"type":"LineString","coordinates":[[139.71313,35.68053],[139.71321,35.6805]]}},{"type":"Feature","properties":{"tunnel":0},"geometry":{"type":"LineString","coordinates":[[139.71313,35.68081],[139.71375,35.68073],[139.71476,35.68059]]}},{"type":"Feature","properties":{"tunnel":0},"geometry":{"type":"LineString","coordinates":[[139.71476,35.68059],[139.71537,35.68049]]}},{"type":"Feature","properties":{"tunnel":0},"geometry":{"type":"LineString","coordinates":[[139.71476,35.68059],[139.71488,35.68067],[139.7158,35.68053],[139.71628,35.68045],[139.71667,35.6804]]}},{"type":"Feature","properties":{"tunnel":0},"geometry":{"type":"LineString","coordinates":[[139.71537,35.68049],[139.71667,35.6803]]}},{"type":"Feature","properties":{"tunnel":0},"geometry":{"type":"LineString","coordinates":[[139.71841,35.67967],[139.7182,35.67987]]}},{"type":"Feature","properties":{"tunnel":0},"geometry":{"type":"LineString","coordinates":[[139.71682,35.67997],[139.71692,35.68016],[139.71702,35.68026],[139.71706,35.68029],[139.71714,35.68032],[139.71721,35.68033],[139.71728,35.68033],[139.71736,35.68032],[139.7182,35.68019],[139.71821,35.68018],[139.71841,35.68015]]}},{"type":"Feature","properties":{"tunnel":0},"geometry":{"type":"LineString","coordinates":[[139.71672,35.67961],[139.71672,35.67966],[139.71682,35.67997]]}},{"type":"Feature","properties":{"tunnel":0},"geometry":{"type":"LineString","coordinates":[[139.71667,35.6804],[139.71667,35.6804],[139.71694,35.68036],[139.71729,35.68031],[139.71771,35.68025],[139.71785,35.68018],[139.71803,35.68005],[139.7182,35.67987]]}},{"type":"Feature","properties":{"tunnel":0},"geometry":{"type":"LineString","coordinates":[[139.71841,35.68015],[139.71856,35.68012],[139.71863,35.68009]]}},{"type":"Feature","properties":{"tunnel":0},"geometry":{"type":"LineString","coordinates":[[139.71795,35.68011],[139.71863,35.68002]]}},{"type":"Feature","properties":{"tunnel":0},"geometry":{"type":"LineString","coordinates":[[139.71713,35.68023],[139.71795,35.68011]]}},{"type":"Feature","properties":{"tunnel":0},"geometry":{"type":"LineString","coordinates":[[139.71692,35.68026],[139.71713,35.68023]]}},{"type":"Feature","properties":{"tunnel":0},"geometry":{"type":"LineString","coordinates":[[139.71667,35.6803],[139.71667,35.6803],[139.71692,35.68026]]}},{"type":"Feature","properties":{"tunnel":0},"geometry":{"type":"LineString","coordinates":[[139.71699,35.72802],[139.71705,35.7276],[139.71712,35.72736],[139.71722,35.72717],[139.71739,35.72693],[139.71777,35.72656],[139.71863,35.72603]]}},{"type":"Feature","properties":{"tunnel":0},"geometry":{"type":"LineString","coordinates":[[139.71694,35.72868],[139.71695,35.72858],[139.71699,35.72802]]}},{"type":"Feature","properties":{"tunnel":0},"geometry":{"type":"LineString","coordinates":[[139.71699,35.72802],[139.71689,35.72804],[139.71686,35.72832]]}},{"type":"Feature","properties":{"tunnel":0},"geometry":{"type":"LineString","coordinates":[[139.71686,35.72832],[139.71686,35.72839],[139.71681,35.72868]]}},{"type":"Feature","properties":{"tunnel":0},"geometry":{"type":"LineString","coordinates":[[139.71855,35.72868],[139.71863,35.72863]]}},{"type":"Feature","properties":{"tunnel":0},"geometry":{"type":"LineString","coordinates":[[139.71705,35.72868],[139.71705,35.72848],[139.71707,35.72807],[139.71699,35.72802]]}},{"type":"Feature","properties":{"tunnel":0},"geometry":{"type":"LineString","coordinates":[[139.71674,35.73314],[139.71675,35.733],[139.71678,35.73206],[139.71683,35.73125],[139.71683,35.73119]]}},{"type":"Feature","properties":{"tunnel":0},"geometry":{"type":"LineString","coordinates":[[139.71683,35.73119],[139.71685,35.73084],[139.71686,35.7303]]}},{"type":"Feature","properties":{"tunnel":0},"geometry":{"type":"LineString","coordinates":[[139.71683,35.73119],[139.71678,35.73107],[139.71674,35.73092],[139.71673,35.73084]]}},{"type":"Feature","properties":{"tunnel":0},"geometry":{"type":"LineString","coordinates":[[139.71686,35.7303],[139.71694,35.73025],[139.71697,35.73007],[139.717,35.72984]]}},{"type":"Feature","properties":{"tunnel":0},"geometry":{"type":"LineString","coordinates":[[139.71686,35.7303],[139.71685,35.72956],[139.71693,35.72891],[139.71694,35.72868]]}},{"type":"Feature","properties":{"tunnel":0},"geometry":{"type":"LineString","coordinates":[[139.71673,35.73084],[139.71672,35.73083],[139.71673,35.73051],[139.71674,35.72993],[139.71675,35.72982],[139.71678,35.72973],[139.71683,35.72963],[139.71692,35.72955],[139.71705,35.72946],[139.71753,35.72925],[139.71777,35.72914],[139.71807,35.72896]]}},{"type":"Feature","properties":{"tunnel":0},"geometry":{"type":"LineString","coordinates":[[139.71681,35.72868],[139.71681,35.72868],[139.7168,35.72894],[139.71682,35.72904],[139.71685,35.72912],[139.71691,35.72919],[139.71699,35.72925],[139.71711,35.72931],[139.71723,35.72934],[139.71734,35.72934],[139.7175,35.72931],[139.7176,35.72928],[139.71799,35.72908],[139.71808,35.7291]]}},{"type":"Feature","properties":{"tunnel":0},"geometry":{"type":"LineString","coordinates":[[139.71819,35.72888],[139.71844,35.72874],[139.71855,35.72868]]}},{"type":"Feature","properties":{"tunnel":0},"geometry":{"type":"LineString","coordinates":[[139.71808,35.7291],[139.71863,35.72877]]}},{"type":"Feature","properties":{"tunnel":0},"geometry":{"type":"LineString","coordinates":[[139.717,35.72984],[139.71706,35.72969],[139.71712,35.72963],[139.71725,35.72954],[139.71749,35.72941],[139.71772,35.72928],[139.71797,35.72914],[139.71808,35.7291]]}},{"type":"Feature","properties":{"tunnel":0},"geometry":{"type":"LineString","coordinates":[[139.71819,35.72888],[139.71812,35.72887],[139.71797,35.72895]]}},{"type":"Feature","properties":{"tunnel":0},"geometry":{"type":"LineString","coordinates":[[139.71797,35.72895],[139.71761,35.72914],[139.71745,35.72917],[139.71732,35.72915],[139.71722,35.72911],[139.71715,35.72906],[139.71711,35.729],[139.71705,35.72885],[139.71705,35.72868]]}},{"type":"Feature","properties":{"tunnel":0},"geometry":{"type":"LineString","coordinates":[[139.71807,35.72896],[139.71819,35.72888]]}},{"type":"Feature","properties":{"tunnel":0},"geometry":{"type":"LineString","coordinates":[[139.71313,35.74962],[139.71322,35.74961],[139.71355,35.74956],[139.71512,35.74931],[139.71601,35.7492],[139.71645,35.74916],[139.71667,35.74913]]}},{"type":"Feature","properties":{"tunnel":0},"geometry":{"type":"LineString","coordinates":[[139.7172,35.74908],[139.71773,35.74903],[139.71863,35.74893]]}},{"type":"Feature","properties":{"tunnel":0},"geometry":{"type":"LineString","coordinates":[[139.71863,35.74903],[139.71828,35.74907],[139.71772,35.74913],[139.71755,35.74914],[139.71741,35.74915]]}},{"type":"Feature","properties":{"tunnel":0},"geometry":{"type":"LineString","coordinates":[[139.71667,35.74913],[139.71678,35.74912],[139.7172,35.74908]]}},{"type":"Feature","properties":{"tunnel":0},"geometry":{"type":"LineString","coordinates":[[139.71741,35.74915],[139.71732,35.74915],[139.7172,35.74908]]}},{"type":"Feature","properties":{"tunnel":0},"geometry":{"type":"LineString","coordinates":[[139.7165,35.73386],[139.7166,35.73369],[139.71666,35.73353],[139.71667,35.73353]]}},{"type":"Feature","properties":{"tunnel":0},"geometry":{"type":"LineString","coordinates":[[139.71313,35.73759],[139.71341,35.73745],[139.71372,35.73729],[139.71393,35.73716],[139.71411,35.73702],[139.71421,35.73694],[139.71428,35.73686],[139.71446,35.73659],[139.71479,35.73604],[139.71501,35.73568],[139.71516,35.73543],[139.71541,35.73508],[139.71558,35.73484],[139.71603,35.73433],[139.7165,35.73386]]}},{"type":"Feature","properties":{"tunnel":0},"geometry":{"type":"LineString","coordinates":[[139.71672,35.73333],[139.71673,35.73326],[139.71674,35.73314]]}},{"type":"Feature","properties":{"tunnel":0},"geometry":{"type":"LineString","coordinates":[[139.71667,35.73353],[139.7167,35.73342],[139.71672,35.73333],[139.71672,35.73333]]}},{"type":"Feature","properties":{"tunnel":1},"geometry":{"type":"LineString","coordinates":[[139.71313,35.62795],[139.71296,35.62804]]}},{"type":"Feature","properties":{"tunnel":1},"geometry":{"type":"LineString","coordinates":[[139.71313,35.62776],[139.71194,35.62838],[139.7117,35.62852],[139.71149,35.62865],[139.71121,35.62884],[139.71092,35.62909],[139.71068,35.62933],[139.71046,35.62958],[139.71013,35.63004]]}},{"type":"Feature","properties":{"tunnel":0},"geometry":{"type":"LineString","coordinates":[[139.71188,35.62851],[139.71187,35.62852],[139.71176,35.62858]]}},{"type":"Feature","properties":{"tunnel":0},"geometry":{"type":"LineString","coordinates":[[139.71259,35.62814],[139.71196,35.62847],[139.71188,35.62851]]}},{"type":"Feature","properties":{"tunnel":1},"geometry":{"type":"LineString","coordinates":[[139.71296,35.62804],[139.71194,35.62857],[139.71173,35.62869],[139.71155,35.62881],[139.71123,35.62905],[139.71109,35.62917],[139.71096,35.62929],[139.71081,35.62945],[139.71069,35.6296],[139.71052,35.62981],[139.71035,35.63005],[139.71,35.63051]]}},{"type":"Feature","properties":{"tunnel":1},"geometry":{"type":"LineString","coordinates":[[139.71176,35.62858],[139.71153,35.62872],[139.7114,35.62881],[139.71125,35.62893],[139.71107,35.62907],[139.71094,35.62918],[139.71077,35.62935],[139.71061,35.62954],[139.71043,35.62977],[139.71023,35.63002],[139.71013,35.63004]]}},{"type":"Feature","properties":{"tunnel":1},"geometry":{"type":"LineString","coordinates":[[139.71013,35.63004],[139.70979,35.63051]]}},{"type":"Feature","properties":{"tunnel":1},"geometry":{"type":"LineString","coordinates":[[139.71313,35.62787],[139.71297,35.62795],[139.71296,35.62804]]}},{"type":"Feature","properties":{"tunnel":1},"geometry":{"type":"LineString","coordinates":[[139.70833,35.63296],[139.70808,35.63333]]}},{"type":"Feature","properties":{"tunnel":1},"geometry":{"type":"LineString","coordinates":[[139.70833,35.63264],[139.70787,35.63333]]}},{"type":"Feature","properties":{"tunnel":1},"geometry":{"type":"LineString","coordinates":[[139.70787,35.63333],[139.70764,35.63368]]}},{"type":"Feature","properties":{"tunnel":1},"geometry":{"type":"LineString","coordinates":[[139.70808,35.63333],[139.70764,35.63399]]}},{"type":"Feature","properties":{"tunnel":1},"geometry":{"type":"LineString","coordinates":[[139.71,35.63051],[139.70997,35.63055],[139.70958,35.63111],[139.70833,35.63296]]}},{"type":"Feature","properties":{"tunnel":1},"geometry":{"type":"LineString","coordinates":[[139.70979,35.63051],[139.70949,35.63092],[139.70833,35.63264]]}},{"type":"Feature","properties":{"tunnel":0},"geometry":{"type":"LineString","coordinates":[[139.70764,35.65833],[139.7078,35.65833]]}},{"type":"Feature","properties":{"tunnel":0},"geometry":{"type":"LineString","coordinates":[[139.7078,35.65833],[139.70813,35.65835]]}},{"type":"Feature","properties":{"tunnel":1},"geometry":{"type":"LineString","coordinates":[[139.70813,35.65835],[139.70833,35.65836]]}},{"type":"Feature","properties":{"tunnel":0},"geometry":{"type":"LineString","coordinates":[[139.70881,35.6584],[139.70885,35.65841]]}},{"type":"Feature","properties":{"tunnel":0},"geometry":{"type":"LineString","coordinates":[[139.71169,35.65868],[139.71197,35.65871]]}},{"type":"Feature","properties":{"tunnel":0},"geometry":{"type":"LineString","coordinates":[[139.70885,35.65841],[139.70949,35.65847],[139.71022,35.65854]]}},{"type":"Feature","properties":{"tunnel":1},"geometry":{"type":"LineString","coordinates":[[139.71022,35.65854],[139.71133,35.65865]]}},{"type":"Feature","properties":{"tunnel":0},"geometry":{"type":"LineString","coordinates":[[139.71133,35.65865],[139.71169,35.65868]]}},{"type":"Feature","properties":{"tunnel":0},"geometry":{"type":"LineString","coordinates":[[139.71313,35.65883],[139.71296,35.65881]]}},{"type":"Feature","properties":{"tunnel":1},"geometry":{"type":"LineString","coordinates":[[139.70833,35.65836],[139.70847,35.65837]]}},{"type":"Feature","properties":{"tunnel":0},"geometry":{"type":"LineString","coordinates":[[139.71248,35.65876],[139.71197,35.65871]]}},{"type":"Feature","properties":{"tunnel":0},"geometry":{"type":"LineString","coordinates":[[139.71296,35.65881],[139.71259,35.65877],[139.71248,35.65876]]}},{"type":"Feature","properties":{"tunnel":1},"geometry":{"type":"LineString","coordinates":[[139.70847,35.65837],[139.70881,35.6584]]}},{"type":"Feature","properties":{"tunnel":0},"geometry":{"type":"LineString","coordinates":[[139.70764,35.68135],[139.70833,35.68138]]}},{"type":"Feature","properties":{"tunnel":0},"geometry":{"type":"LineString","coordinates":[[139.71157,35.68102],[139.71163,35.68092],[139.71206,35.68084],[139.71313,35.68053]]}},{"type":"Feature","properties":{"tunnel":0},"geometry":{"type":"LineString","coordinates":[[139.71157,35.68102],[139.71313,35.68081]]}},{"type":"Feature","properties":{"tunnel":0},"geometry":{"type":"LineString","coordinates":[[139.70833,35.68138],[139.70834,35.68138],[139.70901,35.68141],[139.70935,35.6814],[139.7096,35.68136],[139.70998,35.68129],[139.71052,35.68119],[139.71157,35.68102]]}},{"type":"Feature","properties":{"tunnel":0},"geometry":{"type":"LineString","coordinates":[[139.71313,35.7376],[139.71313,35.73759]]}},{"type":"Feature","properties":{"tunnel":0},"geometry":{"type":"LineString","coordinates":[[139.70833,35.73997],[139.70815,35.74008],[139.70764,35.74041]]}},{"type":"Feature","properties":{"tunnel":0},"geometry":{"type":"LineString","coordinates":[[139.70764,35.74052],[139.70833,35.74015]]}},{"type":"Feature","properties":{"tunnel":0},"geometry":{"type":"LineString","coordinates":[[139.70764,35.74041],[139.70764,35.74041]]}},{"type":"Feature","properties":{"tunnel":0},"geometry":{"type":"LineString","coordinates":[[139.70833,35.74006],[139.70826,35.74011]]}},{"type":"Feature","properties":{"tunnel":0},"geometry":{"type":"LineString","coordinates":[[139.70826,35.74011],[139.70781,35.74048],[139.70775,35.74054],[139.7077,35.74057],[139.70764,35.74057]]}},{"type":"Feature","properties":{"tunnel":0},"geometry":{"type":"LineString","coordinates":[[139.70833,35.74015],[139.70877,35.73992],[139.70905,35.73977]]}},{"type":"Feature","properties":{"tunnel":0},"geometry":{"type":"LineString","coordinates":[[139.709,35.7397],[139.70855,35.73993],[139.70834,35.74005],[139.70833,35.74006]]}},{"type":"Feature","properties":{"tunnel":0},"geometry":{"type":"LineString","coordinates":[[139.70888,35.73963],[139.70833,35.73997]]}},{"type":"Feature","properties":{"tunnel":0},"geometry":{"type":"LineString","coordinates":[[139.70953,35.73942],[139.70918,35.73952],[139.70905,35.73956],[139.70888,35.73963]]}},{"type":"Feature","properties":{"tunnel":0},"geometry":{"type":"LineString","coordinates":[[139.70953,35.73942],[139.71003,35.73917]]}},{"type":"Feature","properties":{"tunnel":0},"geometry":{"type":"LineString","coordinates":[[139.70953,35.73942],[139.70919,35.7396]]}},{"type":"Feature","properties":{"tunnel":0},"geometry":{"type":"LineString","coordinates":[[139.70919,35.7396],[139.709,35.7397]]}},{"type":"Feature","properties":{"tunnel":0},"geometry":{"type":"LineString","coordinates":[[139.70905,35.73977],[139.70927,35.73966],[139.70953,35.73942]]}},{"type":"Feature","properties":{"tunnel":0},"geometry":{"type":"LineString","coordinates":[[139.71003,35.73917],[139.71165,35.73836],[139.71313,35.7376]]}},{"type":"Feature","properties":{"tunnel":0},"geometry":{"type":"LineString","coordinates":[[139.70766,35.74226],[139.70779,35.74249],[139.70795,35.74282],[139.7081,35.7432]]}},{"type":"Feature","properties":{"tunnel":0},"geometry":{"type":"LineString","coordinates":[[139.70766,35.74226],[139.70764,35.74223]]}},{"type":"Feature","properties":{"tunnel":0},"geometry":{"type":"LineString","coordinates":[[139.7081,35.7432],[139.70815,35.74337],[139.70816,35.74357],[139.70819,35.74379],[139.70821,35.74464],[139.70826,35.74651]]}},{"type":"Feature","properties":{"tunnel":0},"geometry":{"type":"LineString","coordinates":[[139.7083,35.74782],[139.70831,35.74925]]}},{"type":"Feature","properties":{"tunnel":0},"geometry":{"type":"LineString","coordinates":[[139.7083,35.74782],[139.70833,35.74809]]}},{"type":"Feature","properties":{"tunnel":0},"geometry":{"type":"LineString","coordinates":[[139.70826,35.74651],[139.70828,35.74694],[139.70828,35.74718],[139.70829,35.74733]]}},{"type":"Feature","properties":{"tunnel":0},"geometry":{"type":"LineString","coordinates":[[139.70831,35.74925],[139.70833,35.74973]]}},{"type":"Feature","properties":{"tunnel":0},"geometry":{"type":"LineString","coordinates":[[139.70829,35.74733],[139.7083,35.74782]]}},{"type":"Feature","properties":{"tunnel":0},"geometry":{"type":"LineString","coordinates":[[139.71288,35.74967],[139.71313,35.74962]]}},{"type":"Feature","properties":{"tunnel":0},"geometry":{"type":"LineString","coordinates":[[139.70833,35.74973],[139.70836,35.75]]}},{"type":"Feature","properties":{"tunnel":0},"geometry":{"type":"LineString","coordinates":[[139.7118,35.75],[139.71217,35.74986],[139.71237,35.74979],[139.71288,35.74967]]}},{"type":"Feature","properties":{"tunnel":0},"geometry":{"type":"LineString","coordinates":[[139.70833,35.74809],[139.70836,35.74836],[139.70844,35.74886],[139.70848,35.74897],[139.70855,35.7491],[139.70859,35.74916],[139.70869,35.74927]]}},{"type":"Feature","properties":{"tunnel":0},"geometry":{"type":"LineString","coordinates":[[139.70869,35.74927],[139.70881,35.74937],[139.70895,35.74945],[139.70907,35.74951],[139.7092,35.74957],[139.70937,35.74961],[139.70953,35.74964],[139.70982,35.74967],[139.70997,35.74967],[139.71059,35.74971],[139.71124,35.74974],[139.71157,35.74973],[139.71181,35.74973],[139.71213,35.7497],[139.71235,35.74967],[139.71268,35.74963],[139.71288,35.74967]]}},{"type":"Feature","properties":{"tunnel":0},"geometry":{"type":"LineString","coordinates":[[139.70836,35.75],[139.70836,35.75001]]}},{"type":"Feature","properties":{"tunnel":0},"geometry":{"type":"LineString","coordinates":[[139.7118,35.75],[139.7118,35.75]]}},{"type":"Feature","properties":{"tunnel":0},"geometry":{"type":"LineString","coordinates":[[139.71056,35.75097],[139.71084,35.75073],[139.71137,35.75029],[139.71167,35.75007],[139.7118,35.75]]}},{"type":"Feature","properties":{"tunnel":0},"geometry":{"type":"LineString","coordinates":[[139.70836,35.75001],[139.70836,35.75009]]}},{"type":"Feature","properties":{"tunnel":0},"geometry":{"type":"LineString","coordinates":[[139.70836,35.75009],[139.70846,35.75097]]}},{"type":"Feature","properties":{"tunnel":0},"geometry":{"type":"LineString","coordinates":[[139.70833,35.75394],[139.70828,35.75405],[139.70818,35.75431],[139.70796,35.75504],[139.70782,35.75543]]}},{"type":"Feature","properties":{"tunnel":0},"geometry":{"type":"LineString","coordinates":[[139.70846,35.75371],[139.70833,35.75394]]}},{"type":"Feature","properties":{"tunnel":0},"geometry":{"type":"LineString","coordinates":[[139.70849,35.75361],[139.70846,35.75371]]}},{"type":"Feature","properties":{"tunnel":0},"geometry":{"type":"LineString","coordinates":[[139.70849,35.75361],[139.70872,35.75307],[139.7088,35.75286],[139.70889,35.75265],[139.709,35.75244],[139.7092,35.75219],[139.7094,35.75198],[139.70951,35.75188],[139.70981,35.75163],[139.70995,35.75151],[139.71039,35.75112],[139.71056,35.75097]]}},{"type":"Feature","properties":{"tunnel":0},"geometry":{"type":"LineString","coordinates":[[139.70846,35.75097],[139.70847,35.75104]]}},{"type":"Feature","properties":{"tunnel":0},"geometry":{"type":"LineString","coordinates":[[139.70847,35.75104],[139.70856,35.75249],[139.70858,35.7531],[139.70849,35.75361]]}},{"type":"Feature","properties":{"tunnel":0},"geometry":{"type":"LineString","coordinates":[[139.70782,35.75543],[139.7077,35.75574],[139.70764,35.75591]]}},{"type":"Feature","properties":{"tunnel":1},"geometry":{"type":"LineString","coordinates":[[139.70332,35.63944],[139.70321,35.63959],[139.70301,35.63983],[139.70215,35.64088]]}},{"type":"Feature","properties":{"tunnel":1},"geometry":{"type":"LineString","coordinates":[[139.70355,35.63944],[139.70338,35.63965],[139.70317,35.63991],[139.70215,35.64115]]}},{"type":"Feature","properties":{"tunnel":1},"geometry":{"type":"LineString","coordinates":[[139.70764,35.63368],[139.70679,35.63495],[139.70677,35.63498]]}},{"type":"Feature","properties":{"tunnel":1},"geometry":{"type":"LineString","coordinates":[[139.70764,35.63399],[139.70698,35.63498]]}},{"type":"Feature","properties":{"tunnel":1},"geometry":{"type":"LineString","coordinates":[[139.70677,35.63498],[139.70653,35.63533],[139.70624,35.63574],[139.70596,35.63613],[139.70566,35.6365],[139.70539,35.63683],[139.70511,35.63716],[139.70455,35.63786],[139.7036,35.6391],[139.7034,35.63935],[139.70332,35.63944]]}},{"type":"Feature","properties":{"tunnel":1},"geometry":{"type":"LineString","coordinates":[[139.70698,35.63498],[139.70695,35.63501],[139.7067,35.63539],[139.70641,35.63581],[139.70613,35.63618],[139.70582,35.63658],[139.70555,35.6369],[139.70527,35.63724],[139.70473,35.63793],[139.70377,35.63917],[139.70357,35.63941],[139.70355,35.63944]]}},{"type":"Feature","properties":{"tunnel":0},"geometry":{"type":"LineString","coordinates":[[139.70427,35.65817],[139.70381,35.65813],[139.70313,35.65805],[139.70284,35.65799],[139.70266,35.65794],[139.7023,35.65782]]}},{"type":"Feature","properties":{"tunnel":0},"geometry":{"type":"LineString","coordinates":[[139.70427,35.65817],[139.70764,35.65833]]}},{"type":"Feature","properties":{"tunnel":0},"geometry":{"type":"LineString","coordinates":[[139.7023,35.65782],[139.70215,35.65777]]}},{"type":"Feature","properties":{"tunnel":0},"geometry":{"type":"LineString","coordinates":[[139.70215,35.68016],[139.70366,35.68039],[139.70446,35.68051],[139.70484,35.6806],[139.70511,35.68073],[139.70582,35.6811],[139.7061,35.68122],[139.70635,35.68128],[139.70711,35.68132],[139.70764,35.68135]]}},{"type":"Feature","properties":{"tunnel":0},"geometry":{"type":"LineString","coordinates":[[139.70335,35.7376],[139.70293,35.73724],[139.70216,35.73656],[139.70215,35.73655]]}},{"type":"Feature","properties":{"tunnel":0},"geometry":{"type":"LineString","coordinates":[[139.70547,35.73963],[139.70448,35.73856],[139.70383,35.73801],[139.70335,35.7376]]}},{"type":"Feature","properties":{"tunnel":0},"geometry":{"type":"LineString","coordinates":[[139.70713,35.74167],[139.70707,35.74131],[139.70708,35.74114],[139.70713,35.74097],[139.70725,35.74082],[139.70738,35.7407],[139.7076,35.74054],[139.70764,35.74052]]}},{"type":"Feature","properties":{"tunnel":0},"geometry":{"type":"LineString","coordinates":[[139.70712,35.74167],[139.70677,35.74129],[139.70617,35.74052],[139.70582,35.74008],[139.70547,35.73963]]}},{"type":"Feature","properties":{"tunnel":0},"geometry":{"type":"LineString","coordinates":[[139.70705,35.74145],[139.7072,35.74167]]}},{"type":"Feature","properties":{"tunnel":0},"geometry":{"type":"LineString","coordinates":[[139.70764,35.74041],[139.70752,35.7405],[139.70735,35.74064],[139.70715,35.74089],[139.70706,35.74106],[139.70704,35.74114],[139.70704,35.74122],[139.70705,35.74145]]}},{"type":"Feature","properties":{"tunnel":0},"geometry":{"type":"LineString","coordinates":[[139.70764,35.74057],[139.70762,35.74057]]}},{"type":"Feature","properties":{"tunnel":0},"geometry":{"type":"LineString","coordinates":[[139.70713,35.74168],[139.70713,35.74167]]}},{"type":"Feature","properties":{"tunnel":0},"geometry":{"type":"LineString","coordinates":[[139.70733,35.74189],[139.70713,35.74168]]}},{"type":"Feature","properties":{"tunnel":0},"geometry":{"type":"LineString","coordinates":[[139.70713,35.74168],[139.70712,35.74167]]}},{"type":"Feature","properties":{"tunnel":0},"geometry":{"type":"LineString","coordinates":[[139.7072,35.74167],[139.70724,35.74175]]}},{"type":"Feature","properties":{"tunnel":0},"geometry":{"type":"LineString","coordinates":[[139.70748,35.74205],[139.70733,35.74189]]}},{"type":"Feature","properties":{"tunnel":0},"geometry":{"type":"LineString","coordinates":[[139.70764,35.74223],[139.70748,35.74205]]}},{"type":"Feature","properties":{"tunnel":0},"geometry":{"type":"LineString","coordinates":[[139.70305,35.76667],[139.70305,35.76667],[139.70315,35.76663],[139.70324,35.76659],[139.70329,35.76656],[139.70334,35.76653]]}},{"type":"Feature","properties":{"tunnel":0},"geometry":{"type":"LineString","coordinates":[[139.70334,35.76653],[139.70347,35.76642],[139.70359,35.76628],[139.70368,35.76612],[139.70376,35.76594],[139.70418,35.76496]]}},{"type":"Feature","properties":{"tunnel":0},"geometry":{"type":"LineString","coordinates":[[139.70418,35.76496],[139.70426,35.76471]]}},{"type":"Feature","properties":{"tunnel":0},"geometry":{"type":"LineString","coordinates":[[139.70439,35.76434],[139.70426,35.76471]]}},{"type":"Feature","properties":{"tunnel":0},"geometry":{"type":"LineString","coordinates":[[139.70426,35.76471],[139.70414,35.76467],[139.70426,35.76434]]}},{"type":"Feature","properties":{"tunnel":0},"geometry":{"type":"LineString","coordinates":[[139.70426,35.76471],[139.70437,35.76474],[139.70453,35.76434]]}},{"type":"Feature","properties":{"tunnel":0},"geometry":{"type":"LineString","coordinates":[[139.7025,35.76684],[139.70281,35.76675],[139.70305,35.76667],[139.70305,35.76667]]}},{"type":"Feature","properties":{"tunnel":0},"geometry":{"type":"LineString","coordinates":[[139.70215,35.76691],[139.7025,35.76684]]}},{"type":"Feature","properties":{"tunnel":0},"geometry":{"type":"LineString","coordinates":[[139.70453,35.76397],[139.70439,35.76434]]}},{"type":"Feature","properties":{"tunnel":0},"geometry":{"type":"LineString","coordinates":[[139.70426,35.76434],[139.70442,35.76391],[139.7048,35.76293],[139.70489,35.76272]]}},{"type":"Feature","properties":{"tunnel":0},"geometry":{"type":"LineString","coordinates":[[139.70453,35.76434],[139.70506,35.763],[139.70526,35.76251]]}},{"type":"Feature","properties":{"tunnel":0},"geometry":{"type":"LineString","coordinates":[[139.70494,35.76285],[139.70453,35.76397]]}},{"type":"Feature","properties":{"tunnel":0},"geometry":{"type":"LineString","coordinates":[[139.70489,35.76272],[139.70504,35.76236],[139.70526,35.76179],[139.70549,35.76123],[139.70572,35.76067],[139.70595,35.7601],[139.70603,35.75989]]}},{"type":"Feature","properties":{"tunnel":0},"geometry":{"type":"LineString","coordinates":[[139.70626,35.75989],[139.70614,35.7602],[139.70592,35.76078],[139.7057,35.76135],[139.70548,35.76192],[139.70526,35.76249],[139.70526,35.76251]]}},{"type":"Feature","properties":{"tunnel":0},"geometry":{"type":"LineString","coordinates":[[139.70696,35.75778],[139.70691,35.75788]]}},{"type":"Feature","properties":{"tunnel":0},"geometry":{"type":"LineString","coordinates":[[139.70764,35.75591],[139.70743,35.75646],[139.70732,35.75678],[139.70696,35.75775],[139.70696,35.75778]]}},{"type":"Feature","properties":{"tunnel":0},"geometry":{"type":"LineString","coordinates":[[139.70696,35.75778],[139.70706,35.75783],[139.70686,35.75833]]}},{"type":"Feature","properties":{"tunnel":0},"geometry":{"type":"LineString","coordinates":[[139.70674,35.75833],[139.70691,35.75788]]}},{"type":"Feature","properties":{"tunnel":0},"geometry":{"type":"LineString","coordinates":[[139.70661,35.75833],[139.70679,35.75788],[139.70684,35.75776],[139.7069,35.75777],[139.70696,35.75778]]}},{"type":"Feature","properties":{"tunnel":0},"geometry":{"type":"LineString","coordinates":[[139.70628,35.75946],[139.70643,35.75909]]}},{"type":"Feature","properties":{"tunnel":0},"geometry":{"type":"LineString","coordinates":[[139.70671,35.7584],[139.70674,35.75833]]}},{"type":"Feature","properties":{"tunnel":0},"geometry":{"type":"LineString","coordinates":[[139.70643,35.75909],[139.70671,35.7584]]}},{"type":"Feature","properties":{"tunnel":0},"geometry":{"type":"LineString","coordinates":[[139.70686,35.75833],[139.70685,35.75835]]}},{"type":"Feature","properties":{"tunnel":0},"geometry":{"type":"LineString","coordinates":[[139.70661,35.75834],[139.70661,35.75833]]}},{"type":"Feature","properties":{"tunnel":0},"geometry":{"type":"LineString","coordinates":[[139.70603,35.75989],[139.70615,35.75955],[139.70624,35.75932]]}},{"type":"Feature","properties":{"tunnel":0},"geometry":{"type":"LineString","coordinates":[[139.70624,35.75932],[139.70635,35.75899],[139.70657,35.75843],[139.70661,35.75834]]}},{"type":"Feature","properties":{"tunnel":0},"geometry":{"type":"LineString","coordinates":[[139.70685,35.75835],[139.70681,35.75846],[139.70658,35.75904],[139.70636,35.75962],[139.70626,35.75989]]}},{"type":"Feature","properties":{"tunnel":1},"geometry":{"type":"LineString","coordinates":[[139.7,35.64344],[139.69981,35.64362],[139.69959,35.64381],[139.69947,35.64391]]}},{"type":"Feature","properties":{"tunnel":1},"geometry":{"type":"LineString","coordinates":[[139.7,35.64368],[139.69987,35.64379],[139.69973,35.64391]]}},{"type":"Feature","properties":{"tunnel":1},"geometry":{"type":"LineString","coordinates":[[139.70215,35.64088],[139.7015,35.64167]]}},{"type":"Feature","properties":{"tunnel":1},"geometry":{"type":"LineString","coordinates":[[139.70215,35.64115],[139.70173,35.64167]]}},{"type":"Feature","properties":{"tunnel":1},"geometry":{"type":"LineString","coordinates":[[139.70173,35.64167],[139.70086,35.64273],[139.70063,35.64301],[139.70039,35.6433],[139.70017,35.64352],[139.70003,35.64365],[139.70001,35.64367]]}},{"type":"Feature","properties":{"tunnel":1},"geometry":{"type":"LineString","coordinates":[[139.7015,35.64167],[139.70069,35.64267],[139.70046,35.64294],[139.70022,35.64322],[139.70002,35.64343],[139.7,35.64344]]}},{"type":"Feature","properties":{"tunnel":1},"geometry":{"type":"LineString","coordinates":[[139.70001,35.64367],[139.7,35.64368]]}},{"type":"Feature","properties":{"tunnel":1},"geometry":{"type":"LineString","coordinates":[[139.69947,35.64391],[139.69934,35.64402],[139.69779,35.64532],[139.69753,35.64552],[139.69724,35.64572],[139.697,35.64586],[139.69668,35.64605],[139.69666,35.64607]]}},{"type":"Feature","properties":{"tunnel":1},"geometry":{"type":"LineString","coordinates":[[139.69973,35.64391],[139.69972,35.64391],[139.69947,35.64412],[139.6981,35.64529],[139.69792,35.64543],[139.69764,35.64564],[139.69735,35.64584],[139.69711,35.64598],[139.69679,35.64617],[139.69666,35.64625]]}},{"type":"Feature","properties":{"tunnel":0},"geometry":{"type":"LineString","coordinates":[[139.7,35.65703],[139.6998,35.65696],[139.69968,35.65693],[139.69939,35.65684]]}},{"type":"Feature","properties":{"tunnel":0},"geometry":{"type":"LineString","coordinates":[[139.69743,35.65621],[139.69666,35.65607]]}},{"type":"Feature","properties":{"tunnel":0},"geometry":{"type":"LineString","coordinates":[[139.69743,35.65621],[139.69688,35.65602],[139.69666,35.65596]]}},{"type":"Feature","properties":{"tunnel":0},"geometry":{"type":"LineString","coordinates":[[139.69939,35.65684],[139.69743,35.65621]]}},{"type":"Feature","properties":{"tunnel":0},"geometry":{"type":"LineString","coordinates":[[139.70077,35.6573],[139.70061,35.65724],[139.7,35.65703]]}},{"type":"Feature","properties":{"tunnel":0},"geometry":{"type":"LineString","coordinates":[[139.70215,35.65777],[139.7016,35.65758]]}},{"type":"Feature","properties":{"tunnel":0},"geometry":{"type":"LineString","coordinates":[[139.7016,35.65758],[139.70127,35.65746],[139.70077,35.6573]]}},{"type":"Feature","properties":{"tunnel":0},"geometry":{"type":"LineString","coordinates":[[139.69666,35.68042],[139.6968,35.68051],[139.69724,35.68077]]}},{"type":"Feature","properties":{"tunnel":0},"geometry":{"type":"LineString","coordinates":[[139.69724,35.68077],[139.69755,35.68089],[139.69789,35.68097],[139.69818,35.68099],[139.69846,35.68097],[139.69888,35.68089]]}},{"type":"Feature","properties":{"tunnel":0},"geometry":{"type":"LineString","coordinates":[[139.69888,35.68089],[139.69912,35.68079],[139.69935,35.68069],[139.69973,35.68048]]}},{"type":"Feature","properties":{"tunnel":0},"geometry":{"type":"LineString","coordinates":[[139.69973,35.68048],[139.7,35.68034]]}},{"type":"Feature","properties":{"tunnel":0},"geometry":{"type":"LineString","coordinates":[[139.69888,35.68089],[139.69876,35.68105],[139.69873,35.68106]]}},{"type":"Feature","properties":{"tunnel":0},"geometry":{"type":"LineString","coordinates":[[139.69763,35.68106],[139.69758,35.68104],[139.69738,35.68096],[139.69732,35.6809],[139.69724,35.68077]]}},{"type":"Feature","properties":{"tunnel":0},"geometry":{"type":"LineString","coordinates":[[139.69873,35.68106],[139.69848,35.68116],[139.69836,35.68117],[139.69815,35.68118],[139.69796,35.68119],[139.69782,35.68115],[139.69771,35.68111],[139.69767,35.68108],[139.69763,35.68106]]}},{"type":"Feature","properties":{"tunnel":0},"geometry":{"type":"LineString","coordinates":[[139.70164,35.68008],[139.70215,35.68016]]}},{"type":"Feature","properties":{"tunnel":0},"geometry":{"type":"LineString","coordinates":[[139.7,35.68034],[139.7004,35.68014],[139.70061,35.68004],[139.70076,35.68001],[139.70088,35.68],[139.70104,35.68],[139.70164,35.68008]]}},{"type":"Feature","properties":{"tunnel":1},"geometry":{"type":"LineString","coordinates":[[139.69937,35.73314],[139.69923,35.73286],[139.69913,35.73261],[139.6988,35.73195],[139.69861,35.73156],[139.69808,35.73045],[139.69792,35.73015]]}},{"type":"Feature","properties":{"tunnel":1},"geometry":{"type":"LineString","coordinates":[[139.69792,35.73015],[139.69768,35.72966],[139.69755,35.72937],[139.69733,35.72891],[139.69724,35.72874],[139.69721,35.72868]]}},{"type":"Feature","properties":{"tunnel":1},"geometry":{"type":"LineString","coordinates":[[139.69792,35.73015],[139.69783,35.72999]]}},{"type":"Feature","properties":{"tunnel":0},"geometry":{"type":"LineString","coordinates":[[139.69783,35.72999],[139.69746,35.72927]]}},{"type":"Feature","properties":{"tunnel":1},"geometry":{"type":"LineString","coordinates":[[139.69946,35.73333],[139.69937,35.73314]]}},{"type":"Feature","properties":{"tunnel":1},"geometry":{"type":"LineString","coordinates":[[139.69973,35.73391],[139.69946,35.73333]]}},{"type":"Feature","properties":{"tunnel":1},"geometry":{"type":"LineString","coordinates":[[139.69978,35.734],[139.69973,35.73391]]}},{"type":"Feature","properties":{"tunnel":0},"geometry":{"type":"LineString","coordinates":[[139.7,35.73435],[139.69992,35.73421],[139.69978,35.734]]}},{"type":"Feature","properties":{"tunnel":0},"geometry":{"type":"LineString","coordinates":[[139.70199,35.73641],[139.70093,35.73547],[139.70062,35.73517],[139.70031,35.73482],[139.7,35.73435]]}},{"type":"Feature","properties":{"tunnel":0},"geometry":{"type":"LineString","coordinates":[[139.70215,35.73655],[139.70199,35.73641]]}},{"type":"Feature","properties":{"tunnel":1},"geometry":{"type":"LineString","coordinates":[[139.69721,35.72868],[139.69696,35.72823],[139.69666,35.72781]]}},{"type":"Feature","properties":{"tunnel":0},"geometry":{"type":"LineString","coordinates":[[139.69666,35.76886],[139.69676,35.7688]]}},{"type":"Feature","properties":{"tunnel":0},"geometry":{"type":"LineString","coordinates":[[139.69866,35.76768],[139.69883,35.76759]]}},{"type":"Feature","properties":{"tunnel":0},"geometry":{"type":"LineString","coordinates":[[139.69966,35.76728],[139.69978,35.76725],[139.69988,35.76723],[139.7,35.76721]]}},{"type":"Feature","properties":{"tunnel":0},"geometry":{"type":"LineString","coordinates":[[139.69685,35.76874],[139.69723,35.76852],[139.6978,35.76818],[139.69788,35.76813],[139.69826,35.7679],[139.69866,35.76768]]}},{"type":"Feature","properties":{"tunnel":0},"geometry":{"type":"LineString","coordinates":[[139.69883,35.76759],[139.69894,35.76753]]}},{"type":"Feature","properties":{"tunnel":0},"geometry":{"type":"LineString","coordinates":[[139.69894,35.76753],[139.69917,35.76743],[139.69934,35.76737],[139.69966,35.76728]]}},{"type":"Feature","properties":{"tunnel":0},"geometry":{"type":"LineString","coordinates":[[139.69676,35.7688],[139.69685,35.76874]]}},{"type":"Feature","properties":{"tunnel":0},"geometry":{"type":"LineString","coordinates":[[139.7,35.76721],[139.70027,35.76716],[139.70078,35.76709]]}},{"type":"Feature","properties":{"tunnel":0},"geometry":{"type":"LineString","coordinates":[[139.70078,35.76709],[139.7012,35.76704],[139.70171,35.76696],[139.70213,35.76691],[139.70215,35.76691]]}},{"type":"Feature","properties":{"tunnel":1},"geometry":{"type":"LineString","coordinates":[[139.69666,35.64607],[139.6956,35.64669],[139.6949,35.64713],[139.69295,35.64837]]}},{"type":"Feature","properties":{"tunnel":1},"geometry":{"type":"LineString","coordinates":[[139.69666,35.64625],[139.69626,35.64647],[139.69589,35.64669],[139.69555,35.64688],[139.69498,35.6472],[139.69387,35.64784],[139.69345,35.64809],[139.69302,35.64835],[139.693,35.64837]]}},{"type":"Feature","properties":{"tunnel":1},"geometry":{"type":"LineString","coordinates":[[139.69131,35.64947],[139.69123,35.64952],[139.69116,35.64957]]}},{"type":"Feature","properties":{"tunnel":1},"geometry":{"type":"LineString","coordinates":[[139.69167,35.64921],[139.69133,35.64945],[139.69123,35.64952],[139.6912,35.64954]]}},{"type":"Feature","properties":{"tunnel":1},"geometry":{"type":"LineString","coordinates":[[139.69167,35.6492],[139.69141,35.64939],[139.69131,35.64947]]}},{"type":"Feature","properties":{"tunnel":1},"geometry":{"type":"LineString","coordinates":[[139.6912,35.64954],[139.69116,35.64954]]}},{"type":"Feature","properties":{"tunnel":1},"geometry":{"type":"LineString","coordinates":[[139.6912,35.64954],[139.69116,35.64957]]}},{"type":"Feature","properties":{"tunnel":1},"geometry":{"type":"LineString","coordinates":[[139.69131,35.64947],[139.69117,35.64946],[139.69116,35.64946]]}},{"type":"Feature","properties":{"tunnel":1},"geometry":{"type":"LineString","coordinates":[[139.69295,35.64837],[139.69244,35.6487],[139.69201,35.64897],[139.6917,35.64918],[139.69167,35.6492]]}},{"type":"Feature","properties":{"tunnel":1},"geometry":{"type":"LineString","coordinates":[[139.693,35.64837],[139.69241,35.64873],[139.69202,35.64898],[139.6917,35.64919],[139.69167,35.64921]]}},{"type":"Feature","properties":{"tunnel":0},"geometry":{"type":"LineString","coordinates":[[139.69116,35.65325],[139.69152,35.65336],[139.69167,35.6534]]}},{"type":"Feature","properties":{"tunnel":0},"geometry":{"type":"LineString","coordinates":[[139.69474,35.65543],[139.69487,35.65551],[139.695,35.6556],[139.69522,35.6557],[139.69554,35.65582],[139.69601,35.65595]]}},{"type":"Feature","properties":{"tunnel":0},"geometry":{"type":"LineString","coordinates":[[139.69167,35.6534],[139.69244,35.65361],[139.69287,35.65375],[139.69303,35.65384]]}},{"type":"Feature","properties":{"tunnel":0},"geometry":{"type":"LineString","coordinates":[[139.69666,35.65607],[139.69641,35.65602],[139.69601,35.65595]]}},{"type":"Feature","properties":{"tunnel":0},"geometry":{"type":"LineString","coordinates":[[139.69303,35.65384],[139.6932,35.65392],[139.69347,35.65411],[139.69373,35.65434],[139.69404,35.65467],[139.69458,35.65528],[139.69474,35.65543]]}},{"type":"Feature","properties":{"tunnel":0},"geometry":{"type":"LineString","coordinates":[[139.69601,35.65595],[139.69555,35.65594],[139.69524,35.65586],[139.69489,35.65572],[139.69472,35.6556],[139.69464,35.65555],[139.69454,35.65546],[139.69441,35.65532],[139.69409,35.65492]]}},{"type":"Feature","properties":{"tunnel":0},"geometry":{"type":"LineString","coordinates":[[139.69643,35.6559],[139.69622,35.65585],[139.6955,35.65568]]}},{"type":"Feature","properties":{"tunnel":0},"geometry":{"type":"LineString","coordinates":[[139.69666,35.65596],[139.69643,35.6559]]}},{"type":"Feature","properties":{"tunnel":0},"geometry":{"type":"LineString","coordinates":[[139.69449,35.67941],[139.69456,35.67948],[139.69476,35.67957],[139.69487,35.67961]]}},{"type":"Feature","properties":{"tunnel":0},"geometry":{"type":"LineString","coordinates":[[139.69449,35.67957],[139.69453,35.67961]]}},{"type":"Feature","properties":{"tunnel":0},"geometry":{"type":"LineString","coordinates":[[139.69342,35.67696],[139.69348,35.67714]]}},{"type":"Feature","properties":{"tunnel":0},"geometry":{"type":"LineString","coordinates":[[139.69257,35.67589],[139.69273,35.67622],[139.6929,35.67647],[139.69308,35.67675],[139.69335,35.67711],[139.69345,35.67724]]}},{"type":"Feature","properties":{"tunnel":1},"geometry":{"type":"LineString","coordinates":[[139.69404,35.67852],[139.69421,35.67896],[139.69436,35.67924],[139.69443,35.67935],[139.69449,35.67941]]}},{"type":"Feature","properties":{"tunnel":0},"geometry":{"type":"LineString","coordinates":[[139.69345,35.67724],[139.69354,35.67744],[139.69372,35.6779],[139.69396,35.67854]]}},{"type":"Feature","properties":{"tunnel":0},"geometry":{"type":"LineString","coordinates":[[139.69348,35.67714],[139.69354,35.67724],[139.69361,35.67737],[139.69366,35.6775],[139.69404,35.67852]]}},{"type":"Feature","properties":{"tunnel":1},"geometry":{"type":"LineString","coordinates":[[139.69396,35.67854],[139.6941,35.67893],[139.69437,35.67943],[139.69449,35.67957]]}},{"type":"Feature","properties":{"tunnel":0},"geometry":{"type":"LineString","coordinates":[[139.69146,35.68322],[139.69163,35.68295],[139.69167,35.68289]]}},{"type":"Feature","properties":{"tunnel":0},"geometry":{"type":"LineString","coordinates":[[139.69146,35.68322],[139.69142,35.68328]]}},{"type":"Feature","properties":{"tunnel":0},"geometry":{"type":"LineString","coordinates":[[139.69116,35.68328],[139.69124,35.68319],[139.69167,35.68258]]}},{"type":"Feature","properties":{"tunnel":0},"geometry":{"type":"LineString","coordinates":[[139.69142,35.68328],[139.6914,35.68333]]}},{"type":"Feature","properties":{"tunnel":0},"geometry":{"type":"LineString","coordinates":[[139.69126,35.68333],[139.69134,35.68323],[139.69162,35.68281],[139.69167,35.68274]]}},{"type":"Feature","properties":{"tunnel":0},"geometry":{"type":"LineString","coordinates":[[139.69116,35.68392],[139.69116,35.68399],[139.69116,35.68407]]}},{"type":"Feature","properties":{"tunnel":0},"geometry":{"type":"LineString","coordinates":[[139.69116,35.68353],[139.6912,35.68351],[139.69139,35.68335]]}},{"type":"Feature","properties":{"tunnel":0},"geometry":{"type":"LineString","coordinates":[[139.69116,35.68347],[139.69123,35.68337],[139.69126,35.68333]]}},{"type":"Feature","properties":{"tunnel":0},"geometry":{"type":"LineString","coordinates":[[139.6914,35.68333],[139.69139,35.68335]]}},{"type":"Feature","properties":{"tunnel":0},"geometry":{"type":"LineString","coordinates":[[139.69139,35.68335],[139.69128,35.68363],[139.6912,35.68382],[139.69116,35.68392]]}},{"type":"Feature","properties":{"tunnel":0},"geometry":{"type":"LineString","coordinates":[[139.69167,35.68289],[139.69167,35.68289],[139.69231,35.68196],[139.69225,35.68193]]}},{"type":"Feature","properties":{"tunnel":0},"geometry":{"type":"LineString","coordinates":[[139.69167,35.68258],[139.69167,35.68258],[139.69212,35.68193],[139.69225,35.68193]]}},{"type":"Feature","properties":{"tunnel":0},"geometry":{"type":"LineString","coordinates":[[139.69167,35.68274],[139.69167,35.68274],[139.69175,35.68263],[139.69215,35.68202],[139.69225,35.68193]]}},{"type":"Feature","properties":{"tunnel":0},"geometry":{"type":"LineString","coordinates":[[139.69225,35.68193],[139.69323,35.68055],[139.69356,35.6801],[139.69365,35.68],[139.69378,35.67988],[139.69397,35.67977],[139.69417,35.67971],[139.69439,35.67969],[139.69466,35.67971],[139.6949,35.67975],[139.69533,35.67982],[139.69566,35.67991]]}},{"type":"Feature","properties":{"tunnel":0},"geometry":{"type":"LineString","coordinates":[[139.69638,35.68023],[139.69666,35.68042]]}},{"type":"Feature","properties":{"tunnel":0},"geometry":{"type":"LineString","coordinates":[[139.69616,35.68011],[139.69638,35.68023]]}},{"type":"Feature","properties":{"tunnel":0},"geometry":{"type":"LineString","coordinates":[[139.69618,35.67995],[139.6963,35.68003],[139.69638,35.68023]]}},{"type":"Feature","properties":{"tunnel":0},"geometry":{"type":"LineString","coordinates":[[139.69586,35.68012],[139.69604,35.68019],[139.69638,35.68023]]}},{"type":"Feature","properties":{"tunnel":0},"geometry":{"type":"LineString","coordinates":[[139.69487,35.67961],[139.69493,35.67963],[139.69531,35.67972],[139.6956,35.67976],[139.69593,35.67984],[139.69618,35.67995]]}},{"type":"Feature","properties":{"tunnel":0},"geometry":{"type":"LineString","coordinates":[[139.69453,35.67961],[139.69459,35.67967],[139.69489,35.67986],[139.69502,35.67991],[139.69534,35.67998],[139.69557,35.68002],[139.69586,35.68012]]}},{"type":"Feature","properties":{"tunnel":0},"geometry":{"type":"LineString","coordinates":[[139.69566,35.67991],[139.69579,35.67995],[139.69616,35.68011]]}},{"type":"Feature","properties":{"tunnel":0},"geometry":{"type":"LineString","coordinates":[[139.69116,35.68407],[139.69116,35.68409]]}},{"type":"Feature","properties":{"tunnel":0},"geometry":{"type":"LineString","coordinates":[[139.69116,35.68444],[139.69117,35.68445]]}},{"type":"Feature","properties":{"tunnel":0},"geometry":{"type":"LineString","coordinates":[[139.69117,35.68445],[139.69116,35.68443]]}},{"type":"Feature","properties":{"tunnel":0},"geometry":{"type":"LineString","coordinates":[[139.69117,35.68445],[139.69151,35.68464],[139.69163,35.68474],[139.69167,35.68478]]}},{"type":"Feature","properties":{"tunnel":0},"geometry":{"type":"LineString","coordinates":[[139.69116,35.68409],[139.69119,35.6842],[139.69125,35.68431],[139.69135,35.6844]]}},{"type":"Feature","properties":{"tunnel":0},"geometry":{"type":"LineString","coordinates":[[139.69161,35.68663],[139.69167,35.68638]]}},{"type":"Feature","properties":{"tunnel":0},"geometry":{"type":"LineString","coordinates":[[139.69167,35.68478],[139.69174,35.68486],[139.69176,35.68491],[139.69182,35.68503],[139.69188,35.68522],[139.69184,35.68552],[139.69183,35.68567]]}},{"type":"Feature","properties":{"tunnel":0},"geometry":{"type":"LineString","coordinates":[[139.69183,35.68567],[139.69192,35.68554],[139.69198,35.68519],[139.69198,35.68505],[139.69195,35.68494],[139.69192,35.68489],[139.69187,35.68481],[139.69181,35.68474],[139.69175,35.6847],[139.69167,35.68465]]}},{"type":"Feature","properties":{"tunnel":0},"geometry":{"type":"LineString","coordinates":[[139.69167,35.68638],[139.69167,35.68636],[139.6918,35.68581]]}},{"type":"Feature","properties":{"tunnel":0},"geometry":{"type":"LineString","coordinates":[[139.6918,35.68581],[139.69183,35.68567]]}},{"type":"Feature","properties":{"tunnel":1},"geometry":{"type":"LineString","coordinates":[[139.69483,35.725],[139.69483,35.725],[139.69464,35.72471],[139.69443,35.72444]]}},{"type":"Feature","properties":{"tunnel":1},"geometry":{"type":"LineString","coordinates":[[139.69443,35.72444],[139.69433,35.72434],[139.69422,35.72422]]}},{"type":"Feature","properties":{"tunnel":1},"geometry":{"type":"LineString","coordinates":[[139.69455,35.72459],[139.69443,35.72444]]}},{"type":"Feature","properties":{"tunnel":0},"geometry":{"type":"LineString","coordinates":[[139.69482,35.725],[139.69482,35.725],[139.69467,35.72477]]}},{"type":"Feature","properties":{"tunnel":0},"geometry":{"type":"LineString","coordinates":[[139.69467,35.72477],[139.69455,35.72459]]}},{"type":"Feature","properties":{"tunnel":0},"geometry":{"type":"LineString","coordinates":[[139.69483,35.725],[139.69482,35.725]]}},{"type":"Feature","properties":{"tunnel":1},"geometry":{"type":"LineString","coordinates":[[139.69489,35.72509],[139.69483,35.725]]}},{"type":"Feature","properties":{"tunnel":0},"geometry":{"type":"LineString","coordinates":[[139.69499,35.72527],[139.69485,35.72505]]}},{"type":"Feature","properties":{"tunnel":0},"geometry":{"type":"LineString","coordinates":[[139.69633,35.72734],[139.69621,35.72711],[139.69514,35.7255],[139.69508,35.72539],[139.69499,35.72527]]}},{"type":"Feature","properties":{"tunnel":0},"geometry":{"type":"LineString","coordinates":[[139.69485,35.72505],[139.69483,35.725]]}},{"type":"Feature","properties":{"tunnel":1},"geometry":{"type":"LineString","coordinates":[[139.69666,35.72781],[139.69631,35.72733],[139.69565,35.7263],[139.69533,35.72574],[139.69499,35.72525],[139.69489,35.72509]]}},{"type":"Feature","properties":{"tunnel":1},"geometry":{"type":"LineString","coordinates":[[139.69164,35.72151],[139.6912,35.72106],[139.69116,35.72102]]}},{"type":"Feature","properties":{"tunnel":1},"geometry":{"type":"LineString","coordinates":[[139.69167,35.72154],[139.69164,35.72151]]}},{"type":"Feature","properties":{"tunnel":1},"geometry":{"type":"LineString","coordinates":[[139.6942,35.7242],[139.69403,35.724],[139.69379,35.7237],[139.69324,35.72317],[139.69246,35.72236],[139.69167,35.72154]]}},{"type":"Feature","properties":{"tunnel":1},"geometry":{"type":"LineString","coordinates":[[139.69422,35.72422],[139.6942,35.7242]]}},{"type":"Feature","properties":{"tunnel":0},"geometry":{"type":"LineString","coordinates":[[139.69145,35.77265],[139.69167,35.7726]]}},{"type":"Feature","properties":{"tunnel":0},"geometry":{"type":"LineString","coordinates":[[139.69116,35.77272],[139.69145,35.77265]]}},{"type":"Feature","properties":{"tunnel":0},"geometry":{"type":"LineString","coordinates":[[139.69167,35.7726],[139.69222,35.77246],[139.69246,35.7724],[139.693,35.77226],[139.69314,35.77222],[139.69334,35.77215],[139.69363,35.77204],[139.69399,35.77183],[139.69425,35.77163]]}},{"type":"Feature","properties":{"tunnel":0},"geometry":{"type":"LineString","coordinates":[[139.69425,35.77163],[139.69443,35.77145],[139.6946,35.77124],[139.6947,35.77109],[139.69503,35.7705],[139.6952,35.7702],[139.69553,35.7697],[139.69592,35.76932],[139.69604,35.76924],[139.69626,35.76909],[139.69666,35.76886]]}},{"type":"Feature","properties":{"tunnel":1},"geometry":{"type":"LineString","coordinates":[[139.69096,35.6573],[139.69095,35.65739],[139.6909,35.65762],[139.69069,35.65804],[139.69052,35.65832],[139.69051,35.65833]]}},{"type":"Feature","properties":{"tunnel":1},"geometry":{"type":"LineString","coordinates":[[139.69051,35.65833],[139.68937,35.65969],[139.68892,35.66028],[139.68823,35.66106],[139.68809,35.66126],[139.68789,35.66161],[139.68787,35.66165],[139.68783,35.66176]]}},{"type":"Feature","properties":{"tunnel":1},"geometry":{"type":"LineString","coordinates":[[139.69116,35.64957],[139.69112,35.64961],[139.69087,35.64981],[139.69067,35.64999],[139.69067,35.65]]}},{"type":"Feature","properties":{"tunnel":1},"geometry":{"type":"LineString","coordinates":[[139.69116,35.64954],[139.69105,35.64954],[139.69092,35.64963],[139.69078,35.64974],[139.69065,35.64986],[139.6905,35.64999],[139.6905,35.65]]}},{"type":"Feature","properties":{"tunnel":1},"geometry":{"type":"LineString","coordinates":[[139.69116,35.64957],[139.69111,35.6496],[139.69087,35.64981],[139.69067,35.64999],[139.69066,35.65]]}},{"type":"Feature","properties":{"tunnel":1},"geometry":{"type":"LineString","coordinates":[[139.69116,35.64946],[139.69093,35.64963],[139.69079,35.64974],[139.69065,35.64986],[139.69051,35.64999],[139.6905,35.65]]}},{"type":"Feature","properties":{"tunnel":1},"geometry":{"type":"LineString","coordinates":[[139.69067,35.65],[139.69048,35.65017],[139.69033,35.65032],[139.69017,35.65051],[139.69006,35.65065],[139.68995,35.65081],[139.68988,35.65094],[139.68983,35.65105],[139.68978,35.6512],[139.68974,35.65131],[139.68971,35.65144],[139.68969,35.65157],[139.68968,35.65173],[139.68967,35.65193],[139.68967,35.65216],[139.68966,35.65239],[139.68965,35.65283]]}},{"type":"Feature","properties":{"tunnel":1},"geometry":{"type":"LineString","coordinates":[[139.6905,35.65],[139.69033,35.65017],[139.69014,35.65036],[139.68987,35.65064],[139.68945,35.65106],[139.68875,35.65173],[139.68868,35.65179],[139.68861,35.65185],[139.68853,35.6519],[139.68845,35.65194],[139.68836,35.65197],[139.68828,35.65199],[139.6882,35.65199],[139.68811,35.65199],[139.68802,35.65198],[139.68792,35.65196],[139.68783,35.65193],[139.68757,35.65183],[139.68743,35.65178]]}},{"type":"Feature","properties":{"tunnel":1},"geometry":{"type":"LineString","coordinates":[[139.6905,35.65],[139.69033,35.65017],[139.69014,35.65036],[139.68986,35.65064],[139.68944,35.65105],[139.68874,35.65172],[139.68868,35.65178],[139.6886,35.65184],[139.68854,35.65189],[139.68845,35.65193],[139.68837,35.65195],[139.6883,35.65196],[139.68823,35.65196],[139.68816,35.65196],[139.68809,35.65195],[139.68802,35.65193],[139.68794,35.65191],[139.68782,35.65194]]}},{"type":"Feature","properties":{"tunnel":1},"geometry":{"type":"LineString","coordinates":[[139.69066,35.65],[139.69048,35.65017],[139.69033,35.65032],[139.69017,35.65051],[139.69006,35.65065],[139.68995,35.65081],[139.68988,35.65093],[139.68982,35.65105],[139.68977,35.6512],[139.68974,35.65131],[139.68971,35.65144],[139.68969,35.65157],[139.68968,35.65173],[139.68967,35.65193],[139.68966,35.65216],[139.68965,35.65239],[139.68964,35.65283]]}},{"type":"Feature","properties":{"tunnel":0},"geometry":{"type":"LineString","coordinates":[[139.68896,35.65257],[139.68931,35.65268],[139.68964,35.65278],[139.68981,35.65283]]}},{"type":"Feature","properties":{"tunnel":0},"geometry":{"type":"LineString","coordinates":[[139.68767,35.65192],[139.68768,35.65204],[139.6877,35.65211],[139.68778,35.65222],[139.68789,35.65231],[139.68815,35.65242],[139.6885,35.6525],[139.68899,35.65266],[139.68958,35.65283]]}},{"type":"Feature","properties":{"tunnel":0},"geometry":{"type":"LineString","coordinates":[[139.68567,35.65125],[139.6859,35.65137]]}},{"type":"Feature","properties":{"tunnel":0},"geometry":{"type":"LineString","coordinates":[[139.68784,35.65162],[139.68777,35.65171],[139.68771,35.65181],[139.68767,35.65192]]}},{"type":"Feature","properties":{"tunnel":0},"geometry":{"type":"LineString","coordinates":[[139.68861,35.65235],[139.6887,35.6524],[139.68896,35.65257]]}},{"type":"Feature","properties":{"tunnel":0},"geometry":{"type":"LineString","coordinates":[[139.68792,35.65186],[139.68795,35.65197],[139.68804,35.65209],[139.68819,35.65219],[139.68849,35.6523],[139.68861,35.65235]]}},{"type":"Feature","properties":{"tunnel":0},"geometry":{"type":"LineString","coordinates":[[139.6859,35.65137],[139.68653,35.65171],[139.68698,35.6519],[139.68731,35.65204],[139.68776,35.65218],[139.68794,35.65224],[139.6884,35.65239]]}},{"type":"Feature","properties":{"tunnel":0},"geometry":{"type":"LineString","coordinates":[[139.68567,35.65112],[139.68639,35.65149],[139.6868,35.65167],[139.68697,35.65172],[139.68711,35.65174],[139.68722,35.65174],[139.68731,35.65174],[139.68745,35.65172],[139.68756,35.65167]]}},{"type":"Feature","properties":{"tunnel":0},"geometry":{"type":"LineString","coordinates":[[139.6884,35.65239],[139.68877,35.65252],[139.68896,35.65257]]}},{"type":"Feature","properties":{"tunnel":0},"geometry":{"type":"LineString","coordinates":[[139.68756,35.65167],[139.6877,35.6516],[139.68779,35.65155],[139.68808,35.65136]]}},{"type":"Feature","properties":{"tunnel":0},"geometry":{"type":"LineString","coordinates":[[139.68808,35.65136],[139.68814,35.65129]]}},{"type":"Feature","properties":{"tunnel":0},"geometry":{"type":"LineString","coordinates":[[139.68814,35.65129],[139.68784,35.65162]]}},{"type":"Feature","properties":{"tunnel":0},"geometry":{"type":"LineString","coordinates":[[139.68808,35.65136],[139.6878,35.65148],[139.6876,35.65152],[139.68737,35.65153],[139.6871,35.65152],[139.68668,35.65148],[139.6859,35.65137]]}},{"type":"Feature","properties":{"tunnel":0},"geometry":{"type":"LineString","coordinates":[[139.68808,35.65136],[139.68796,35.65159],[139.6879,35.6518],[139.68792,35.65186]]}},{"type":"Feature","properties":{"tunnel":1},"geometry":{"type":"LineString","coordinates":[[139.68743,35.65178],[139.68782,35.65194]]}},{"type":"Feature","properties":{"tunnel":1},"geometry":{"type":"LineString","coordinates":[[139.68782,35.65194],[139.68836,35.65216],[139.68889,35.65241],[139.68914,35.65255],[139.68929,35.65271],[139.68938,35.65283]]}},{"type":"Feature","properties":{"tunnel":0},"geometry":{"type":"LineString","coordinates":[[139.68814,35.65129],[139.68822,35.65115],[139.68828,35.65101],[139.68834,35.65086],[139.68835,35.65071],[139.68829,35.6506],[139.68821,35.6505],[139.68809,35.65042],[139.68795,35.65038],[139.68768,35.65037],[139.68749,35.65043],[139.68723,35.65057],[139.687,35.65075],[139.68687,35.6509],[139.68681,35.65106],[139.68679,35.65119],[139.68684,35.65136],[139.68687,35.6514]]}},{"type":"Feature","properties":{"tunnel":1},"geometry":{"type":"LineString","coordinates":[[139.68687,35.6514],[139.68698,35.65155],[139.6871,35.65163],[139.68743,35.65178]]}},{"type":"Feature","properties":{"tunnel":1},"geometry":{"type":"LineString","coordinates":[[139.68965,35.65283],[139.68963,35.65371]]}},{"type":"Feature","properties":{"tunnel":1},"geometry":{"type":"LineString","coordinates":[[139.68964,35.65283],[139.68962,35.65368]]}},{"type":"Feature","properties":{"tunnel":0},"geometry":{"type":"LineString","coordinates":[[139.69053,35.65305],[139.69063,35.65308],[139.69085,35.65315]]}},{"type":"Feature","properties":{"tunnel":0},"geometry":{"type":"LineString","coordinates":[[139.69026,35.65304],[139.6905,35.6531],[139.69085,35.65315]]}},{"type":"Feature","properties":{"tunnel":0},"geometry":{"type":"LineString","coordinates":[[139.69085,35.65315],[139.69116,35.65325]]}},{"type":"Feature","properties":{"tunnel":0},"geometry":{"type":"LineString","coordinates":[[139.68981,35.65283],[139.69015,35.65294],[139.69053,35.65305]]}},{"type":"Feature","properties":{"tunnel":0},"geometry":{"type":"LineString","coordinates":[[139.68958,35.65283],[139.69026,35.65304]]}},{"type":"Feature","properties":{"tunnel":1},"geometry":{"type":"LineString","coordinates":[[139.68963,35.65371],[139.68977,35.65436],[139.69058,35.65595],[139.69089,35.65667],[139.69092,35.65674],[139.69096,35.65684],[139.69098,35.6571],[139.69096,35.6573]]}},{"type":"Feature","properties":{"tunnel":1},"geometry":{"type":"LineString","coordinates":[[139.68962,35.65368],[139.68963,35.65371]]}},{"type":"Feature","properties":{"tunnel":1},"geometry":{"type":"LineString","coordinates":[[139.68938,35.65283],[139.68947,35.65297],[139.68958,35.65343],[139.68962,35.65368]]}},{"type":"Feature","properties":{"tunnel":1},"geometry":{"type":"LineString","coordinates":[[139.68782,35.67515],[139.68783,35.67536],[139.68784,35.67558],[139.68784,35.6757],[139.68786,35.67647],[139.68788,35.67698],[139.68793,35.67724]]}},{"type":"Feature","properties":{"tunnel":0},"geometry":{"type":"LineString","coordinates":[[139.68859,35.67927],[139.68861,35.6794]]}},{"type":"Feature","properties":{"tunnel":0},"geometry":{"type":"LineString","coordinates":[[139.68861,35.6794],[139.68863,35.67961]]}},{"type":"Feature","properties":{"tunnel":0},"geometry":{"type":"LineString","coordinates":[[139.68794,35.67734],[139.68795,35.67738],[139.68798,35.67747],[139.68805,35.67767],[139.68833,35.67839],[139.68844,35.67869],[139.68846,35.67874],[139.68853,35.67898],[139.68855,35.67907],[139.68859,35.67927]]}},{"type":"Feature","properties":{"tunnel":0},"geometry":{"type":"LineString","coordinates":[[139.68786,35.6765],[139.68786,35.67649],[139.68785,35.67629],[139.68785,35.67624],[139.68783,35.6757],[139.68783,35.67558],[139.68782,35.67524],[139.68782,35.67515]]}},{"type":"Feature","properties":{"tunnel":1},"geometry":{"type":"LineString","coordinates":[[139.68864,35.67961],[139.68861,35.67936],[139.68856,35.67905],[139.68851,35.67884],[139.6884,35.67855],[139.68832,35.67835],[139.6883,35.67828],[139.68808,35.67772],[139.68799,35.67748],[139.68793,35.67724]]}},{"type":"Feature","properties":{"tunnel":1},"geometry":{"type":"LineString","coordinates":[[139.68793,35.67724],[139.68794,35.67734]]}},{"type":"Feature","properties":{"tunnel":1},"geometry":{"type":"LineString","coordinates":[[139.68776,35.67369],[139.68777,35.67382],[139.68778,35.67425],[139.6878,35.67473],[139.68781,35.67486],[139.68782,35.675]]}},{"type":"Feature","properties":{"tunnel":1},"geometry":{"type":"LineString","coordinates":[[139.68779,35.67069],[139.68773,35.67163],[139.68771,35.67188],[139.68772,35.67264],[139.68772,35.67285],[139.68776,35.67369]]}},{"type":"Feature","properties":{"tunnel":1},"geometry":{"type":"LineString","coordinates":[[139.68776,35.67378],[139.68776,35.67369],[139.68776,35.67369]]}},{"type":"Feature","properties":{"tunnel":0},"geometry":{"type":"LineString","coordinates":[[139.68781,35.675],[139.6878,35.67486],[139.68779,35.67473],[139.68779,35.67464],[139.68778,35.67425],[139.68777,35.67405],[139.68776,35.67378]]}},{"type":"Feature","properties":{"tunnel":1},"geometry":{"type":"LineString","coordinates":[[139.68782,35.675],[139.68782,35.67515]]}},{"type":"Feature","properties":{"tunnel":0},"geometry":{"type":"LineString","coordinates":[[139.68782,35.67515],[139.68781,35.675]]}},{"type":"Feature","properties":{"tunnel":0},"geometry":{"type":"LineString","coordinates":[[139.68781,35.675],[139.68781,35.675]]}},{"type":"Feature","properties":{"tunnel":1},"geometry":{"type":"LineString","coordinates":[[139.68783,35.66176],[139.68773,35.66203],[139.68772,35.66214]]}},{"type":"Feature","properties":{"tunnel":1},"geometry":{"type":"LineString","coordinates":[[139.68772,35.66214],[139.68769,35.66236],[139.68767,35.66273],[139.68773,35.66335],[139.6878,35.66392]]}},{"type":"Feature","properties":{"tunnel":0},"geometry":{"type":"LineString","coordinates":[[139.68743,35.66252],[139.68764,35.66276],[139.6877,35.66311],[139.68775,35.6636]]}},{"type":"Feature","properties":{"tunnel":0},"geometry":{"type":"LineString","coordinates":[[139.68793,35.66394],[139.68781,35.66421],[139.68788,35.66507]]}},{"type":"Feature","properties":{"tunnel":1},"geometry":{"type":"LineString","coordinates":[[139.68788,35.66507],[139.68787,35.66532]]}},{"type":"Feature","properties":{"tunnel":1},"geometry":{"type":"LineString","coordinates":[[139.6878,35.66392],[139.68785,35.66491],[139.68787,35.66532]]}},{"type":"Feature","properties":{"tunnel":1},"geometry":{"type":"LineString","coordinates":[[139.68775,35.6636],[139.6878,35.66392]]}},{"type":"Feature","properties":{"tunnel":1},"geometry":{"type":"LineString","coordinates":[[139.68787,35.66532],[139.68792,35.66622]]}},{"type":"Feature","properties":{"tunnel":1},"geometry":{"type":"LineString","coordinates":[[139.68793,35.66643],[139.68793,35.66667]]}},{"type":"Feature","properties":{"tunnel":1},"geometry":{"type":"LineString","coordinates":[[139.68792,35.66622],[139.68793,35.66643]]}},{"type":"Feature","properties":{"tunnel":1},"geometry":{"type":"LineString","coordinates":[[139.68793,35.66667],[139.68793,35.6674]]}},{"type":"Feature","properties":{"tunnel":1},"geometry":{"type":"LineString","coordinates":[[139.68793,35.6674],[139.68789,35.66886],[139.68788,35.66905],[139.68781,35.67035],[139.68779,35.67069]]}},{"type":"Feature","properties":{"tunnel":0},"geometry":{"type":"LineString","coordinates":[[139.68664,35.68407],[139.68654,35.68418]]}},{"type":"Feature","properties":{"tunnel":0},"geometry":{"type":"LineString","coordinates":[[139.68567,35.68527],[139.68575,35.68516],[139.68586,35.68501],[139.68592,35.68494],[139.68601,35.68482],[139.68615,35.68464],[139.68624,35.68453],[139.68643,35.68431]]}},{"type":"Feature","properties":{"tunnel":0},"geometry":{"type":"LineString","coordinates":[[139.69055,35.68407],[139.69055,35.68407],[139.69116,35.68444]]}},{"type":"Feature","properties":{"tunnel":0},"geometry":{"type":"LineString","coordinates":[[139.69116,35.68443],[139.69104,35.68422],[139.69099,35.68409],[139.69099,35.68407]]}},{"type":"Feature","properties":{"tunnel":0},"geometry":{"type":"LineString","coordinates":[[139.68662,35.68407],[139.68654,35.68418]]}},{"type":"Feature","properties":{"tunnel":0},"geometry":{"type":"LineString","coordinates":[[139.68654,35.68418],[139.68643,35.68431]]}},{"type":"Feature","properties":{"tunnel":1},"geometry":{"type":"LineString","coordinates":[[139.68567,35.68529],[139.686,35.68484],[139.68633,35.68443],[139.68648,35.68428],[139.68665,35.68409],[139.68666,35.68407]]}},{"type":"Feature","properties":{"tunnel":0},"geometry":{"type":"LineString","coordinates":[[139.68745,35.68178],[139.68667,35.68129]]}},{"type":"Feature","properties":{"tunnel":0},"geometry":{"type":"LineString","coordinates":[[139.68748,35.68193],[139.68892,35.6829],[139.68915,35.68307]]}},{"type":"Feature","properties":{"tunnel":0},"geometry":{"type":"LineString","coordinates":[[139.68734,35.682],[139.68649,35.68147]]}},{"type":"Feature","properties":{"tunnel":0},"geometry":{"type":"LineString","coordinates":[[139.68798,35.68212],[139.68808,35.68228]]}},{"type":"Feature","properties":{"tunnel":0},"geometry":{"type":"LineString","coordinates":[[139.68812,35.68231],[139.68801,35.68232],[139.68788,35.68231]]}},{"type":"Feature","properties":{"tunnel":0},"geometry":{"type":"LineString","coordinates":[[139.68798,35.68212],[139.68745,35.68178]]}},{"type":"Feature","properties":{"tunnel":0},"geometry":{"type":"LineString","coordinates":[[139.68788,35.68231],[139.68774,35.68225],[139.68758,35.68215]]}},{"type":"Feature","properties":{"tunnel":0},"geometry":{"type":"LineString","coordinates":[[139.68928,35.68317],[139.68944,35.6832]]}},{"type":"Feature","properties":{"tunnel":0},"geometry":{"type":"LineString","coordinates":[[139.69111,35.68333],[139.69116,35.68328]]}},{"type":"Feature","properties":{"tunnel":0},"geometry":{"type":"LineString","coordinates":[[139.68928,35.68317],[139.6895,35.68333]]}},{"type":"Feature","properties":{"tunnel":0},"geometry":{"type":"LineString","coordinates":[[139.68788,35.68231],[139.68794,35.6824],[139.68796,35.68247]]}},{"type":"Feature","properties":{"tunnel":0},"geometry":{"type":"LineString","coordinates":[[139.68944,35.6832],[139.68967,35.68333]]}},{"type":"Feature","properties":{"tunnel":0},"geometry":{"type":"LineString","coordinates":[[139.68928,35.68317],[139.68934,35.68329],[139.6894,35.68333]]}},{"type":"Feature","properties":{"tunnel":0},"geometry":{"type":"LineString","coordinates":[[139.68758,35.68215],[139.68734,35.682]]}},{"type":"Feature","properties":{"tunnel":0},"geometry":{"type":"LineString","coordinates":[[139.68649,35.68147],[139.68582,35.68101],[139.68567,35.68087]]}},{"type":"Feature","properties":{"tunnel":0},"geometry":{"type":"LineString","coordinates":[[139.68567,35.68079],[139.68592,35.68093]]}},{"type":"Feature","properties":{"tunnel":0},"geometry":{"type":"LineString","coordinates":[[139.68915,35.68307],[139.68928,35.68317]]}},{"type":"Feature","properties":{"tunnel":0},"geometry":{"type":"LineString","coordinates":[[139.68667,35.68129],[139.68599,35.68084],[139.68567,35.6807]]}},{"type":"Feature","properties":{"tunnel":0},"geometry":{"type":"LineString","coordinates":[[139.68796,35.68247],[139.68797,35.68249],[139.68795,35.6826],[139.6879,35.68274],[139.6878,35.68286],[139.68728,35.68333]]}},{"type":"Feature","properties":{"tunnel":0},"geometry":{"type":"LineString","coordinates":[[139.68592,35.68093],[139.68634,35.6812]]}},{"type":"Feature","properties":{"tunnel":0},"geometry":{"type":"LineString","coordinates":[[139.68808,35.68228],[139.68811,35.68245],[139.68808,35.68257],[139.68797,35.68269],[139.68737,35.68333]]}},{"type":"Feature","properties":{"tunnel":0},"geometry":{"type":"LineString","coordinates":[[139.68634,35.6812],[139.68655,35.68134],[139.68748,35.68193]]}},{"type":"Feature","properties":{"tunnel":0},"geometry":{"type":"LineString","coordinates":[[139.6884,35.68225],[139.68831,35.68228],[139.68825,35.6823],[139.68812,35.68231]]}},{"type":"Feature","properties":{"tunnel":0},"geometry":{"type":"LineString","coordinates":[[139.68849,35.68201],[139.68836,35.68211],[139.68826,35.68215],[139.68816,35.68216],[139.68798,35.68212]]}},{"type":"Feature","properties":{"tunnel":0},"geometry":{"type":"LineString","coordinates":[[139.68865,35.67969],[139.68861,35.67979],[139.68862,35.67995],[139.68865,35.68021],[139.68873,35.68079],[139.68875,35.68096],[139.68875,35.68116],[139.68874,35.68134],[139.68872,35.68152],[139.68865,35.6818],[139.6886,35.68189],[139.68849,35.68201]]}},{"type":"Feature","properties":{"tunnel":0},"geometry":{"type":"LineString","coordinates":[[139.68865,35.67969],[139.6887,35.67978],[139.68873,35.67995]]}},{"type":"Feature","properties":{"tunnel":0},"geometry":{"type":"LineString","coordinates":[[139.68873,35.67995],[139.68878,35.6802],[139.68885,35.68078],[139.68887,35.68095],[139.68887,35.68136],[139.68885,35.68157],[139.6888,35.6817],[139.6887,35.68192],[139.6886,35.68206],[139.68849,35.68219],[139.6884,35.68225]]}},{"type":"Feature","properties":{"tunnel":0},"geometry":{"type":"LineString","coordinates":[[139.68863,35.67961],[139.68865,35.67969]]}},{"type":"Feature","properties":{"tunnel":1},"geometry":{"type":"LineString","coordinates":[[139.68735,35.68333],[139.68746,35.68321],[139.68799,35.68267],[139.68815,35.68249],[139.68828,35.68235],[139.6885,35.68213],[139.68861,35.68198],[139.68871,35.68179],[139.68879,35.68163],[139.6888,35.68157],[139.68884,35.68139],[139.68886,35.68123],[139.68886,35.68114],[139.68884,35.68101],[139.68877,35.68055],[139.68875,35.68045],[139.68868,35.67989],[139.68864,35.67961]]}},{"type":"Feature","properties":{"tunnel":0},"geometry":{"type":"LineString","coordinates":[[139.68728,35.68333],[139.68717,35.68343]]}},{"type":"Feature","properties":{"tunnel":0},"geometry":{"type":"LineString","coordinates":[[139.68733,35.68337],[139.68664,35.68407]]}},{"type":"Feature","properties":{"tunnel":0},"geometry":{"type":"LineString","coordinates":[[139.68967,35.68333],[139.68999,35.68353],[139.69005,35.68355],[139.69013,35.68357],[139.69025,35.68359],[139.69048,35.68361]]}},{"type":"Feature","properties":{"tunnel":0},"geometry":{"type":"LineString","coordinates":[[139.69048,35.68361],[139.69069,35.68356],[139.69086,35.6835],[139.69101,35.68341],[139.69111,35.68333],[139.69111,35.68333]]}},{"type":"Feature","properties":{"tunnel":0},"geometry":{"type":"LineString","coordinates":[[139.6894,35.68333],[139.68994,35.68371],[139.69055,35.68407]]}},{"type":"Feature","properties":{"tunnel":0},"geometry":{"type":"LineString","coordinates":[[139.6895,35.68333],[139.68955,35.68338],[139.68997,35.68364],[139.69016,35.6837],[139.69036,35.68374],[139.69051,35.68375],[139.69068,35.68371],[139.69097,35.68365]]}},{"type":"Feature","properties":{"tunnel":0},"geometry":{"type":"LineString","coordinates":[[139.69097,35.68365],[139.69116,35.68353]]}},{"type":"Feature","properties":{"tunnel":0},"geometry":{"type":"LineString","coordinates":[[139.69099,35.68407],[139.69097,35.68396],[139.69097,35.68387],[139.69099,35.68379],[139.69108,35.68358],[139.69116,35.68347]]}},{"type":"Feature","properties":{"tunnel":0},"geometry":{"type":"LineString","coordinates":[[139.68717,35.68343],[139.68712,35.6835],[139.68695,35.68368],[139.68662,35.68407]]}},{"type":"Feature","properties":{"tunnel":0},"geometry":{"type":"LineString","coordinates":[[139.68737,35.68333],[139.68733,35.68337]]}},{"type":"Feature","properties":{"tunnel":1},"geometry":{"type":"LineString","coordinates":[[139.68666,35.68407],[139.68699,35.68373],[139.68735,35.68333]]}},{"type":"Feature","properties":{"tunnel":1},"geometry":{"type":"LineString","coordinates":[[139.68571,35.71271],[139.68567,35.71262]]}},{"type":"Feature","properties":{"tunnel":1},"geometry":{"type":"LineString","coordinates":[[139.6861,35.71347],[139.68599,35.71326],[139.68574,35.71275],[139.68571,35.71271]]}},{"type":"Feature","properties":{"tunnel":1},"geometry":{"type":"LineString","coordinates":[[139.68698,35.7153],[139.68678,35.71488],[139.68646,35.71421],[139.68616,35.7136],[139.6861,35.71347]]}},{"type":"Feature","properties":{"tunnel":1},"geometry":{"type":"LineString","coordinates":[[139.6876,35.71664],[139.68758,35.71659],[139.68736,35.71614],[139.68724,35.71587],[139.68708,35.71552],[139.68698,35.7153]]}},{"type":"Feature","properties":{"tunnel":1},"geometry":{"type":"LineString","coordinates":[[139.68761,35.71667],[139.6876,35.71664]]}},{"type":"Feature","properties":{"tunnel":1},"geometry":{"type":"LineString","coordinates":[[139.68999,35.71976],[139.6896,35.71932],[139.68909,35.71884],[139.68891,35.71865],[139.68866,35.71837],[139.68848,35.71819],[139.68819,35.71787],[139.68807,35.71767],[139.68774,35.71698],[139.68767,35.71681]]}},{"type":"Feature","properties":{"tunnel":1},"geometry":{"type":"LineString","coordinates":[[139.68767,35.71681],[139.68761,35.71667]]}},{"type":"Feature","properties":{"tunnel":1},"geometry":{"type":"LineString","coordinates":[[139.69116,35.72102],[139.69087,35.72071],[139.69006,35.71983],[139.68999,35.71976]]}},{"type":"Feature","properties":{"tunnel":0},"geometry":{"type":"LineString","coordinates":[[139.68894,35.77326],[139.68904,35.77323],[139.6902,35.77295],[139.69116,35.77272]]}},{"type":"Feature","properties":{"tunnel":0},"geometry":{"type":"LineString","coordinates":[[139.68567,35.7742],[139.68582,35.77414],[139.68618,35.77399]]}},{"type":"Feature","properties":{"tunnel":0},"geometry":{"type":"LineString","coordinates":[[139.68618,35.77399],[139.68662,35.7738]]}},{"type":"Feature","properties":{"tunnel":0},"geometry":{"type":"LineString","coordinates":[[139.68662,35.7738],[139.68817,35.77344],[139.68894,35.77326]]}},{"type":"Feature","properties":{"tunnel":0},"geometry":{"type":"LineString","coordinates":[[139.68018,35.64837],[139.68027,35.64842],[139.68037,35.64848],[139.68142,35.64904],[139.68147,35.64907],[139.68329,35.65]]}},{"type":"Feature","properties":{"tunnel":0},"geometry":{"type":"LineString","coordinates":[[139.68329,35.65],[139.68333,35.65002]]}},{"type":"Feature","properties":{"tunnel":0},"geometry":{"type":"LineString","coordinates":[[139.68333,35.65002],[139.68377,35.65026],[139.68437,35.65056],[139.68467,35.65072]]}},{"type":"Feature","properties":{"tunnel":0},"geometry":{"type":"LineString","coordinates":[[139.68467,35.65072],[139.68511,35.65096]]}},{"type":"Feature","properties":{"tunnel":0},"geometry":{"type":"LineString","coordinates":[[139.68511,35.65096],[139.68567,35.65125]]}},{"type":"Feature","properties":{"tunnel":0},"geometry":{"type":"LineString","coordinates":[[139.68511,35.65096],[139.6856,35.65108]]}},{"type":"Feature","properties":{"tunnel":0},"geometry":{"type":"LineString","coordinates":[[139.6856,35.65108],[139.68567,35.65112]]}},{"type":"Feature","properties":{"tunnel":0},"geometry":{"type":"LineString","coordinates":[[139.68018,35.6783],[139.68061,35.67847],[139.6812,35.67874],[139.68157,35.67892]]}},{"type":"Feature","properties":{"tunnel":0},"geometry":{"type":"LineString","coordinates":[[139.68157,35.67892],[139.68159,35.67889],[139.68194,35.67903],[139.68299,35.67949],[139.68326,35.67961]]}},{"type":"Feature","properties":{"tunnel":0},"geometry":{"type":"LineString","coordinates":[[139.68216,35.67924],[139.68297,35.67958],[139.68304,35.67961]]}},{"type":"Feature","properties":{"tunnel":0},"geometry":{"type":"LineString","coordinates":[[139.68157,35.67892],[139.68154,35.67897],[139.68216,35.67924]]}},{"type":"Feature","properties":{"tunnel":0},"geometry":{"type":"LineString","coordinates":[[139.68119,35.67858],[139.68187,35.6789],[139.68333,35.67953]]}},{"type":"Feature","properties":{"tunnel":0},"geometry":{"type":"LineString","coordinates":[[139.68018,35.67813],[139.68021,35.67814],[139.68043,35.67822],[139.68119,35.67858]]}},{"type":"Feature","properties":{"tunnel":0},"geometry":{"type":"LineString","coordinates":[[139.68333,35.67953],[139.68343,35.67957],[139.68352,35.67961]]}},{"type":"Feature","properties":{"tunnel":0},"geometry":{"type":"LineString","coordinates":[[139.68326,35.67961],[139.6833,35.67963]]}},{"type":"Feature","properties":{"tunnel":0},"geometry":{"type":"LineString","coordinates":[[139.68304,35.67961],[139.68333,35.67972]]}},{"type":"Feature","properties":{"tunnel":0},"geometry":{"type":"LineString","coordinates":[[139.6833,35.67963],[139.68333,35.67964]]}},{"type":"Feature","properties":{"tunnel":0},"geometry":{"type":"LineString","coordinates":[[139.68333,35.67964],[139.68392,35.67986]]}},{"type":"Feature","properties":{"tunnel":0},"geometry":{"type":"LineString","coordinates":[[139.68333,35.67972],[139.68355,35.67981],[139.68393,35.67993],[139.68396,35.67987]]}},{"type":"Feature","properties":{"tunnel":0},"geometry":{"type":"LineString","coordinates":[[139.68352,35.67961],[139.68384,35.67975],[139.68399,35.67982],[139.68396,35.67987]]}},{"type":"Feature","properties":{"tunnel":0},"geometry":{"type":"LineString","coordinates":[[139.68392,35.67986],[139.68416,35.67995],[139.68476,35.68023],[139.68541,35.68064]]}},{"type":"Feature","properties":{"tunnel":0},"geometry":{"type":"LineString","coordinates":[[139.68567,35.68087],[139.68543,35.68065]]}},{"type":"Feature","properties":{"tunnel":0},"geometry":{"type":"LineString","coordinates":[[139.68543,35.68065],[139.68567,35.68079]]}},{"type":"Feature","properties":{"tunnel":0},"geometry":{"type":"LineString","coordinates":[[139.68567,35.6807],[139.68547,35.68061],[139.68543,35.68065]]}},{"type":"Feature","properties":{"tunnel":0},"geometry":{"type":"LineString","coordinates":[[139.68541,35.68064],[139.68543,35.68065]]}},{"type":"Feature","properties":{"tunnel":1},"geometry":{"type":"LineString","coordinates":[[139.68258,35.68853],[139.68262,35.6885],[139.683,35.68814],[139.68333,35.68781]]}},{"type":"Feature","properties":{"tunnel":0},"geometry":{"type":"LineString","coordinates":[[139.68558,35.68538],[139.68567,35.68527]]}},{"type":"Feature","properties":{"tunnel":1},"geometry":{"type":"LineString","coordinates":[[139.68446,35.68675],[139.68479,35.68641],[139.685,35.68614]]}},{"type":"Feature","properties":{"tunnel":1},"geometry":{"type":"LineString","coordinates":[[139.68333,35.68781],[139.68359,35.68757]]}},{"type":"Feature","properties":{"tunnel":1},"geometry":{"type":"LineString","coordinates":[[139.68359,35.68757],[139.68446,35.68675]]}},{"type":"Feature","properties":{"tunnel":0},"geometry":{"type":"LineString","coordinates":[[139.685,35.68614],[139.68515,35.68594],[139.68538,35.68566],[139.68558,35.68538]]}},{"type":"Feature","properties":{"tunnel":1},"geometry":{"type":"LineString","coordinates":[[139.68446,35.68675],[139.68461,35.6866],[139.68468,35.68652],[139.68479,35.68643],[139.68491,35.68627],[139.68501,35.68616],[139.68514,35.686],[139.68517,35.68594],[139.68555,35.68544],[139.68559,35.68539],[139.68567,35.68529]]}},{"type":"Feature","properties":{"tunnel":1},"geometry":{"type":"LineString","coordinates":[[139.68178,35.69167],[139.6817,35.69129],[139.68164,35.69094],[139.68161,35.69072],[139.68158,35.69048],[139.68158,35.69026],[139.68161,35.69008],[139.68165,35.68992],[139.68171,35.68971],[139.68179,35.68954],[139.68186,35.68941],[139.68202,35.68917],[139.68226,35.68888],[139.68249,35.68862]]}},{"type":"Feature","properties":{"tunnel":1},"geometry":{"type":"LineString","coordinates":[[139.68249,35.68862],[139.68258,35.68853]]}},{"type":"Feature","properties":{"tunnel":1},"geometry":{"type":"LineString","coordinates":[[139.68178,35.69167],[139.68178,35.69167]]}},{"type":"Feature","properties":{"tunnel":0},"geometry":{"type":"LineString","coordinates":[[139.68196,35.69225],[139.68195,35.69228],[139.68208,35.69299]]}},{"type":"Feature","properties":{"tunnel":1},"geometry":{"type":"LineString","coordinates":[[139.68203,35.69299],[139.68199,35.69282],[139.68191,35.69237],[139.68181,35.69183],[139.68178,35.69167]]}},{"type":"Feature","properties":{"tunnel":1},"geometry":{"type":"LineString","coordinates":[[139.68289,35.69746],[139.68286,35.69723],[139.68282,35.69702],[139.68277,35.69669],[139.68269,35.69627],[139.68259,35.69593],[139.6825,35.69549],[139.68243,35.69513]]}},{"type":"Feature","properties":{"tunnel":1},"geometry":{"type":"LineString","coordinates":[[139.68226,35.694],[139.68232,35.69453]]}},{"type":"Feature","properties":{"tunnel":0},"geometry":{"type":"LineString","coordinates":[[139.68208,35.69299],[139.6821,35.69312]]}},{"type":"Feature","properties":{"tunnel":1},"geometry":{"type":"LineString","coordinates":[[139.68243,35.69513],[139.68233,35.6946],[139.68232,35.69453]]}},{"type":"Feature","properties":{"tunnel":1},"geometry":{"type":"LineString","coordinates":[[139.68243,35.69513],[139.68246,35.69492],[139.68245,35.69476]]}},{"type":"Feature","properties":{"tunnel":1},"geometry":{"type":"LineString","coordinates":[[139.68232,35.69453],[139.68212,35.6935],[139.68207,35.69327],[139.68203,35.69299]]}},{"type":"Feature","properties":{"tunnel":0},"geometry":{"type":"LineString","coordinates":[[139.68245,35.69476],[139.68235,35.69428],[139.68233,35.69407]]}},{"type":"Feature","properties":{"tunnel":0},"geometry":{"type":"LineString","coordinates":[[139.68213,35.69329],[139.68226,35.694]]}},{"type":"Feature","properties":{"tunnel":1},"geometry":{"type":"LineString","coordinates":[[139.6821,35.69312],[139.68213,35.69329]]}},{"type":"Feature","properties":{"tunnel":1},"geometry":{"type":"LineString","coordinates":[[139.68306,35.7],[139.68306,35.69997],[139.68304,35.69945]]}},{"type":"Feature","properties":{"tunnel":1},"geometry":{"type":"LineString","coordinates":[[139.68304,35.69945],[139.68303,35.69895],[139.68302,35.6988]]}},{"type":"Feature","properties":{"tunnel":1},"geometry":{"type":"LineString","coordinates":[[139.68302,35.6988],[139.68289,35.69746]]}},{"type":"Feature","properties":{"tunnel":1},"geometry":{"type":"LineString","coordinates":[[139.68248,35.70192],[139.6825,35.70186],[139.68262,35.70155],[139.68276,35.70121],[139.68286,35.701],[139.68297,35.70072],[139.68303,35.70045],[139.68306,35.70022],[139.68306,35.7]]}},{"type":"Feature","properties":{"tunnel":1},"geometry":{"type":"LineString","coordinates":[[139.6828,35.70638],[139.68271,35.70609],[139.68267,35.70588],[139.68262,35.7054],[139.68249,35.70456],[139.6824,35.70372],[139.68239,35.70225],[139.68248,35.70192]]}},{"type":"Feature","properties":{"tunnel":1},"geometry":{"type":"LineString","coordinates":[[139.68333,35.7076],[139.6831,35.70702],[139.68281,35.70641],[139.6828,35.70638]]}},{"type":"Feature","properties":{"tunnel":1},"geometry":{"type":"LineString","coordinates":[[139.6837,35.70833],[139.68368,35.70829],[139.6836,35.70814],[139.6835,35.70799]]}},{"type":"Feature","properties":{"tunnel":1},"geometry":{"type":"LineString","coordinates":[[139.6835,35.70799],[139.68337,35.7077],[139.68333,35.7076]]}},{"type":"Feature","properties":{"tunnel":1},"geometry":{"type":"LineString","coordinates":[[139.68484,35.71084],[139.68467,35.71053],[139.6846,35.71031],[139.68452,35.71016]]}},{"type":"Feature","properties":{"tunnel":1},"geometry":{"type":"LineString","coordinates":[[139.68452,35.71016],[139.68449,35.71011],[139.68432,35.70973],[139.68394,35.70887],[139.6837,35.70833]]}},{"type":"Feature","properties":{"tunnel":1},"geometry":{"type":"LineString","coordinates":[[139.68525,35.71168],[139.68497,35.71108],[139.68484,35.71084]]}},{"type":"Feature","properties":{"tunnel":1},"geometry":{"type":"LineString","coordinates":[[139.68542,35.71208],[139.68525,35.71168]]}},{"type":"Feature","properties":{"tunnel":1},"geometry":{"type":"LineString","coordinates":[[139.68567,35.71262],[139.68542,35.71208]]}},{"type":"Feature","properties":{"tunnel":0},"geometry":{"type":"LineString","coordinates":[[139.68315,35.77499],[139.68329,35.77496]]}},{"type":"Feature","properties":{"tunnel":0},"geometry":{"type":"LineString","coordinates":[[139.68329,35.77496],[139.68333,35.77495]]}},{"type":"Feature","properties":{"tunnel":0},"geometry":{"type":"LineString","coordinates":[[139.6831,35.775],[139.68315,35.77499]]}},{"type":"Feature","properties":{"tunnel":0},"geometry":{"type":"LineString","coordinates":[[139.6826,35.7751],[139.68264,35.77509],[139.68268,35.77508]]}},{"type":"Feature","properties":{"tunnel":0},"geometry":{"type":"LineString","coordinates":[[139.68018,35.77574],[139.68104,35.77551],[139.68115,35.77547]]}},{"type":"Feature","properties":{"tunnel":0},"geometry":{"type":"LineString","coordinates":[[139.68115,35.77547],[139.68209,35.77524]]}},{"type":"Feature","properties":{"tunnel":0},"geometry":{"type":"LineString","coordinates":[[139.68018,35.77582],[139.68018,35.77582],[139.68136,35.77552],[139.6826,35.77521]]}},{"type":"Feature","properties":{"tunnel":0},"geometry":{"type":"LineString","coordinates":[[139.68018,35.77563],[139.68038,35.77557],[139.68078,35.77548],[139.68126,35.77535],[139.68224,35.77509]]}},{"type":"Feature","properties":{"tunnel":0},"geometry":{"type":"LineString","coordinates":[[139.68254,35.77502],[139.6826,35.7751]]}},{"type":"Feature","properties":{"tunnel":0},"geometry":{"type":"LineString","coordinates":[[139.68224,35.77509],[139.68254,35.77502]]}},{"type":"Feature","properties":{"tunnel":0},"geometry":{"type":"LineString","coordinates":[[139.68268,35.77508],[139.68297,35.77503],[139.6831,35.775]]}},{"type":"Feature","properties":{"tunnel":0},"geometry":{"type":"LineString","coordinates":[[139.6826,35.77521],[139.6826,35.7751]]}},{"type":"Feature","properties":{"tunnel":0},"geometry":{"type":"LineString","coordinates":[[139.68209,35.77524],[139.6826,35.7751]]}},{"type":"Feature","properties":{"tunnel":0},"geometry":{"type":"LineString","coordinates":[[139.68535,35.77433],[139.68553,35.77426],[139.68567,35.7742]]}},{"type":"Feature","properties":{"tunnel":0},"geometry":{"type":"LineString","coordinates":[[139.6851,35.7744],[139.68535,35.77433]]}},{"type":"Feature","properties":{"tunnel":0},"geometry":{"type":"LineString","coordinates":[[139.68427,35.77469],[139.68468,35.77455],[139.6851,35.7744]]}},{"type":"Feature","properties":{"tunnel":0},"geometry":{"type":"LineString","coordinates":[[139.68333,35.77495],[139.68339,35.77493],[139.68395,35.77479]]}},{"type":"Feature","properties":{"tunnel":0},"geometry":{"type":"LineString","coordinates":[[139.68395,35.77479],[139.68427,35.77469]]}},{"type":"Feature","properties":{"tunnel":0},"geometry":{"type":"LineString","coordinates":[[139.67468,35.6454],[139.67497,35.64554],[139.675,35.64556]]}},{"type":"Feature","properties":{"tunnel":0},"geometry":{"type":"LineString","coordinates":[[139.67512,35.64563],[139.67523,35.64569],[139.67593,35.64607],[139.67661,35.64645],[139.67722,35.64677],[139.67797,35.64722],[139.67846,35.64749],[139.67928,35.6479],[139.68017,35.64837]]}},{"type":"Feature","properties":{"tunnel":0},"geometry":{"type":"LineString","coordinates":[[139.675,35.64556],[139.67512,35.64563]]}},{"type":"Feature","properties":{"tunnel":0},"geometry":{"type":"LineString","coordinates":[[139.68017,35.64837],[139.68018,35.64837]]}},{"type":"Feature","properties":{"tunnel":0},"geometry":{"type":"LineString","coordinates":[[139.67468,35.67664],[139.67483,35.67669],[139.675,35.67675]]}},{"type":"Feature","properties":{"tunnel":0},"geometry":{"type":"LineString","coordinates":[[139.67468,35.67653],[139.67491,35.67659],[139.675,35.67662]]}},{"type":"Feature","properties":{"tunnel":0},"geometry":{"type":"LineString","coordinates":[[139.675,35.67675],[139.67527,35.67686],[139.67545,35.67693],[139.67605,35.67711],[139.67704,35.67739],[139.67774,35.67758],[139.67779,35.67753]]}},{"type":"Feature","properties":{"tunnel":0},"geometry":{"type":"LineString","coordinates":[[139.675,35.67662],[139.67527,35.67669],[139.67613,35.67695],[139.67717,35.67725],[139.6778,35.67745],[139.67779,35.67753]]}},{"type":"Feature","properties":{"tunnel":0},"geometry":{"type":"LineString","coordinates":[[139.67817,35.67764],[139.67844,35.67772]]}},{"type":"Feature","properties":{"tunnel":0},"geometry":{"type":"LineString","coordinates":[[139.68003,35.67818],[139.68004,35.67824],[139.68018,35.6783]]}},{"type":"Feature","properties":{"tunnel":0},"geometry":{"type":"LineString","coordinates":[[139.68003,35.67818],[139.68006,35.6781],[139.68018,35.67813]]}},{"type":"Feature","properties":{"tunnel":0},"geometry":{"type":"LineString","coordinates":[[139.67779,35.67753],[139.67817,35.67764]]}},{"type":"Feature","properties":{"tunnel":0},"geometry":{"type":"LineString","coordinates":[[139.67844,35.67772],[139.68003,35.67818]]}},{"type":"Feature","properties":{"tunnel":0},"geometry":{"type":"LineString","coordinates":[[139.67658,35.77686],[139.67661,35.7769]]}},{"type":"Feature","properties":{"tunnel":0},"geometry":{"type":"LineString","coordinates":[[139.67658,35.77686],[139.67655,35.77683]]}},{"type":"Feature","properties":{"tunnel":0},"geometry":{"type":"LineString","coordinates":[[139.67992,35.7758],[139.68018,35.77574]]}},{"type":"Feature","properties":{"tunnel":0},"geometry":{"type":"LineString","coordinates":[[139.67658,35.77686],[139.67602,35.77716],[139.67543,35.77749],[139.67509,35.77768],[139.67504,35.77771]]}},{"type":"Feature","properties":{"tunnel":0},"geometry":{"type":"LineString","coordinates":[[139.67661,35.7769],[139.67679,35.77679],[139.67698,35.7767],[139.67723,35.7766],[139.67745,35.77652],[139.67763,35.77647],[139.67815,35.77633],[139.67849,35.77623],[139.67879,35.77616],[139.6795,35.77599],[139.68018,35.77582]]}},{"type":"Feature","properties":{"tunnel":0},"geometry":{"type":"LineString","coordinates":[[139.67655,35.77683],[139.6769,35.77663],[139.67721,35.77648],[139.6774,35.77641],[139.67757,35.77634],[139.6777,35.77629],[139.67794,35.77621],[139.67826,35.77612],[139.6785,35.77606],[139.67926,35.77586],[139.67953,35.7758],[139.68018,35.77563]]}},{"type":"Feature","properties":{"tunnel":0},"geometry":{"type":"LineString","coordinates":[[139.67468,35.77791],[139.675,35.77774]]}},{"type":"Feature","properties":{"tunnel":0},"geometry":{"type":"LineString","coordinates":[[139.67502,35.77773],[139.675,35.77774]]}},{"type":"Feature","properties":{"tunnel":0},"geometry":{"type":"LineString","coordinates":[[139.67504,35.77771],[139.67502,35.77773]]}},{"type":"Feature","properties":{"tunnel":0},"geometry":{"type":"LineString","coordinates":[[139.66919,35.6413],[139.66947,35.64167]]}},{"type":"Feature","properties":{"tunnel":0},"geometry":{"type":"LineString","coordinates":[[139.66947,35.64167],[139.66948,35.64168],[139.6699,35.64223],[139.67017,35.64256],[139.6708,35.64324],[139.671,35.64341],[139.67116,35.64352],[139.67137,35.64365],[139.67153,35.64373],[139.67176,35.64384],[139.67194,35.64391]]}},{"type":"Feature","properties":{"tunnel":0},"geometry":{"type":"LineString","coordinates":[[139.67194,35.64391],[139.67205,35.64395],[139.67236,35.64408]]}},{"type":"Feature","properties":{"tunnel":0},"geometry":{"type":"LineString","coordinates":[[139.6745,35.64531],[139.67468,35.6454]]}},{"type":"Feature","properties":{"tunnel":0},"geometry":{"type":"LineString","coordinates":[[139.67236,35.64408],[139.67258,35.64417],[139.67302,35.64442],[139.67339,35.64462],[139.67382,35.64491],[139.6745,35.64531]]}},{"type":"Feature","properties":{"tunnel":0},"geometry":{"type":"LineString","coordinates":[[139.66919,35.67497],[139.66931,35.675]]}},{"type":"Feature","properties":{"tunnel":0},"geometry":{"type":"LineString","coordinates":[[139.66931,35.675],[139.66931,35.675],[139.66933,35.67501],[139.66981,35.67515]]}},{"type":"Feature","properties":{"tunnel":0},"geometry":{"type":"LineString","coordinates":[[139.66981,35.67515],[139.6724,35.6759],[139.67426,35.67646]]}},{"type":"Feature","properties":{"tunnel":0},"geometry":{"type":"LineString","coordinates":[[139.67426,35.67646],[139.67425,35.6765],[139.67468,35.67664]]}},{"type":"Feature","properties":{"tunnel":0},"geometry":{"type":"LineString","coordinates":[[139.67426,35.67646],[139.67428,35.67642],[139.67468,35.67653]]}},{"type":"Feature","properties":{"tunnel":0},"geometry":{"type":"LineString","coordinates":[[139.66919,35.7812],[139.67048,35.7811],[139.67172,35.781],[139.67212,35.78094],[139.67233,35.78088],[139.67252,35.7808],[139.67265,35.78072],[139.67284,35.78058],[139.67301,35.78042],[139.67312,35.78026],[139.67318,35.78012],[139.67329,35.77988],[139.67338,35.77957],[139.67352,35.77918],[139.67361,35.77896],[139.67374,35.77872],[139.67385,35.77854],[139.67399,35.77839],[139.67412,35.77828],[139.67425,35.77819],[139.67453,35.77799],[139.67468,35.77791]]}},{"type":"Feature","properties":{"tunnel":0},"geometry":{"type":"LineString","coordinates":[[139.6637,35.63483],[139.66392,35.63498]]}},{"type":"Feature","properties":{"tunnel":0},"geometry":{"type":"LineString","coordinates":[[139.66392,35.63498],[139.66434,35.63526],[139.66466,35.63551],[139.66515,35.63594],[139.66541,35.63618],[139.66562,35.63641],[139.66584,35.6367],[139.66623,35.63721],[139.66656,35.63767],[139.66666,35.6378]]}},{"type":"Feature","properties":{"tunnel":0},"geometry":{"type":"LineString","coordinates":[[139.66666,35.6378],[139.66667,35.63781]]}},{"type":"Feature","properties":{"tunnel":0},"geometry":{"type":"LineString","coordinates":[[139.66667,35.63781],[139.6669,35.63814],[139.66721,35.63857],[139.66743,35.63887],[139.66785,35.63944]]}},{"type":"Feature","properties":{"tunnel":0},"geometry":{"type":"LineString","coordinates":[[139.66785,35.63944],[139.6681,35.63978],[139.66858,35.64046],[139.66898,35.64098],[139.66916,35.64125],[139.66919,35.6413]]}},{"type":"Feature","properties":{"tunnel":0},"geometry":{"type":"LineString","coordinates":[[139.6637,35.67339],[139.66494,35.67374],[139.66653,35.67419]]}},{"type":"Feature","properties":{"tunnel":0},"geometry":{"type":"LineString","coordinates":[[139.66653,35.67419],[139.66667,35.67423]]}},{"type":"Feature","properties":{"tunnel":0},"geometry":{"type":"LineString","coordinates":[[139.66667,35.67423],[139.66698,35.67432]]}},{"type":"Feature","properties":{"tunnel":0},"geometry":{"type":"LineString","coordinates":[[139.66698,35.67432],[139.66741,35.67444],[139.66919,35.67497]]}},{"type":"Feature","properties":{"tunnel":0},"geometry":{"type":"LineString","coordinates":[[139.6637,35.78189],[139.66372,35.78188],[139.66446,35.78172],[139.665,35.78163],[139.66589,35.78149],[139.66667,35.78141]]}},{"type":"Feature","properties":{"tunnel":0},"geometry":{"type":"LineString","coordinates":[[139.66667,35.78141],[139.66667,35.78141]]}},{"type":"Feature","properties":{"tunnel":0},"geometry":{"type":"LineString","coordinates":[[139.66667,35.78141],[139.66816,35.78129],[139.66919,35.7812]]}},{"type":"Feature","properties":{"tunnel":0},"geometry":{"type":"LineString","coordinates":[[139.6582,35.63153],[139.65833,35.63159]]}},{"type":"Feature","properties":{"tunnel":0},"geometry":{"type":"LineString","coordinates":[[139.65833,35.63159],[139.65853,35.63167],[139.6594,35.63216],[139.66112,35.63316],[139.66143,35.63333]]}},{"type":"Feature","properties":{"tunnel":0},"geometry":{"type":"LineString","coordinates":[[139.66143,35.63333],[139.66197,35.63363],[139.66216,35.63376],[139.66242,35.63393],[139.66343,35.63464],[139.6637,35.63483]]}},{"type":"Feature","properties":{"tunnel":0},"geometry":{"type":"LineString","coordinates":[[139.6582,35.67195],[139.65833,35.67199]]}},{"type":"Feature","properties":{"tunnel":0},"geometry":{"type":"LineString","coordinates":[[139.65833,35.67199],[139.65838,35.672]]}},{"type":"Feature","properties":{"tunnel":0},"geometry":{"type":"LineString","coordinates":[[139.65838,35.672],[139.65861,35.67205]]}},{"type":"Feature","properties":{"tunnel":0},"geometry":{"type":"LineString","coordinates":[[139.65861,35.67205],[139.65896,35.67213],[139.65946,35.67225],[139.65997,35.67237],[139.66037,35.67248],[139.66164,35.67281],[139.6637,35.67339]]}},{"type":"Feature","properties":{"tunnel":0},"geometry":{"type":"LineString","coordinates":[[139.6582,35.78306],[139.65833,35.78303]]}},{"type":"Feature","properties":{"tunnel":0},"geometry":{"type":"LineString","coordinates":[[139.65833,35.78303],[139.66237,35.78217]]}},{"type":"Feature","properties":{"tunnel":0},"geometry":{"type":"LineString","coordinates":[[139.66237,35.78217],[139.66266,35.78211],[139.6637,35.78189]]}},{"type":"Feature","properties":{"tunnel":0},"geometry":{"type":"LineString","coordinates":[[139.65433,35.63051],[139.65548,35.63079],[139.65649,35.63106],[139.65759,35.63131],[139.65796,35.63142],[139.6582,35.63153]]}},{"type":"Feature","properties":{"tunnel":0},"geometry":{"type":"LineString","coordinates":[[139.65271,35.63003],[139.65336,35.63025],[139.65374,35.63037],[139.65433,35.63051]]}},{"type":"Feature","properties":{"tunnel":0},"geometry":{"type":"LineString","coordinates":[[139.65271,35.67059],[139.6528,35.67061],[139.65331,35.67068],[139.65336,35.67069]]}},{"type":"Feature","properties":{"tunnel":0},"geometry":{"type":"LineString","coordinates":[[139.65336,35.67069],[139.65413,35.67074],[139.65447,35.67077],[139.6547,35.67081],[139.65499,35.67087],[139.65535,35.67096],[139.65574,35.67109],[139.65625,35.6713],[139.65671,35.67148],[139.65713,35.67164],[139.65755,35.67177],[139.65803,35.67189],[139.6582,35.67195]]}},{"type":"Feature","properties":{"tunnel":0},"geometry":{"type":"LineString","coordinates":[[139.6571,35.78333],[139.65815,35.78307]]}},{"type":"Feature","properties":{"tunnel":0},"geometry":{"type":"LineString","coordinates":[[139.65815,35.78307],[139.6582,35.78306]]}},{"type":"Feature","properties":{"tunnel":0},"geometry":{"type":"LineString","coordinates":[[139.65691,35.78338],[139.6571,35.78333]]}},{"type":"Feature","properties":{"tunnel":0},"geometry":{"type":"LineString","coordinates":[[139.65271,35.78452],[139.65282,35.78449],[139.65691,35.78338]]}},{"type":"Feature","properties":{"tunnel":0},"geometry":{"type":"LineString","coordinates":[[139.65813,35.83117],[139.6573,35.83077],[139.65711,35.83067]]}},{"type":"Feature","properties":{"tunnel":0},"geometry":{"type":"LineString","coordinates":[[139.65467,35.82944],[139.65457,35.82926],[139.65451,35.82916],[139.65409,35.82892],[139.65338,35.82851],[139.65293,35.82825],[139.65271,35.82812]]}},{"type":"Feature","properties":{"tunnel":0},"geometry":{"type":"LineString","coordinates":[[139.65404,35.82906],[139.65332,35.82865],[139.65271,35.82829]]}},{"type":"Feature","properties":{"tunnel":0},"geometry":{"type":"LineString","coordinates":[[139.65467,35.82944],[139.65404,35.82906]]}},{"type":"Feature","properties":{"tunnel":0},"geometry":{"type":"LineString","coordinates":[[139.65484,35.82953],[139.65467,35.82944]]}},{"type":"Feature","properties":{"tunnel":0},"geometry":{"type":"LineString","coordinates":[[139.65271,35.82847],[139.65303,35.82865],[139.65332,35.82886],[139.65368,35.82908],[139.654,35.82926],[139.65425,35.82936],[139.65434,35.82938],[139.65442,35.8294],[139.65467,35.82944]]}},{"type":"Feature","properties":{"tunnel":0},"geometry":{"type":"LineString","coordinates":[[139.65711,35.83067],[139.65654,35.8304],[139.65606,35.83014],[139.65565,35.82993],[139.65545,35.82983],[139.65484,35.82953]]}},{"type":"Feature","properties":{"tunnel":0},"geometry":{"type":"LineString","coordinates":[[139.64722,35.62817],[139.64764,35.62832],[139.65,35.62912]]}},{"type":"Feature","properties":{"tunnel":0},"geometry":{"type":"LineString","coordinates":[[139.65,35.62912],[139.65013,35.62916],[139.65156,35.62964],[139.65268,35.63002],[139.65271,35.63003]]}},{"type":"Feature","properties":{"tunnel":0},"geometry":{"type":"LineString","coordinates":[[139.64984,35.67004],[139.65,35.67009]]}},{"type":"Feature","properties":{"tunnel":0},"geometry":{"type":"LineString","coordinates":[[139.64864,35.6692],[139.64873,35.66929]]}},{"type":"Feature","properties":{"tunnel":0},"geometry":{"type":"LineString","coordinates":[[139.64812,35.66929],[139.64755,35.66902],[139.64722,35.66887]]}},{"type":"Feature","properties":{"tunnel":0},"geometry":{"type":"LineString","coordinates":[[139.64862,35.66955],[139.64888,35.6697],[139.64907,35.66979],[139.64925,35.66977]]}},{"type":"Feature","properties":{"tunnel":0},"geometry":{"type":"LineString","coordinates":[[139.64925,35.66977],[139.6494,35.66985],[139.64957,35.66993],[139.64984,35.67004]]}},{"type":"Feature","properties":{"tunnel":0},"geometry":{"type":"LineString","coordinates":[[139.6486,35.66937],[139.64892,35.66957]]}},{"type":"Feature","properties":{"tunnel":0},"geometry":{"type":"LineString","coordinates":[[139.64722,35.66868],[139.6476,35.66885],[139.64794,35.66901],[139.64816,35.66913],[139.6486,35.66937]]}},{"type":"Feature","properties":{"tunnel":0},"geometry":{"type":"LineString","coordinates":[[139.64892,35.66957],[139.6489,35.66941],[139.64863,35.66924],[139.64838,35.66911],[139.64829,35.66904]]}},{"type":"Feature","properties":{"tunnel":0},"geometry":{"type":"LineString","coordinates":[[139.64812,35.66929],[139.6485,35.66948],[139.64862,35.66955]]}},{"type":"Feature","properties":{"tunnel":0},"geometry":{"type":"LineString","coordinates":[[139.64829,35.66904],[139.64799,35.66889],[139.6478,35.66878],[139.64739,35.66861],[139.64722,35.66856]]}},{"type":"Feature","properties":{"tunnel":0},"geometry":{"type":"LineString","coordinates":[[139.64722,35.66881],[139.64729,35.66883],[139.64753,35.66893],[139.64792,35.66911],[139.64809,35.66921],[139.64819,35.66926]]}},{"type":"Feature","properties":{"tunnel":0},"geometry":{"type":"LineString","coordinates":[[139.64864,35.6692],[139.64858,35.66917],[139.64835,35.66902],[139.648,35.66883],[139.64751,35.66863],[139.64722,35.66852]]}},{"type":"Feature","properties":{"tunnel":0},"geometry":{"type":"LineString","coordinates":[[139.64873,35.66929],[139.64873,35.66946]]}},{"type":"Feature","properties":{"tunnel":0},"geometry":{"type":"LineString","coordinates":[[139.64819,35.66926],[139.6484,35.66926]]}},{"type":"Feature","properties":{"tunnel":0},"geometry":{"type":"LineString","coordinates":[[139.64892,35.66957],[139.64911,35.66969],[139.64925,35.66977]]}},{"type":"Feature","properties":{"tunnel":0},"geometry":{"type":"LineString","coordinates":[[139.65,35.67009],[139.65017,35.67015]]}},{"type":"Feature","properties":{"tunnel":0},"geometry":{"type":"LineString","coordinates":[[139.65017,35.67015],[139.65038,35.67021],[139.65056,35.67025],[139.65091,35.67031],[139.65271,35.67059]]}},{"type":"Feature","properties":{"tunnel":0},"geometry":{"type":"LineString","coordinates":[[139.64722,35.78591],[139.64728,35.78592],[139.6474,35.78592]]}},{"type":"Feature","properties":{"tunnel":0},"geometry":{"type":"LineString","coordinates":[[139.64722,35.78582],[139.64739,35.78581]]}},{"type":"Feature","properties":{"tunnel":0},"geometry":{"type":"LineString","coordinates":[[139.64876,35.78554],[139.64914,35.78546],[139.6497,35.78531],[139.64974,35.7853],[139.65,35.78523]]}},{"type":"Feature","properties":{"tunnel":0},"geometry":{"type":"LineString","coordinates":[[139.64882,35.78562],[139.6493,35.78547],[139.64949,35.78542],[139.64979,35.78534],[139.64998,35.78528]]}},{"type":"Feature","properties":{"tunnel":0},"geometry":{"type":"LineString","coordinates":[[139.64999,35.78516],[139.65,35.78516]]}},{"type":"Feature","properties":{"tunnel":0},"geometry":{"type":"LineString","coordinates":[[139.64998,35.78528],[139.65,35.78528]]}},{"type":"Feature","properties":{"tunnel":0},"geometry":{"type":"LineString","coordinates":[[139.64739,35.78581],[139.64752,35.7858],[139.64804,35.7857],[139.64861,35.78554],[139.64899,35.78544],[139.64981,35.78521],[139.64999,35.78516]]}},{"type":"Feature","properties":{"tunnel":0},"geometry":{"type":"LineString","coordinates":[[139.6474,35.78592],[139.64763,35.78591],[139.64796,35.78586],[139.64821,35.78581],[139.65,35.78535]]}},{"type":"Feature","properties":{"tunnel":0},"geometry":{"type":"LineString","coordinates":[[139.65,35.78523],[139.65001,35.78523]]}},{"type":"Feature","properties":{"tunnel":0},"geometry":{"type":"LineString","coordinates":[[139.65,35.78516],[139.65026,35.78509]]}},{"type":"Feature","properties":{"tunnel":0},"geometry":{"type":"LineString","coordinates":[[139.65026,35.78509],[139.65112,35.78484],[139.6513,35.78479],[139.65173,35.7848]]}},{"type":"Feature","properties":{"tunnel":0},"geometry":{"type":"LineString","coordinates":[[139.65001,35.78523],[139.65047,35.78511],[139.65128,35.78489],[139.65143,35.78484],[139.65149,35.78486]]}},{"type":"Feature","properties":{"tunnel":0},"geometry":{"type":"LineString","coordinates":[[139.65,35.78528],[139.65036,35.78518],[139.65144,35.78488],[139.65149,35.78486]]}},{"type":"Feature","properties":{"tunnel":0},"geometry":{"type":"LineString","coordinates":[[139.65,35.78535],[139.65113,35.78505],[139.65152,35.78494]]}},{"type":"Feature","properties":{"tunnel":0},"geometry":{"type":"LineString","coordinates":[[139.65149,35.78486],[139.6515,35.78485]]}},{"type":"Feature","properties":{"tunnel":0},"geometry":{"type":"LineString","coordinates":[[139.65173,35.7848],[139.65271,35.78452]]}},{"type":"Feature","properties":{"tunnel":0},"geometry":{"type":"LineString","coordinates":[[139.6515,35.78485],[139.65173,35.7848]]}},{"type":"Feature","properties":{"tunnel":0},"geometry":{"type":"LineString","coordinates":[[139.65152,35.78494],[139.65173,35.7848]]}},{"type":"Feature","properties":{"tunnel":0},"geometry":{"type":"LineString","coordinates":[[139.64792,35.8022],[139.64794,35.80257]]}},{"type":"Feature","properties":{"tunnel":0},"geometry":{"type":"LineString","coordinates":[[139.64792,35.8022],[139.6482,35.80248]]}},{"type":"Feature","properties":{"tunnel":0},"geometry":{"type":"LineString","coordinates":[[139.6482,35.80248],[139.64857,35.80337],[139.64886,35.80408],[139.64898,35.80445]]}},{"type":"Feature","properties":{"tunnel":0},"geometry":{"type":"LineString","coordinates":[[139.64794,35.80257],[139.64811,35.80306],[139.64837,35.80368],[139.64859,35.80421],[139.64869,35.80445]]}},{"type":"Feature","properties":{"tunnel":0},"geometry":{"type":"LineString","coordinates":[[139.64756,35.80132],[139.64722,35.80051]]}},{"type":"Feature","properties":{"tunnel":0},"geometry":{"type":"LineString","coordinates":[[139.64805,35.80252],[139.64796,35.8023]]}},{"type":"Feature","properties":{"tunnel":0},"geometry":{"type":"LineString","coordinates":[[139.64885,35.80445],[139.64859,35.80383],[139.6482,35.80286],[139.64805,35.80252]]}},{"type":"Feature","properties":{"tunnel":0},"geometry":{"type":"LineString","coordinates":[[139.64796,35.8023],[139.64792,35.8022]]}},{"type":"Feature","properties":{"tunnel":0},"geometry":{"type":"LineString","coordinates":[[139.64792,35.8022],[139.64756,35.80132]]}},{"type":"Feature","properties":{"tunnel":0},"geometry":{"type":"LineString","coordinates":[[139.64898,35.80445],[139.64899,35.80445]]}},{"type":"Feature","properties":{"tunnel":0},"geometry":{"type":"LineString","coordinates":[[139.64869,35.80445],[139.64879,35.80465],[139.64919,35.80543]]}},{"type":"Feature","properties":{"tunnel":0},"geometry":{"type":"LineString","coordinates":[[139.64919,35.80543],[139.64908,35.80505],[139.64896,35.80472],[139.64885,35.80445]]}},{"type":"Feature","properties":{"tunnel":0},"geometry":{"type":"LineString","coordinates":[[139.64919,35.80833],[139.64919,35.80833],[139.64923,35.80805],[139.64932,35.80736],[139.64935,35.80696],[139.64935,35.80647],[139.64933,35.80619],[139.64928,35.80583],[139.64924,35.80563],[139.64919,35.80543]]}},{"type":"Feature","properties":{"tunnel":0},"geometry":{"type":"LineString","coordinates":[[139.64899,35.80445],[139.64913,35.80466]]}},{"type":"Feature","properties":{"tunnel":0},"geometry":{"type":"LineString","coordinates":[[139.64911,35.8089],[139.64919,35.80833]]}},{"type":"Feature","properties":{"tunnel":0},"geometry":{"type":"LineString","coordinates":[[139.6485,35.81336],[139.64853,35.81319],[139.6486,35.81269],[139.64874,35.81171],[139.64895,35.81007],[139.64911,35.8089]]}},{"type":"Feature","properties":{"tunnel":0},"geometry":{"type":"LineString","coordinates":[[139.64722,35.81642],[139.64729,35.81633],[139.64746,35.81606],[139.64764,35.81575],[139.64787,35.81531],[139.64801,35.81504],[139.64814,35.81472],[139.64824,35.81444],[139.64835,35.81409],[139.64844,35.81368],[139.64848,35.81345],[139.6485,35.81336]]}},{"type":"Feature","properties":{"tunnel":0},"geometry":{"type":"LineString","coordinates":[[139.65,35.82677],[139.64991,35.82672]]}},{"type":"Feature","properties":{"tunnel":0},"geometry":{"type":"LineString","coordinates":[[139.65271,35.82812],[139.65206,35.82774],[139.65179,35.82759]]}},{"type":"Feature","properties":{"tunnel":0},"geometry":{"type":"LineString","coordinates":[[139.65271,35.82829],[139.65252,35.82818],[139.65229,35.82804],[139.65183,35.82777]]}},{"type":"Feature","properties":{"tunnel":0},"geometry":{"type":"LineString","coordinates":[[139.65074,35.82718],[139.65099,35.82743],[139.65136,35.82769],[139.65169,35.82788],[139.65271,35.82847]]}},{"type":"Feature","properties":{"tunnel":0},"geometry":{"type":"LineString","coordinates":[[139.65179,35.82759],[139.65117,35.82726],[139.6509,35.82719],[139.65074,35.82718]]}},{"type":"Feature","properties":{"tunnel":0},"geometry":{"type":"LineString","coordinates":[[139.65183,35.82777],[139.65075,35.82717],[139.65,35.82677],[139.65,35.82677],[139.65,35.82677]]}},{"type":"Feature","properties":{"tunnel":0},"geometry":{"type":"LineString","coordinates":[[139.64722,35.82518],[139.64727,35.82521],[139.64832,35.82578]]}},{"type":"Feature","properties":{"tunnel":0},"geometry":{"type":"LineString","coordinates":[[139.64722,35.82552],[139.64815,35.82595]]}},{"type":"Feature","properties":{"tunnel":0},"geometry":{"type":"LineString","coordinates":[[139.64832,35.82578],[139.64854,35.82594],[139.64874,35.82613]]}},{"type":"Feature","properties":{"tunnel":0},"geometry":{"type":"LineString","coordinates":[[139.64815,35.82595],[139.64845,35.82608],[139.64874,35.82613]]}},{"type":"Feature","properties":{"tunnel":0},"geometry":{"type":"LineString","coordinates":[[139.64722,35.82535],[139.64874,35.82613]]}},{"type":"Feature","properties":{"tunnel":0},"geometry":{"type":"LineString","coordinates":[[139.64991,35.82672],[139.64944,35.82647],[139.64874,35.82613]]}},{"type":"Feature","properties":{"tunnel":0},"geometry":{"type":"LineString","coordinates":[[139.64176,35.60664],[139.64193,35.60673],[139.64197,35.60677],[139.64201,35.60681],[139.64204,35.60686],[139.64207,35.6069],[139.64208,35.60695],[139.64208,35.60706],[139.64202,35.60725]]}},{"type":"Feature","properties":{"tunnel":0},"geometry":{"type":"LineString","coordinates":[[139.64202,35.60725],[139.64218,35.60711],[139.64227,35.60699],[139.6423,35.60688],[139.64234,35.60676],[139.6424,35.60647]]}},{"type":"Feature","properties":{"tunnel":0},"geometry":{"type":"LineString","coordinates":[[139.64172,35.60741],[139.64173,35.60741],[139.64181,35.60738],[139.64191,35.60733],[139.64198,35.60729],[139.64202,35.60725]]}},{"type":"Feature","properties":{"tunnel":0},"geometry":{"type":"LineString","coordinates":[[139.64172,35.62595],[139.64179,35.62598],[139.64195,35.62605]]}},{"type":"Feature","properties":{"tunnel":0},"geometry":{"type":"LineString","coordinates":[[139.64195,35.62605],[139.64226,35.62618],[139.64527,35.62744],[139.64616,35.62781],[139.64722,35.62817]]}},{"type":"Feature","properties":{"tunnel":0},"geometry":{"type":"LineString","coordinates":[[139.64281,35.66773],[139.64279,35.66777],[139.64345,35.66807]]}},{"type":"Feature","properties":{"tunnel":0},"geometry":{"type":"LineString","coordinates":[[139.64345,35.66807],[139.64456,35.66819],[139.64514,35.66804]]}},{"type":"Feature","properties":{"tunnel":0},"geometry":{"type":"LineString","coordinates":[[139.64172,35.66759],[139.64187,35.66761],[139.64233,35.66766],[139.6425,35.66768],[139.64263,35.6677],[139.64281,35.66773]]}},{"type":"Feature","properties":{"tunnel":0},"geometry":{"type":"LineString","coordinates":[[139.64281,35.66773],[139.64284,35.66773],[139.64479,35.66798],[139.64514,35.66804]]}},{"type":"Feature","properties":{"tunnel":0},"geometry":{"type":"LineString","coordinates":[[139.64514,35.66804],[139.6455,35.66813],[139.64592,35.66824]]}},{"type":"Feature","properties":{"tunnel":0},"geometry":{"type":"LineString","coordinates":[[139.64642,35.6684],[139.64645,35.66852],[139.64669,35.66862],[139.6469,35.6687]]}},{"type":"Feature","properties":{"tunnel":0},"geometry":{"type":"LineString","coordinates":[[139.64642,35.6684],[139.64693,35.66857]]}},{"type":"Feature","properties":{"tunnel":0},"geometry":{"type":"LineString","coordinates":[[139.64722,35.66887],[139.64719,35.66886],[139.64685,35.66875],[139.6465,35.66862]]}},{"type":"Feature","properties":{"tunnel":0},"geometry":{"type":"LineString","coordinates":[[139.64693,35.66857],[139.64721,35.66868],[139.64722,35.66868]]}},{"type":"Feature","properties":{"tunnel":0},"geometry":{"type":"LineString","coordinates":[[139.64592,35.66824],[139.64637,35.66839],[139.64642,35.6684]]}},{"type":"Feature","properties":{"tunnel":0},"geometry":{"type":"LineString","coordinates":[[139.64722,35.66856],[139.64717,35.66854]]}},{"type":"Feature","properties":{"tunnel":0},"geometry":{"type":"LineString","coordinates":[[139.6469,35.6687],[139.64722,35.66881]]}},{"type":"Feature","properties":{"tunnel":0},"geometry":{"type":"LineString","coordinates":[[139.64651,35.66829],[139.64632,35.66823],[139.64607,35.66818],[139.64592,35.66824]]}},{"type":"Feature","properties":{"tunnel":0},"geometry":{"type":"LineString","coordinates":[[139.64722,35.66852],[139.64697,35.66843],[139.64687,35.66841],[139.64668,35.66834],[139.64651,35.66829]]}},{"type":"Feature","properties":{"tunnel":0},"geometry":{"type":"LineString","coordinates":[[139.6465,35.66862],[139.64646,35.66842]]}},{"type":"Feature","properties":{"tunnel":0},"geometry":{"type":"LineString","coordinates":[[139.64717,35.66854],[139.64699,35.6685],[139.64674,35.66851]]}},{"type":"Feature","properties":{"tunnel":0},"geometry":{"type":"LineString","coordinates":[[139.6434,35.79108],[139.64329,35.79058],[139.64323,35.78994],[139.64323,35.78954],[139.64327,35.78906],[139.64336,35.78865],[139.6436,35.78794],[139.64382,35.78743],[139.64416,35.78686],[139.64437,35.78663]]}},{"type":"Feature","properties":{"tunnel":0},"geometry":{"type":"LineString","coordinates":[[139.64359,35.79167],[139.64359,35.79166],[139.64344,35.79127],[139.6434,35.79108]]}},{"type":"Feature","properties":{"tunnel":0},"geometry":{"type":"LineString","coordinates":[[139.64515,35.79554],[139.64513,35.79548],[139.6444,35.79367],[139.64399,35.79266],[139.64378,35.79212]]}},{"type":"Feature","properties":{"tunnel":0},"geometry":{"type":"LineString","coordinates":[[139.64378,35.79212],[139.64359,35.79167]]}},{"type":"Feature","properties":{"tunnel":0},"geometry":{"type":"LineString","coordinates":[[139.64359,35.79167],[139.64359,35.79167]]}},{"type":"Feature","properties":{"tunnel":0},"geometry":{"type":"LineString","coordinates":[[139.64678,35.78586],[139.64722,35.78591]]}},{"type":"Feature","properties":{"tunnel":0},"geometry":{"type":"LineString","coordinates":[[139.64678,35.78586],[139.64701,35.78584],[139.64722,35.78582]]}},{"type":"Feature","properties":{"tunnel":0},"geometry":{"type":"LineString","coordinates":[[139.64437,35.78663],[139.64452,35.78647],[139.64478,35.78626]]}},{"type":"Feature","properties":{"tunnel":0},"geometry":{"type":"LineString","coordinates":[[139.64478,35.78626],[139.64513,35.78608],[139.64542,35.78599],[139.64588,35.78591],[139.64678,35.78586]]}},{"type":"Feature","properties":{"tunnel":0},"geometry":{"type":"LineString","coordinates":[[139.647,35.79999],[139.6465,35.79875],[139.64599,35.79758],[139.64583,35.7972]]}},{"type":"Feature","properties":{"tunnel":0},"geometry":{"type":"LineString","coordinates":[[139.64583,35.7972],[139.64515,35.79554]]}},{"type":"Feature","properties":{"tunnel":0},"geometry":{"type":"LineString","coordinates":[[139.647,35.8],[139.647,35.8],[139.647,35.79999]]}},{"type":"Feature","properties":{"tunnel":0},"geometry":{"type":"LineString","coordinates":[[139.64722,35.80051],[139.647,35.8]]}},{"type":"Feature","properties":{"tunnel":0},"geometry":{"type":"LineString","coordinates":[[139.64703,35.81667],[139.64703,35.81667],[139.64703,35.81667],[139.64715,35.81651],[139.64722,35.81642]]}},{"type":"Feature","properties":{"tunnel":0},"geometry":{"type":"LineString","coordinates":[[139.64627,35.81756],[139.64674,35.81702],[139.64703,35.81667]]}},{"type":"Feature","properties":{"tunnel":0},"geometry":{"type":"LineString","coordinates":[[139.64615,35.81769],[139.64627,35.81756]]}},{"type":"Feature","properties":{"tunnel":0},"geometry":{"type":"LineString","coordinates":[[139.64605,35.81781],[139.64615,35.81769]]}},{"type":"Feature","properties":{"tunnel":0},"geometry":{"type":"LineString","coordinates":[[139.64552,35.81845],[139.64538,35.81881],[139.64457,35.81973]]}},{"type":"Feature","properties":{"tunnel":0},"geometry":{"type":"LineString","coordinates":[[139.64457,35.81973],[139.64392,35.82039],[139.64344,35.82102]]}},{"type":"Feature","properties":{"tunnel":0},"geometry":{"type":"LineString","coordinates":[[139.64344,35.82102],[139.64338,35.82108]]}},{"type":"Feature","properties":{"tunnel":0},"geometry":{"type":"LineString","coordinates":[[139.64434,35.81945],[139.64389,35.82],[139.64367,35.82032]]}},{"type":"Feature","properties":{"tunnel":0},"geometry":{"type":"LineString","coordinates":[[139.64468,35.81972],[139.64509,35.81936]]}},{"type":"Feature","properties":{"tunnel":0},"geometry":{"type":"LineString","coordinates":[[139.64407,35.82038],[139.64468,35.81972]]}},{"type":"Feature","properties":{"tunnel":0},"geometry":{"type":"LineString","coordinates":[[139.64344,35.82102],[139.64407,35.82038]]}},{"type":"Feature","properties":{"tunnel":0},"geometry":{"type":"LineString","coordinates":[[139.64525,35.81876],[139.64544,35.81854]]}},{"type":"Feature","properties":{"tunnel":0},"geometry":{"type":"LineString","coordinates":[[139.64358,35.82066],[139.64372,35.82048],[139.64525,35.81876]]}},{"type":"Feature","properties":{"tunnel":0},"geometry":{"type":"LineString","coordinates":[[139.64552,35.81845],[139.64512,35.81871],[139.64488,35.81894]]}},{"type":"Feature","properties":{"tunnel":0},"geometry":{"type":"LineString","coordinates":[[139.64488,35.81894],[139.64446,35.81945],[139.64336,35.82073]]}},{"type":"Feature","properties":{"tunnel":0},"geometry":{"type":"LineString","coordinates":[[139.64336,35.82073],[139.64317,35.82095]]}},{"type":"Feature","properties":{"tunnel":0},"geometry":{"type":"LineString","coordinates":[[139.64367,35.82032],[139.64336,35.82073]]}},{"type":"Feature","properties":{"tunnel":0},"geometry":{"type":"LineString","coordinates":[[139.64544,35.81854],[139.64552,35.81845]]}},{"type":"Feature","properties":{"tunnel":0},"geometry":{"type":"LineString","coordinates":[[139.64317,35.82095],[139.6423,35.82195],[139.64202,35.82227]]}},{"type":"Feature","properties":{"tunnel":0},"geometry":{"type":"LineString","coordinates":[[139.64338,35.82108],[139.64234,35.82227]]}},{"type":"Feature","properties":{"tunnel":0},"geometry":{"type":"LineString","coordinates":[[139.64217,35.82227],[139.64299,35.82133],[139.64358,35.82066]]}},{"type":"Feature","properties":{"tunnel":0},"geometry":{"type":"LineString","coordinates":[[139.64454,35.81909],[139.64434,35.81945]]}},{"type":"Feature","properties":{"tunnel":0},"geometry":{"type":"LineString","coordinates":[[139.64552,35.81845],[139.64605,35.81781]]}},{"type":"Feature","properties":{"tunnel":0},"geometry":{"type":"LineString","coordinates":[[139.64181,35.82251],[139.64177,35.82252],[139.64173,35.82253],[139.64172,35.82253]]}},{"type":"Feature","properties":{"tunnel":0},"geometry":{"type":"LineString","coordinates":[[139.64172,35.82292],[139.6418,35.82282]]}},{"type":"Feature","properties":{"tunnel":0},"geometry":{"type":"LineString","coordinates":[[139.64202,35.82227],[139.64199,35.8223]]}},{"type":"Feature","properties":{"tunnel":0},"geometry":{"type":"LineString","coordinates":[[139.64234,35.82227],[139.64223,35.82239]]}},{"type":"Feature","properties":{"tunnel":0},"geometry":{"type":"LineString","coordinates":[[139.64172,35.82278],[139.6418,35.82269]]}},{"type":"Feature","properties":{"tunnel":0},"geometry":{"type":"LineString","coordinates":[[139.64172,35.82263],[139.64198,35.82276],[139.64202,35.82278]]}},{"type":"Feature","properties":{"tunnel":0},"geometry":{"type":"LineString","coordinates":[[139.6418,35.82269],[139.64201,35.82245],[139.64217,35.82227]]}},{"type":"Feature","properties":{"tunnel":0},"geometry":{"type":"LineString","coordinates":[[139.64172,35.82264],[139.64205,35.8228]]}},{"type":"Feature","properties":{"tunnel":0},"geometry":{"type":"LineString","coordinates":[[139.6421,35.82283],[139.64221,35.82288]]}},{"type":"Feature","properties":{"tunnel":0},"geometry":{"type":"LineString","coordinates":[[139.6418,35.82282],[139.64187,35.8228],[139.64194,35.82281],[139.64205,35.82285],[139.6421,35.82283]]}},{"type":"Feature","properties":{"tunnel":0},"geometry":{"type":"LineString","coordinates":[[139.64205,35.82259],[139.64202,35.82263],[139.64205,35.8227],[139.64208,35.82273],[139.64213,35.82278],[139.6421,35.82283]]}},{"type":"Feature","properties":{"tunnel":0},"geometry":{"type":"LineString","coordinates":[[139.64429,35.82389],[139.64433,35.82383],[139.64497,35.82415],[139.64514,35.82423],[139.64565,35.82442],[139.64677,35.82494],[139.64689,35.825],[139.64689,35.825]]}},{"type":"Feature","properties":{"tunnel":0},"geometry":{"type":"LineString","coordinates":[[139.64429,35.82389],[139.64426,35.82395],[139.64479,35.82419],[139.64505,35.82436],[139.64554,35.82467],[139.64618,35.825],[139.64618,35.825]]}},{"type":"Feature","properties":{"tunnel":0},"geometry":{"type":"LineString","coordinates":[[139.64199,35.8223],[139.64181,35.82251]]}},{"type":"Feature","properties":{"tunnel":0},"geometry":{"type":"LineString","coordinates":[[139.64223,35.82239],[139.64205,35.82259]]}},{"type":"Feature","properties":{"tunnel":0},"geometry":{"type":"LineString","coordinates":[[139.64221,35.82287],[139.64261,35.82307],[139.64313,35.82333],[139.64429,35.82389],[139.64524,35.82435],[139.64581,35.82463],[139.64654,35.825],[139.64654,35.825]]}},{"type":"Feature","properties":{"tunnel":0},"geometry":{"type":"LineString","coordinates":[[139.64202,35.82278],[139.64205,35.82279],[139.64221,35.82287]]}},{"type":"Feature","properties":{"tunnel":0},"geometry":{"type":"LineString","coordinates":[[139.64221,35.82288],[139.64265,35.82308],[139.64313,35.82332],[139.64429,35.82389]]}},{"type":"Feature","properties":{"tunnel":0},"geometry":{"type":"LineString","coordinates":[[139.64205,35.8228],[139.6421,35.82283]]}},{"type":"Feature","properties":{"tunnel":0},"geometry":{"type":"LineString","coordinates":[[139.64689,35.825],[139.64722,35.82518]]}},{"type":"Feature","properties":{"tunnel":0},"geometry":{"type":"LineString","coordinates":[[139.64618,35.825],[139.64696,35.8254],[139.64722,35.82552]]}},{"type":"Feature","properties":{"tunnel":0},"geometry":{"type":"LineString","coordinates":[[139.64654,35.825],[139.64691,35.82519],[139.64722,35.82535]]}},{"type":"Feature","properties":{"tunnel":0},"geometry":{"type":"LineString","coordinates":[[139.64071,35.6068],[139.64088,35.60684],[139.6412,35.60687]]}},{"type":"Feature","properties":{"tunnel":0},"geometry":{"type":"LineString","coordinates":[[139.6387,35.60518],[139.63722,35.60372]]}},{"type":"Feature","properties":{"tunnel":0},"geometry":{"type":"LineString","coordinates":[[139.6387,35.60518],[139.63893,35.6054]]}},{"type":"Feature","properties":{"tunnel":0},"geometry":{"type":"LineString","coordinates":[[139.64071,35.6068],[139.6406,35.60677],[139.6405,35.60669],[139.64032,35.60651],[139.6401,35.60631],[139.63973,35.60595]]}},{"type":"Feature","properties":{"tunnel":0},"geometry":{"type":"LineString","coordinates":[[139.63973,35.60595],[139.63949,35.60573]]}},{"type":"Feature","properties":{"tunnel":0},"geometry":{"type":"LineString","coordinates":[[139.63893,35.6054],[139.63891,35.60556],[139.63948,35.60615]]}},{"type":"Feature","properties":{"tunnel":0},"geometry":{"type":"LineString","coordinates":[[139.63893,35.6054],[139.63949,35.60593]]}},{"type":"Feature","properties":{"tunnel":0},"geometry":{"type":"LineString","coordinates":[[139.63971,35.60637],[139.64036,35.60704],[139.64042,35.60711]]}},{"type":"Feature","properties":{"tunnel":0},"geometry":{"type":"LineString","coordinates":[[139.63948,35.60615],[139.63971,35.60637]]}},{"type":"Feature","properties":{"tunnel":0},"geometry":{"type":"LineString","coordinates":[[139.63949,35.60593],[139.63975,35.60618]]}},{"type":"Feature","properties":{"tunnel":0},"geometry":{"type":"LineString","coordinates":[[139.63949,35.60573],[139.63914,35.60541],[139.63893,35.6054]]}},{"type":"Feature","properties":{"tunnel":0},"geometry":{"type":"LineString","coordinates":[[139.63975,35.60618],[139.64042,35.60683],[139.64061,35.60703],[139.64083,35.60723],[139.64096,35.60733],[139.64108,35.6074],[139.64121,35.60745],[139.64132,35.60747],[139.64142,35.60747],[139.64154,35.60746],[139.64162,35.60744],[139.64167,35.60743]]}},{"type":"Feature","properties":{"tunnel":0},"geometry":{"type":"LineString","coordinates":[[139.64042,35.60711],[139.64044,35.60715],[139.64046,35.6072],[139.64045,35.60726],[139.64042,35.60734],[139.64041,35.60739],[139.64043,35.60749]]}},{"type":"Feature","properties":{"tunnel":0},"geometry":{"type":"LineString","coordinates":[[139.64167,35.60743],[139.64172,35.60741]]}},{"type":"Feature","properties":{"tunnel":0},"geometry":{"type":"LineString","coordinates":[[139.63722,35.60372],[139.63698,35.60348],[139.63663,35.60315],[139.63623,35.60275]]}},{"type":"Feature","properties":{"tunnel":0},"geometry":{"type":"LineString","coordinates":[[139.63623,35.62423],[139.6365,35.62419],[139.63683,35.62418],[139.63717,35.62418],[139.63736,35.6242],[139.63759,35.62423],[139.6379,35.6243],[139.63811,35.62435],[139.63843,35.62446],[139.639,35.6247],[139.63966,35.625]]}},{"type":"Feature","properties":{"tunnel":0},"geometry":{"type":"LineString","coordinates":[[139.63966,35.625],[139.64125,35.62572],[139.64167,35.62592]]}},{"type":"Feature","properties":{"tunnel":0},"geometry":{"type":"LineString","coordinates":[[139.64167,35.62592],[139.64172,35.62595]]}},{"type":"Feature","properties":{"tunnel":0},"geometry":{"type":"LineString","coordinates":[[139.63623,35.66816],[139.63638,35.66812],[139.63654,35.66806],[139.63737,35.66779],[139.63788,35.66761],[139.63831,35.6675],[139.63837,35.66749],[139.6387,35.66745],[139.63938,35.66743],[139.63986,35.66745],[139.64129,35.66755],[139.64166,35.66758],[139.64167,35.66758]]}},{"type":"Feature","properties":{"tunnel":0},"geometry":{"type":"LineString","coordinates":[[139.64167,35.66758],[139.64167,35.66758],[139.64172,35.66759]]}},{"type":"Feature","properties":{"tunnel":0},"geometry":{"type":"LineString","coordinates":[[139.63688,35.81929],[139.63636,35.81883],[139.63623,35.81871]]}},{"type":"Feature","properties":{"tunnel":0},"geometry":{"type":"LineString","coordinates":[[139.63624,35.819],[139.63623,35.81899]]}},{"type":"Feature","properties":{"tunnel":0},"geometry":{"type":"LineString","coordinates":[[139.63828,35.82052],[139.63837,35.82071],[139.63862,35.82093],[139.63882,35.82111],[139.63907,35.8213],[139.63984,35.82178],[139.64016,35.82195],[139.64042,35.82207],[139.64083,35.82227]]}},{"type":"Feature","properties":{"tunnel":0},"geometry":{"type":"LineString","coordinates":[[139.63828,35.82052],[139.63853,35.82059],[139.63898,35.82085],[139.63934,35.8211],[139.6402,35.82165],[139.64044,35.82181],[139.64117,35.82225],[139.6412,35.82227]]}},{"type":"Feature","properties":{"tunnel":0},"geometry":{"type":"LineString","coordinates":[[139.63828,35.82052],[139.63777,35.82007],[139.63761,35.81993]]}},{"type":"Feature","properties":{"tunnel":0},"geometry":{"type":"LineString","coordinates":[[139.63828,35.82052],[139.63895,35.82101]]}},{"type":"Feature","properties":{"tunnel":0},"geometry":{"type":"LineString","coordinates":[[139.63895,35.82101],[139.63903,35.82106],[139.63945,35.82133],[139.64013,35.82177],[139.64065,35.82206],[139.64104,35.82227]]}},{"type":"Feature","properties":{"tunnel":0},"geometry":{"type":"LineString","coordinates":[[139.63761,35.81993],[139.63744,35.81979],[139.63728,35.81965],[139.63688,35.81929]]}},{"type":"Feature","properties":{"tunnel":0},"geometry":{"type":"LineString","coordinates":[[139.63997,35.825],[139.63997,35.825],[139.64006,35.82487],[139.64078,35.82401],[139.64167,35.82299]]}},{"type":"Feature","properties":{"tunnel":0},"geometry":{"type":"LineString","coordinates":[[139.64083,35.82227],[139.64124,35.82246],[139.64131,35.82242]]}},{"type":"Feature","properties":{"tunnel":0},"geometry":{"type":"LineString","coordinates":[[139.6412,35.82227],[139.64132,35.82234],[139.64131,35.82242]]}},{"type":"Feature","properties":{"tunnel":0},"geometry":{"type":"LineString","coordinates":[[139.63979,35.825],[139.63979,35.825],[139.64158,35.82294]]}},{"type":"Feature","properties":{"tunnel":0},"geometry":{"type":"LineString","coordinates":[[139.64104,35.82227],[139.64151,35.82252]]}},{"type":"Feature","properties":{"tunnel":0},"geometry":{"type":"LineString","coordinates":[[139.64131,35.82242],[139.64146,35.82251]]}},{"type":"Feature","properties":{"tunnel":0},"geometry":{"type":"LineString","coordinates":[[139.64167,35.82252],[139.64162,35.82251],[139.64154,35.82248],[139.64146,35.82251]]}},{"type":"Feature","properties":{"tunnel":0},"geometry":{"type":"LineString","coordinates":[[139.64166,35.82261],[139.64167,35.82261]]}},{"type":"Feature","properties":{"tunnel":0},"geometry":{"type":"LineString","coordinates":[[139.64146,35.82251],[139.64149,35.82253]]}},{"type":"Feature","properties":{"tunnel":0},"geometry":{"type":"LineString","coordinates":[[139.64158,35.82275],[139.64159,35.82271],[139.64157,35.82267],[139.64152,35.82262],[139.64146,35.82257],[139.64146,35.82251]]}},{"type":"Feature","properties":{"tunnel":0},"geometry":{"type":"LineString","coordinates":[[139.63962,35.825],[139.64014,35.82444],[139.64144,35.82292]]}},{"type":"Feature","properties":{"tunnel":0},"geometry":{"type":"LineString","coordinates":[[139.64144,35.82292],[139.64158,35.82275]]}},{"type":"Feature","properties":{"tunnel":0},"geometry":{"type":"LineString","coordinates":[[139.64151,35.82252],[139.64161,35.82257]]}},{"type":"Feature","properties":{"tunnel":0},"geometry":{"type":"LineString","coordinates":[[139.64161,35.82257],[139.64167,35.8226]]}},{"type":"Feature","properties":{"tunnel":0},"geometry":{"type":"LineString","coordinates":[[139.64149,35.82253],[139.64157,35.82256]]}},{"type":"Feature","properties":{"tunnel":0},"geometry":{"type":"LineString","coordinates":[[139.64157,35.82256],[139.64166,35.82261]]}},{"type":"Feature","properties":{"tunnel":0},"geometry":{"type":"LineString","coordinates":[[139.64158,35.82294],[139.64167,35.82284]]}},{"type":"Feature","properties":{"tunnel":0},"geometry":{"type":"LineString","coordinates":[[139.63874,35.82623],[139.63886,35.82609]]}},{"type":"Feature","properties":{"tunnel":0},"geometry":{"type":"LineString","coordinates":[[139.63899,35.82613],[139.63997,35.825],[139.63997,35.825]]}},{"type":"Feature","properties":{"tunnel":0},"geometry":{"type":"LineString","coordinates":[[139.63868,35.8263],[139.63867,35.82624],[139.63869,35.82617],[139.63873,35.82609],[139.63877,35.82602]]}},{"type":"Feature","properties":{"tunnel":0},"geometry":{"type":"LineString","coordinates":[[139.63868,35.8263],[139.63875,35.82628],[139.63885,35.82623],[139.63893,35.82617],[139.63899,35.82613]]}},{"type":"Feature","properties":{"tunnel":0},"geometry":{"type":"LineString","coordinates":[[139.63877,35.82602],[139.639,35.8257],[139.63962,35.825]]}},{"type":"Feature","properties":{"tunnel":0},"geometry":{"type":"LineString","coordinates":[[139.63874,35.82623],[139.63868,35.8263]]}},{"type":"Feature","properties":{"tunnel":0},"geometry":{"type":"LineString","coordinates":[[139.63886,35.82609],[139.63979,35.825],[139.63979,35.825]]}},{"type":"Feature","properties":{"tunnel":0},"geometry":{"type":"LineString","coordinates":[[139.63868,35.8263],[139.63858,35.82641],[139.63831,35.82672]]}},{"type":"Feature","properties":{"tunnel":0},"geometry":{"type":"LineString","coordinates":[[139.64172,35.82253],[139.64168,35.82252],[139.64167,35.82252]]}},{"type":"Feature","properties":{"tunnel":0},"geometry":{"type":"LineString","coordinates":[[139.64167,35.82299],[139.64172,35.82292]]}},{"type":"Feature","properties":{"tunnel":0},"geometry":{"type":"LineString","coordinates":[[139.64167,35.82284],[139.64167,35.82284],[139.64172,35.82278]]}},{"type":"Feature","properties":{"tunnel":0},"geometry":{"type":"LineString","coordinates":[[139.64167,35.8226],[139.64172,35.82263]]}},{"type":"Feature","properties":{"tunnel":0},"geometry":{"type":"LineString","coordinates":[[139.64167,35.82261],[139.64172,35.82264]]}},{"type":"Feature","properties":{"tunnel":0},"geometry":{"type":"LineString","coordinates":[[139.63831,35.82672],[139.63623,35.82909]]}},{"type":"Feature","properties":{"tunnel":0},"geometry":{"type":"LineString","coordinates":[[139.63207,35.5987],[139.63194,35.59857],[139.63125,35.59796],[139.63074,35.59752]]}},{"type":"Feature","properties":{"tunnel":0},"geometry":{"type":"LineString","coordinates":[[139.63264,35.59925],[139.6324,35.59901]]}},{"type":"Feature","properties":{"tunnel":0},"geometry":{"type":"LineString","coordinates":[[139.63218,35.5988],[139.63213,35.59876],[139.63207,35.5987]]}},{"type":"Feature","properties":{"tunnel":0},"geometry":{"type":"LineString","coordinates":[[139.6323,35.5989],[139.63218,35.5988]]}},{"type":"Feature","properties":{"tunnel":0},"geometry":{"type":"LineString","coordinates":[[139.6324,35.59901],[139.6323,35.5989]]}},{"type":"Feature","properties":{"tunnel":0},"geometry":{"type":"LineString","coordinates":[[139.63333,35.59997],[139.63264,35.59925]]}},{"type":"Feature","properties":{"tunnel":0},"geometry":{"type":"LineString","coordinates":[[139.63337,35.6],[139.63333,35.59997]]}},{"type":"Feature","properties":{"tunnel":0},"geometry":{"type":"LineString","coordinates":[[139.63623,35.60275],[139.63438,35.60094]]}},{"type":"Feature","properties":{"tunnel":0},"geometry":{"type":"LineString","coordinates":[[139.63438,35.60094],[139.63425,35.60083]]}},{"type":"Feature","properties":{"tunnel":0},"geometry":{"type":"LineString","coordinates":[[139.63404,35.60055],[139.63395,35.60048]]}},{"type":"Feature","properties":{"tunnel":0},"geometry":{"type":"LineString","coordinates":[[139.63395,35.60048],[139.63337,35.60001]]}},{"type":"Feature","properties":{"tunnel":0},"geometry":{"type":"LineString","coordinates":[[139.63425,35.60083],[139.63404,35.60055]]}},{"type":"Feature","properties":{"tunnel":0},"geometry":{"type":"LineString","coordinates":[[139.63337,35.60001],[139.63337,35.6]]}},{"type":"Feature","properties":{"tunnel":0},"geometry":{"type":"LineString","coordinates":[[139.63157,35.62605],[139.63183,35.62592],[139.63234,35.62569],[139.63333,35.62528]]}},{"type":"Feature","properties":{"tunnel":0},"geometry":{"type":"LineString","coordinates":[[139.63405,35.625],[139.63515,35.62458],[139.63553,35.62445],[139.63592,35.62432],[139.63621,35.62424],[139.63623,35.62423]]}},{"type":"Feature","properties":{"tunnel":0},"geometry":{"type":"LineString","coordinates":[[139.63405,35.625],[139.63405,35.625]]}},{"type":"Feature","properties":{"tunnel":0},"geometry":{"type":"LineString","coordinates":[[139.63333,35.62528],[139.63351,35.62521],[139.63405,35.625]]}},{"type":"Feature","properties":{"tunnel":0},"geometry":{"type":"LineString","coordinates":[[139.63074,35.62642],[139.63082,35.6264],[139.63124,35.62621],[139.63132,35.62617],[139.63145,35.62611]]}},{"type":"Feature","properties":{"tunnel":0},"geometry":{"type":"LineString","coordinates":[[139.63145,35.62611],[139.63157,35.62605]]}},{"type":"Feature","properties":{"tunnel":0},"geometry":{"type":"LineString","coordinates":[[139.63138,35.66951],[139.63179,35.66946],[139.63246,35.66934],[139.63264,35.6693],[139.63275,35.66928],[139.63298,35.66922],[139.63309,35.66919],[139.63317,35.66917],[139.63333,35.66911]]}},{"type":"Feature","properties":{"tunnel":0},"geometry":{"type":"LineString","coordinates":[[139.63074,35.6696],[139.63084,35.66959],[139.63138,35.66951]]}},{"type":"Feature","properties":{"tunnel":0},"geometry":{"type":"LineString","coordinates":[[139.63333,35.66911],[139.63334,35.66911],[139.63378,35.66896],[139.63393,35.66891],[139.63479,35.66863],[139.63527,35.66848],[139.63566,35.66835],[139.63608,35.66821],[139.63623,35.66816]]}},{"type":"Feature","properties":{"tunnel":0},"geometry":{"type":"LineString","coordinates":[[139.63076,35.81336],[139.63074,35.81334]]}},{"type":"Feature","properties":{"tunnel":0},"geometry":{"type":"LineString","coordinates":[[139.63436,35.83117],[139.63439,35.83114],[139.63453,35.83099]]}},{"type":"Feature","properties":{"tunnel":0},"geometry":{"type":"LineString","coordinates":[[139.63459,35.83101],[139.63464,35.83104]]}},{"type":"Feature","properties":{"tunnel":0},"geometry":{"type":"LineString","coordinates":[[139.63623,35.82909],[139.63549,35.82993],[139.63473,35.83084]]}},{"type":"Feature","properties":{"tunnel":0},"geometry":{"type":"LineString","coordinates":[[139.63473,35.83084],[139.63459,35.83101]]}},{"type":"Feature","properties":{"tunnel":0},"geometry":{"type":"LineString","coordinates":[[139.63464,35.83104],[139.63453,35.83117]]}},{"type":"Feature","properties":{"tunnel":0},"geometry":{"type":"LineString","coordinates":[[139.63453,35.83099],[139.63459,35.83101]]}},{"type":"Feature","properties":{"tunnel":0},"geometry":{"type":"LineString","coordinates":[[139.63623,35.81871],[139.63553,35.8181],[139.63524,35.81781]]}},{"type":"Feature","properties":{"tunnel":0},"geometry":{"type":"LineString","coordinates":[[139.63623,35.81899],[139.63564,35.81839],[139.63508,35.81783],[139.63506,35.81781]]}},{"type":"Feature","properties":{"tunnel":0},"geometry":{"type":"LineString","coordinates":[[139.63613,35.81824],[139.63588,35.8181],[139.63572,35.81797],[139.63557,35.81783],[139.63555,35.81781]]}},{"type":"Feature","properties":{"tunnel":0},"geometry":{"type":"LineString","coordinates":[[139.63333,35.81597],[139.63161,35.81424],[139.63076,35.81336]]}},{"type":"Feature","properties":{"tunnel":0},"geometry":{"type":"LineString","coordinates":[[139.63408,35.81667],[139.63408,35.81667],[139.63407,35.81666],[139.63393,35.81653]]}},{"type":"Feature","properties":{"tunnel":0},"geometry":{"type":"LineString","coordinates":[[139.63393,35.81653],[139.63334,35.81597],[139.63333,35.81597],[139.63333,35.81597]]}},{"type":"Feature","properties":{"tunnel":0},"geometry":{"type":"LineString","coordinates":[[139.63432,35.81689],[139.63408,35.81667]]}},{"type":"Feature","properties":{"tunnel":0},"geometry":{"type":"LineString","coordinates":[[139.63457,35.81715],[139.63432,35.81689]]}},{"type":"Feature","properties":{"tunnel":0},"geometry":{"type":"LineString","coordinates":[[139.63524,35.81781],[139.63457,35.81715]]}},{"type":"Feature","properties":{"tunnel":0},"geometry":{"type":"LineString","coordinates":[[139.63506,35.81781],[139.63494,35.81768],[139.63457,35.81715]]}},{"type":"Feature","properties":{"tunnel":0},"geometry":{"type":"LineString","coordinates":[[139.63555,35.81781],[139.6347,35.81707],[139.63432,35.81689]]}},{"type":"Feature","properties":{"tunnel":0},"geometry":{"type":"LineString","coordinates":[[139.62589,35.59336],[139.62542,35.59285],[139.62524,35.59264]]}},{"type":"Feature","properties":{"tunnel":0},"geometry":{"type":"LineString","coordinates":[[139.62625,35.59318],[139.62539,35.59223]]}},{"type":"Feature","properties":{"tunnel":0},"geometry":{"type":"LineString","coordinates":[[139.62625,35.59318],[139.62675,35.59371],[139.62711,35.59409],[139.62724,35.59422],[139.62748,35.59467]]}},{"type":"Feature","properties":{"tunnel":0},"geometry":{"type":"LineString","coordinates":[[139.62589,35.59336],[139.62668,35.59418],[139.62681,35.5943],[139.62695,35.59442],[139.62704,35.5945],[139.62748,35.59467]]}},{"type":"Feature","properties":{"tunnel":0},"geometry":{"type":"LineString","coordinates":[[139.62748,35.59467],[139.62711,35.59432]]}},{"type":"Feature","properties":{"tunnel":0},"geometry":{"type":"LineString","coordinates":[[139.62761,35.59479],[139.62748,35.59467]]}},{"type":"Feature","properties":{"tunnel":0},"geometry":{"type":"LineString","coordinates":[[139.62606,35.59326],[139.62592,35.59312],[139.62553,35.59272],[139.62524,35.59238]]}},{"type":"Feature","properties":{"tunnel":0},"geometry":{"type":"LineString","coordinates":[[139.62711,35.59432],[139.62695,35.59418],[139.6267,35.59393],[139.62606,35.59326]]}},{"type":"Feature","properties":{"tunnel":0},"geometry":{"type":"LineString","coordinates":[[139.62539,35.59223],[139.62529,35.59211]]}},{"type":"Feature","properties":{"tunnel":0},"geometry":{"type":"LineString","coordinates":[[139.62529,35.59211],[139.62524,35.59206]]}},{"type":"Feature","properties":{"tunnel":0},"geometry":{"type":"LineString","coordinates":[[139.63074,35.59752],[139.63008,35.59696],[139.62934,35.59632],[139.62852,35.59561],[139.62821,35.59535],[139.62761,35.59479]]}},{"type":"Feature","properties":{"tunnel":0},"geometry":{"type":"LineString","coordinates":[[139.62524,35.62731],[139.62647,35.62717]]}},{"type":"Feature","properties":{"tunnel":0},"geometry":{"type":"LineString","coordinates":[[139.62524,35.62756],[139.62606,35.62745],[139.62641,35.62737]]}},{"type":"Feature","properties":{"tunnel":0},"geometry":{"type":"LineString","coordinates":[[139.6304,35.62652],[139.63058,35.62648]]}},{"type":"Feature","properties":{"tunnel":0},"geometry":{"type":"LineString","coordinates":[[139.62524,35.62745],[139.62594,35.62735],[139.62698,35.62723],[139.62755,35.62716],[139.62829,35.62704]]}},{"type":"Feature","properties":{"tunnel":0},"geometry":{"type":"LineString","coordinates":[[139.63058,35.62648],[139.63045,35.62639],[139.63027,35.6264],[139.63002,35.62646],[139.62972,35.62654],[139.62914,35.62671],[139.62893,35.62676]]}},{"type":"Feature","properties":{"tunnel":0},"geometry":{"type":"LineString","coordinates":[[139.63058,35.62648],[139.63052,35.62659],[139.63036,35.62667],[139.63012,35.62673],[139.62978,35.62683],[139.62938,35.62692],[139.62899,35.62702]]}},{"type":"Feature","properties":{"tunnel":0},"geometry":{"type":"LineString","coordinates":[[139.63058,35.62648],[139.63074,35.62642]]}},{"type":"Feature","properties":{"tunnel":0},"geometry":{"type":"LineString","coordinates":[[139.62829,35.62704],[139.62858,35.62697],[139.62904,35.62687],[139.6295,35.62676],[139.6299,35.62665],[139.6304,35.62652]]}},{"type":"Feature","properties":{"tunnel":0},"geometry":{"type":"LineString","coordinates":[[139.62893,35.62676],[139.62853,35.62685],[139.62817,35.62692],[139.62781,35.62698]]}},{"type":"Feature","properties":{"tunnel":0},"geometry":{"type":"LineString","coordinates":[[139.62899,35.62702],[139.62856,35.62711],[139.62809,35.6272],[139.62772,35.62726],[139.62708,35.62735]]}},{"type":"Feature","properties":{"tunnel":0},"geometry":{"type":"LineString","coordinates":[[139.62524,35.6704],[139.62556,35.67033],[139.62594,35.67028],[139.62719,35.67009],[139.62838,35.6699],[139.62869,35.66987],[139.62992,35.66971],[139.63074,35.6696]]}},{"type":"Feature","properties":{"tunnel":0},"geometry":{"type":"LineString","coordinates":[[139.62596,35.80833],[139.62596,35.80833],[139.62596,35.80833],[139.62538,35.80774]]}},{"type":"Feature","properties":{"tunnel":0},"geometry":{"type":"LineString","coordinates":[[139.62538,35.80774],[139.62524,35.8076]]}},{"type":"Feature","properties":{"tunnel":0},"geometry":{"type":"LineString","coordinates":[[139.6265,35.8089],[139.62596,35.80833]]}},{"type":"Feature","properties":{"tunnel":0},"geometry":{"type":"LineString","coordinates":[[139.62834,35.81085],[139.62688,35.8093],[139.6265,35.8089]]}},{"type":"Feature","properties":{"tunnel":0},"geometry":{"type":"LineString","coordinates":[[139.63074,35.81334],[139.62834,35.81085]]}},{"type":"Feature","properties":{"tunnel":0},"geometry":{"type":"LineString","coordinates":[[139.62302,35.58972],[139.62301,35.58972]]}},{"type":"Feature","properties":{"tunnel":0},"geometry":{"type":"LineString","coordinates":[[139.62301,35.58972],[139.62161,35.58791],[139.62118,35.58729],[139.62072,35.58662],[139.62031,35.58601],[139.6202,35.58585]]}},{"type":"Feature","properties":{"tunnel":0},"geometry":{"type":"LineString","coordinates":[[139.62319,35.58993],[139.62302,35.58972]]}},{"type":"Feature","properties":{"tunnel":0},"geometry":{"type":"LineString","coordinates":[[139.62326,35.59032],[139.62323,35.59028],[139.62302,35.59001],[139.62302,35.58972]]}},{"type":"Feature","properties":{"tunnel":0},"geometry":{"type":"LineString","coordinates":[[139.62377,35.59032],[139.62337,35.58984],[139.62302,35.58972]]}},{"type":"Feature","properties":{"tunnel":0},"geometry":{"type":"LineString","coordinates":[[139.62351,35.59032],[139.62319,35.58993]]}},{"type":"Feature","properties":{"tunnel":0},"geometry":{"type":"LineString","coordinates":[[139.6202,35.58585],[139.62,35.58555],[139.61975,35.58517]]}},{"type":"Feature","properties":{"tunnel":0},"geometry":{"type":"LineString","coordinates":[[139.62439,35.59167],[139.62415,35.59138]]}},{"type":"Feature","properties":{"tunnel":0},"geometry":{"type":"LineString","coordinates":[[139.62491,35.59167],[139.62422,35.59085]]}},{"type":"Feature","properties":{"tunnel":0},"geometry":{"type":"LineString","coordinates":[[139.62415,35.59138],[139.62381,35.59098]]}},{"type":"Feature","properties":{"tunnel":0},"geometry":{"type":"LineString","coordinates":[[139.62381,35.59098],[139.62357,35.5907],[139.62326,35.59032]]}},{"type":"Feature","properties":{"tunnel":0},"geometry":{"type":"LineString","coordinates":[[139.62422,35.59085],[139.62377,35.59032]]}},{"type":"Feature","properties":{"tunnel":0},"geometry":{"type":"LineString","coordinates":[[139.62463,35.59167],[139.62399,35.5909]]}},{"type":"Feature","properties":{"tunnel":0},"geometry":{"type":"LineString","coordinates":[[139.62399,35.5909],[139.62351,35.59032]]}},{"type":"Feature","properties":{"tunnel":0},"geometry":{"type":"LineString","coordinates":[[139.625,35.5921],[139.62468,35.59172],[139.62463,35.59167]]}},{"type":"Feature","properties":{"tunnel":0},"geometry":{"type":"LineString","coordinates":[[139.625,35.59234],[139.62439,35.59167]]}},{"type":"Feature","properties":{"tunnel":0},"geometry":{"type":"LineString","coordinates":[[139.625,35.59177],[139.62491,35.59167]]}},{"type":"Feature","properties":{"tunnel":0},"geometry":{"type":"LineString","coordinates":[[139.62524,35.59264],[139.6252,35.5926]]}},{"type":"Feature","properties":{"tunnel":0},"geometry":{"type":"LineString","coordinates":[[139.6252,35.5926],[139.62515,35.59251],[139.62507,35.59242]]}},{"type":"Feature","properties":{"tunnel":0},"geometry":{"type":"LineString","coordinates":[[139.62522,35.59203],[139.62509,35.59188],[139.625,35.59177]]}},{"type":"Feature","properties":{"tunnel":0},"geometry":{"type":"LineString","coordinates":[[139.62524,35.59238],[139.625,35.5921]]}},{"type":"Feature","properties":{"tunnel":0},"geometry":{"type":"LineString","coordinates":[[139.62507,35.59242],[139.625,35.59234]]}},{"type":"Feature","properties":{"tunnel":0},"geometry":{"type":"LineString","coordinates":[[139.62524,35.59206],[139.62522,35.59203]]}},{"type":"Feature","properties":{"tunnel":0},"geometry":{"type":"LineString","coordinates":[[139.61975,35.62813],[139.62087,35.62798],[139.62203,35.62787],[139.62476,35.62751],[139.625,35.62748]]}},{"type":"Feature","properties":{"tunnel":0},"geometry":{"type":"LineString","coordinates":[[139.61975,35.62825],[139.61994,35.62823],[139.62019,35.62821]]}},{"type":"Feature","properties":{"tunnel":0},"geometry":{"type":"LineString","coordinates":[[139.61975,35.62796],[139.61999,35.62793],[139.62015,35.62791]]}},{"type":"Feature","properties":{"tunnel":0},"geometry":{"type":"LineString","coordinates":[[139.6217,35.62805],[139.62173,35.62805],[139.62217,35.62799],[139.62278,35.6279],[139.62356,35.62779],[139.625,35.6276]]}},{"type":"Feature","properties":{"tunnel":0},"geometry":{"type":"LineString","coordinates":[[139.62163,35.62773],[139.6222,35.62767],[139.62277,35.62761],[139.62319,35.62756],[139.625,35.62734]]}},{"type":"Feature","properties":{"tunnel":0},"geometry":{"type":"LineString","coordinates":[[139.62015,35.62791],[139.62081,35.62782],[139.62091,35.6278],[139.62104,35.62779],[139.62163,35.62773]]}},{"type":"Feature","properties":{"tunnel":0},"geometry":{"type":"LineString","coordinates":[[139.62019,35.62821],[139.62068,35.62817],[139.6217,35.62805]]}},{"type":"Feature","properties":{"tunnel":0},"geometry":{"type":"LineString","coordinates":[[139.625,35.62734],[139.62524,35.62731]]}},{"type":"Feature","properties":{"tunnel":0},"geometry":{"type":"LineString","coordinates":[[139.625,35.6276],[139.62524,35.62756]]}},{"type":"Feature","properties":{"tunnel":0},"geometry":{"type":"LineString","coordinates":[[139.625,35.62748],[139.62524,35.62745]]}},{"type":"Feature","properties":{"tunnel":0},"geometry":{"type":"LineString","coordinates":[[139.62455,35.67069],[139.62463,35.67065],[139.62481,35.67055],[139.625,35.67048]]}},{"type":"Feature","properties":{"tunnel":0},"geometry":{"type":"LineString","coordinates":[[139.625,35.67048],[139.62522,35.67041],[139.62524,35.6704]]}},{"type":"Feature","properties":{"tunnel":0},"geometry":{"type":"LineString","coordinates":[[139.61975,35.67465],[139.61994,35.6745],[139.62027,35.67421],[139.62057,35.67394],[139.62078,35.67375]]}},{"type":"Feature","properties":{"tunnel":0},"geometry":{"type":"LineString","coordinates":[[139.61975,35.6749],[139.62015,35.67458],[139.62052,35.67423],[139.62096,35.67384]]}},{"type":"Feature","properties":{"tunnel":0},"geometry":{"type":"LineString","coordinates":[[139.62102,35.67364],[139.62111,35.67356]]}},{"type":"Feature","properties":{"tunnel":0},"geometry":{"type":"LineString","coordinates":[[139.61975,35.67477],[139.62039,35.67423],[139.62102,35.67364]]}},{"type":"Feature","properties":{"tunnel":0},"geometry":{"type":"LineString","coordinates":[[139.62096,35.67384],[139.62102,35.67379],[139.62111,35.67356]]}},{"type":"Feature","properties":{"tunnel":0},"geometry":{"type":"LineString","coordinates":[[139.62078,35.67375],[139.62085,35.67369],[139.62111,35.67356]]}},{"type":"Feature","properties":{"tunnel":0},"geometry":{"type":"LineString","coordinates":[[139.62448,35.67072],[139.62455,35.67069]]}},{"type":"Feature","properties":{"tunnel":0},"geometry":{"type":"LineString","coordinates":[[139.62262,35.67217],[139.62305,35.67183],[139.62321,35.6717],[139.62342,35.67152]]}},{"type":"Feature","properties":{"tunnel":0},"geometry":{"type":"LineString","coordinates":[[139.62342,35.67152],[139.62392,35.6711],[139.6241,35.67095],[139.62432,35.67081],[139.62448,35.67072]]}},{"type":"Feature","properties":{"tunnel":0},"geometry":{"type":"LineString","coordinates":[[139.62111,35.67356],[139.62169,35.67303],[139.62184,35.6729],[139.62195,35.67279],[139.62221,35.67254],[139.62229,35.67248],[139.62229,35.67248],[139.62262,35.67217]]}},{"type":"Feature","properties":{"tunnel":0},"geometry":{"type":"LineString","coordinates":[[139.62108,35.80305],[139.62112,35.80286],[139.62079,35.80238]]}},{"type":"Feature","properties":{"tunnel":0},"geometry":{"type":"LineString","coordinates":[[139.62079,35.80238],[139.62067,35.80222],[139.62048,35.80195],[139.62025,35.80163],[139.61994,35.80118]]}},{"type":"Feature","properties":{"tunnel":0},"geometry":{"type":"LineString","coordinates":[[139.61975,35.80165],[139.62067,35.80275],[139.62086,35.80298],[139.62108,35.80305]]}},{"type":"Feature","properties":{"tunnel":0},"geometry":{"type":"LineString","coordinates":[[139.61994,35.80118],[139.61975,35.80093],[139.61975,35.80093]]}},{"type":"Feature","properties":{"tunnel":0},"geometry":{"type":"LineString","coordinates":[[139.62108,35.80305],[139.62061,35.80244]]}},{"type":"Feature","properties":{"tunnel":0},"geometry":{"type":"LineString","coordinates":[[139.62228,35.80445],[139.62208,35.80423]]}},{"type":"Feature","properties":{"tunnel":0},"geometry":{"type":"LineString","coordinates":[[139.62208,35.80423],[139.6219,35.80403],[139.62155,35.80362],[139.62108,35.80305]]}},{"type":"Feature","properties":{"tunnel":0},"geometry":{"type":"LineString","coordinates":[[139.62061,35.80244],[139.62026,35.80199],[139.61975,35.80133]]}},{"type":"Feature","properties":{"tunnel":0},"geometry":{"type":"LineString","coordinates":[[139.61975,35.8008],[139.62005,35.80118],[139.62037,35.80163]]}},{"type":"Feature","properties":{"tunnel":0},"geometry":{"type":"LineString","coordinates":[[139.62397,35.80628],[139.62368,35.80598]]}},{"type":"Feature","properties":{"tunnel":0},"geometry":{"type":"LineString","coordinates":[[139.62368,35.80598],[139.62318,35.80545],[139.6229,35.80514],[139.62228,35.80445]]}},{"type":"Feature","properties":{"tunnel":0},"geometry":{"type":"LineString","coordinates":[[139.625,35.80735],[139.62397,35.80628]]}},{"type":"Feature","properties":{"tunnel":0},"geometry":{"type":"LineString","coordinates":[[139.62524,35.8076],[139.62519,35.80755]]}},{"type":"Feature","properties":{"tunnel":0},"geometry":{"type":"LineString","coordinates":[[139.62519,35.80755],[139.625,35.80735]]}},{"type":"Feature","properties":{"tunnel":0},"geometry":{"type":"LineString","coordinates":[[139.61463,35.57086],[139.61427,35.57035],[139.61426,35.57034]]}},{"type":"Feature","properties":{"tunnel":0},"geometry":{"type":"LineString","coordinates":[[139.61535,35.572],[139.61531,35.57194],[139.6149,35.57123]]}},{"type":"Feature","properties":{"tunnel":0},"geometry":{"type":"LineString","coordinates":[[139.6149,35.57123],[139.61483,35.57112],[139.61463,35.57086]]}},{"type":"Feature","properties":{"tunnel":0},"geometry":{"type":"LineString","coordinates":[[139.61546,35.57221],[139.61535,35.572]]}},{"type":"Feature","properties":{"tunnel":0},"geometry":{"type":"LineString","coordinates":[[139.61558,35.57245],[139.61546,35.57221]]}},{"type":"Feature","properties":{"tunnel":0},"geometry":{"type":"LineString","coordinates":[[139.61658,35.575],[139.61645,35.5746],[139.61629,35.57402],[139.61612,35.57359],[139.61594,35.57317]]}},{"type":"Feature","properties":{"tunnel":0},"geometry":{"type":"LineString","coordinates":[[139.61594,35.57317],[139.61582,35.57292]]}},{"type":"Feature","properties":{"tunnel":0},"geometry":{"type":"LineString","coordinates":[[139.61582,35.57292],[139.61576,35.57279],[139.61558,35.57245]]}},{"type":"Feature","properties":{"tunnel":0},"geometry":{"type":"LineString","coordinates":[[139.61667,35.57531],[139.61664,35.57518],[139.61662,35.57513]]}},{"type":"Feature","properties":{"tunnel":0},"geometry":{"type":"LineString","coordinates":[[139.61662,35.57513],[139.61658,35.575],[139.61658,35.575]]}},{"type":"Feature","properties":{"tunnel":0},"geometry":{"type":"LineString","coordinates":[[139.61701,35.57692],[139.61688,35.57623],[139.61667,35.57532],[139.61667,35.57531]]}},{"type":"Feature","properties":{"tunnel":0},"geometry":{"type":"LineString","coordinates":[[139.61799,35.58123],[139.61791,35.58101],[139.61781,35.5807],[139.61763,35.58007],[139.61756,35.57975],[139.61746,35.57935],[139.61736,35.57885],[139.61735,35.57877]]}},{"type":"Feature","properties":{"tunnel":0},"geometry":{"type":"LineString","coordinates":[[139.61735,35.57877],[139.61721,35.578],[139.61704,35.57709],[139.61701,35.57692]]}},{"type":"Feature","properties":{"tunnel":0},"geometry":{"type":"LineString","coordinates":[[139.61804,35.58138],[139.618,35.58128],[139.61799,35.58123]]}},{"type":"Feature","properties":{"tunnel":0},"geometry":{"type":"LineString","coordinates":[[139.61881,35.58333],[139.61864,35.58297],[139.61856,35.58279]]}},{"type":"Feature","properties":{"tunnel":0},"geometry":{"type":"LineString","coordinates":[[139.61825,35.58194],[139.61804,35.58138]]}},{"type":"Feature","properties":{"tunnel":0},"geometry":{"type":"LineString","coordinates":[[139.61856,35.58279],[139.61825,35.58194]]}},{"type":"Feature","properties":{"tunnel":0},"geometry":{"type":"LineString","coordinates":[[139.61975,35.58517],[139.61961,35.58495],[139.61941,35.58458],[139.61912,35.58399],[139.61881,35.58333]]}},{"type":"Feature","properties":{"tunnel":0},"geometry":{"type":"LineString","coordinates":[[139.61667,35.62845],[139.61658,35.62847],[139.61582,35.62856],[139.61561,35.62857],[139.61522,35.62859],[139.61461,35.6286],[139.61426,35.62859]]}},{"type":"Feature","properties":{"tunnel":0},"geometry":{"type":"LineString","coordinates":[[139.61974,35.62813],[139.61728,35.62839],[139.61697,35.62841]]}},{"type":"Feature","properties":{"tunnel":0},"geometry":{"type":"LineString","coordinates":[[139.61697,35.62841],[139.61667,35.62845],[139.61667,35.62845]]}},{"type":"Feature","properties":{"tunnel":0},"geometry":{"type":"LineString","coordinates":[[139.61974,35.62813],[139.61975,35.62813]]}},{"type":"Feature","properties":{"tunnel":0},"geometry":{"type":"LineString","coordinates":[[139.61697,35.62841],[139.61703,35.62842],[139.61732,35.62846],[139.6178,35.62846],[139.61935,35.62829],[139.61975,35.62825]]}},{"type":"Feature","properties":{"tunnel":0},"geometry":{"type":"LineString","coordinates":[[139.61697,35.62841],[139.61733,35.6283],[139.61778,35.62822],[139.61874,35.62809],[139.61949,35.628],[139.61975,35.62796]]}},{"type":"Feature","properties":{"tunnel":0},"geometry":{"type":"LineString","coordinates":[[139.61426,35.67728],[139.61452,35.67718],[139.61587,35.67677],[139.61642,35.67654],[139.61667,35.67643]]}},{"type":"Feature","properties":{"tunnel":0},"geometry":{"type":"LineString","coordinates":[[139.61426,35.6774],[139.61454,35.6773],[139.61605,35.67682],[139.61667,35.67654]]}},{"type":"Feature","properties":{"tunnel":0},"geometry":{"type":"LineString","coordinates":[[139.61426,35.67715],[139.61429,35.67714],[139.61506,35.6769],[139.61559,35.67672],[139.61601,35.67657],[139.6164,35.67643],[139.61667,35.67632]]}},{"type":"Feature","properties":{"tunnel":0},"geometry":{"type":"LineString","coordinates":[[139.61667,35.67643],[139.61693,35.67631],[139.61796,35.67579],[139.61912,35.67518],[139.61918,35.67515]]}},{"type":"Feature","properties":{"tunnel":0},"geometry":{"type":"LineString","coordinates":[[139.61667,35.67632],[139.61667,35.67632],[139.61718,35.67608],[139.6176,35.67587],[139.61823,35.67555],[139.61873,35.6753],[139.61885,35.67524],[139.61899,35.67516],[139.61901,35.67515]]}},{"type":"Feature","properties":{"tunnel":0},"geometry":{"type":"LineString","coordinates":[[139.61667,35.67654],[139.61671,35.67653],[139.61824,35.67577],[139.61909,35.67531],[139.61936,35.67515]]}},{"type":"Feature","properties":{"tunnel":0},"geometry":{"type":"LineString","coordinates":[[139.61925,35.675],[139.61958,35.67478],[139.61975,35.67465]]}},{"type":"Feature","properties":{"tunnel":0},"geometry":{"type":"LineString","coordinates":[[139.6196,35.675],[139.61974,35.67491],[139.61975,35.6749]]}},{"type":"Feature","properties":{"tunnel":0},"geometry":{"type":"LineString","coordinates":[[139.61941,35.675],[139.61969,35.67483],[139.61975,35.67477]]}},{"type":"Feature","properties":{"tunnel":0},"geometry":{"type":"LineString","coordinates":[[139.61918,35.67515],[139.61923,35.67512],[139.61941,35.675]]}},{"type":"Feature","properties":{"tunnel":0},"geometry":{"type":"LineString","coordinates":[[139.61901,35.67515],[139.61925,35.675]]}},{"type":"Feature","properties":{"tunnel":0},"geometry":{"type":"LineString","coordinates":[[139.61936,35.67515],[139.61954,35.67504],[139.6196,35.675]]}},{"type":"Feature","properties":{"tunnel":1},"geometry":{"type":"LineString","coordinates":[[139.61472,35.78652],[139.61478,35.78663]]}},{"type":"Feature","properties":{"tunnel":1},"geometry":{"type":"LineString","coordinates":[[139.61426,35.78582],[139.61455,35.78621],[139.61472,35.78652]]}},{"type":"Feature","properties":{"tunnel":0},"geometry":{"type":"LineString","coordinates":[[139.61426,35.78548],[139.61451,35.78578],[139.61472,35.78609]]}},{"type":"Feature","properties":{"tunnel":0},"geometry":{"type":"LineString","coordinates":[[139.61426,35.7862],[139.61432,35.78629]]}},{"type":"Feature","properties":{"tunnel":1},"geometry":{"type":"LineString","coordinates":[[139.61472,35.78609],[139.61491,35.78643]]}},{"type":"Feature","properties":{"tunnel":1},"geometry":{"type":"LineString","coordinates":[[139.61451,35.78663],[139.6145,35.78661]]}},{"type":"Feature","properties":{"tunnel":1},"geometry":{"type":"LineString","coordinates":[[139.61491,35.78643],[139.61502,35.78663]]}},{"type":"Feature","properties":{"tunnel":1},"geometry":{"type":"LineString","coordinates":[[139.6145,35.78661],[139.61432,35.78629]]}},{"type":"Feature","properties":{"tunnel":0},"geometry":{"type":"LineString","coordinates":[[139.61553,35.78866],[139.61557,35.78909]]}},{"type":"Feature","properties":{"tunnel":0},"geometry":{"type":"LineString","coordinates":[[139.61555,35.79039],[139.61559,35.78965]]}},{"type":"Feature","properties":{"tunnel":1},"geometry":{"type":"LineString","coordinates":[[139.61536,35.78805],[139.61553,35.78866]]}},{"type":"Feature","properties":{"tunnel":1},"geometry":{"type":"LineString","coordinates":[[139.61559,35.78965],[139.61557,35.78909]]}},{"type":"Feature","properties":{"tunnel":1},"geometry":{"type":"LineString","coordinates":[[139.61519,35.78757],[139.6153,35.78783],[139.61536,35.78805]]}},{"type":"Feature","properties":{"tunnel":1},"geometry":{"type":"LineString","coordinates":[[139.61505,35.7872],[139.61519,35.78757]]}},{"type":"Feature","properties":{"tunnel":1},"geometry":{"type":"LineString","coordinates":[[139.61478,35.78663],[139.61488,35.78682],[139.61505,35.7872]]}},{"type":"Feature","properties":{"tunnel":1},"geometry":{"type":"LineString","coordinates":[[139.61549,35.79108],[139.61555,35.79039]]}},{"type":"Feature","properties":{"tunnel":0},"geometry":{"type":"LineString","coordinates":[[139.61508,35.78672],[139.61529,35.78716]]}},{"type":"Feature","properties":{"tunnel":1},"geometry":{"type":"LineString","coordinates":[[139.61465,35.78687],[139.61451,35.78663]]}},{"type":"Feature","properties":{"tunnel":1},"geometry":{"type":"LineString","coordinates":[[139.61502,35.78663],[139.61508,35.78672]]}},{"type":"Feature","properties":{"tunnel":0},"geometry":{"type":"LineString","coordinates":[[139.61529,35.78716],[139.61533,35.78724],[139.61542,35.7875]]}},{"type":"Feature","properties":{"tunnel":0},"geometry":{"type":"LineString","coordinates":[[139.61557,35.78909],[139.61575,35.78896],[139.61572,35.78873],[139.61567,35.78844],[139.61555,35.78792]]}},{"type":"Feature","properties":{"tunnel":0},"geometry":{"type":"LineString","coordinates":[[139.61486,35.7873],[139.61465,35.78687]]}},{"type":"Feature","properties":{"tunnel":0},"geometry":{"type":"LineString","coordinates":[[139.61514,35.78809],[139.61505,35.78783],[139.61499,35.78768]]}},{"type":"Feature","properties":{"tunnel":0},"geometry":{"type":"LineString","coordinates":[[139.61557,35.78909],[139.6154,35.78901],[139.61534,35.78892],[139.61526,35.78876],[139.61525,35.78867],[139.61519,35.7883],[139.61515,35.78814],[139.61514,35.78809]]}},{"type":"Feature","properties":{"tunnel":0},"geometry":{"type":"LineString","coordinates":[[139.61555,35.78792],[139.61553,35.78784],[139.61553,35.78782],[139.61546,35.78761],[139.61542,35.7875]]}},{"type":"Feature","properties":{"tunnel":0},"geometry":{"type":"LineString","coordinates":[[139.61499,35.78768],[139.61486,35.7873]]}},{"type":"Feature","properties":{"tunnel":1},"geometry":{"type":"LineString","coordinates":[[139.61544,35.79167],[139.61546,35.7914]]}},{"type":"Feature","properties":{"tunnel":1},"geometry":{"type":"LineString","coordinates":[[139.61546,35.7914],[139.61549,35.79108]]}},{"type":"Feature","properties":{"tunnel":0},"geometry":{"type":"LineString","coordinates":[[139.61557,35.79495],[139.61548,35.7946],[139.61545,35.79441],[139.61542,35.79415],[139.61538,35.79368],[139.61538,35.79353]]}},{"type":"Feature","properties":{"tunnel":0},"geometry":{"type":"LineString","coordinates":[[139.61538,35.79353],[139.61537,35.79309]]}},{"type":"Feature","properties":{"tunnel":0},"geometry":{"type":"LineString","coordinates":[[139.61537,35.79309],[139.61537,35.79292],[139.61539,35.79251],[139.61541,35.79225]]}},{"type":"Feature","properties":{"tunnel":0},"geometry":{"type":"LineString","coordinates":[[139.61574,35.79554],[139.61567,35.7953],[139.61562,35.79515],[139.61557,35.79495]]}},{"type":"Feature","properties":{"tunnel":1},"geometry":{"type":"LineString","coordinates":[[139.61541,35.79225],[139.61544,35.79167]]}},{"type":"Feature","properties":{"tunnel":0},"geometry":{"type":"LineString","coordinates":[[139.61829,35.79999],[139.61829,35.8],[139.61829,35.8]]}},{"type":"Feature","properties":{"tunnel":0},"geometry":{"type":"LineString","coordinates":[[139.61898,35.8],[139.61897,35.79999]]}},{"type":"Feature","properties":{"tunnel":0},"geometry":{"type":"LineString","coordinates":[[139.61847,35.8],[139.61847,35.79999]]}},{"type":"Feature","properties":{"tunnel":0},"geometry":{"type":"LineString","coordinates":[[139.61847,35.8],[139.61847,35.8]]}},{"type":"Feature","properties":{"tunnel":0},"geometry":{"type":"LineString","coordinates":[[139.61874,35.8],[139.61873,35.79999]]}},{"type":"Feature","properties":{"tunnel":0},"geometry":{"type":"LineString","coordinates":[[139.61914,35.79999],[139.61915,35.8]]}},{"type":"Feature","properties":{"tunnel":0},"geometry":{"type":"LineString","coordinates":[[139.61829,35.8],[139.61851,35.80027]]}},{"type":"Feature","properties":{"tunnel":0},"geometry":{"type":"LineString","coordinates":[[139.61953,35.80139],[139.61921,35.80101],[139.6186,35.80018]]}},{"type":"Feature","properties":{"tunnel":0},"geometry":{"type":"LineString","coordinates":[[139.61953,35.80139],[139.61975,35.80165]]}},{"type":"Feature","properties":{"tunnel":0},"geometry":{"type":"LineString","coordinates":[[139.61851,35.80027],[139.61858,35.80036],[139.61907,35.80098]]}},{"type":"Feature","properties":{"tunnel":0},"geometry":{"type":"LineString","coordinates":[[139.6186,35.80018],[139.61847,35.8]]}},{"type":"Feature","properties":{"tunnel":0},"geometry":{"type":"LineString","coordinates":[[139.61975,35.80093],[139.61954,35.80064],[139.61908,35.80012]]}},{"type":"Feature","properties":{"tunnel":0},"geometry":{"type":"LineString","coordinates":[[139.61908,35.80012],[139.61898,35.8]]}},{"type":"Feature","properties":{"tunnel":0},"geometry":{"type":"LineString","coordinates":[[139.61975,35.80133],[139.61923,35.80066],[139.6188,35.80008]]}},{"type":"Feature","properties":{"tunnel":0},"geometry":{"type":"LineString","coordinates":[[139.6188,35.80008],[139.61874,35.8]]}},{"type":"Feature","properties":{"tunnel":0},"geometry":{"type":"LineString","coordinates":[[139.61915,35.8],[139.61917,35.80003]]}},{"type":"Feature","properties":{"tunnel":0},"geometry":{"type":"LineString","coordinates":[[139.61917,35.80003],[139.61926,35.80013],[139.61939,35.80031],[139.61951,35.80047],[139.61974,35.80079],[139.61975,35.8008]]}},{"type":"Feature","properties":{"tunnel":0},"geometry":{"type":"LineString","coordinates":[[139.61667,35.79729],[139.61651,35.79704]]}},{"type":"Feature","properties":{"tunnel":0},"geometry":{"type":"LineString","coordinates":[[139.61651,35.79704],[139.61644,35.79692],[139.6163,35.79669],[139.61615,35.79642],[139.61607,35.79628],[139.61592,35.79597],[139.61586,35.79583],[139.61579,35.79567],[139.61575,35.79556],[139.61574,35.79554]]}},{"type":"Feature","properties":{"tunnel":0},"geometry":{"type":"LineString","coordinates":[[139.61719,35.79802],[139.61667,35.7973],[139.61667,35.7973],[139.61667,35.79729]]}},{"type":"Feature","properties":{"tunnel":0},"geometry":{"type":"LineString","coordinates":[[139.61787,35.79926],[139.61793,35.79946],[139.61828,35.79999],[139.61829,35.79999]]}},{"type":"Feature","properties":{"tunnel":0},"geometry":{"type":"LineString","coordinates":[[139.61838,35.79925],[139.61784,35.79859]]}},{"type":"Feature","properties":{"tunnel":0},"geometry":{"type":"LineString","coordinates":[[139.61787,35.79926],[139.6175,35.79874],[139.61749,35.79872]]}},{"type":"Feature","properties":{"tunnel":0},"geometry":{"type":"LineString","coordinates":[[139.61897,35.79999],[139.61869,35.79968]]}},{"type":"Feature","properties":{"tunnel":0},"geometry":{"type":"LineString","coordinates":[[139.61847,35.79999],[139.61843,35.79994],[139.61804,35.79943],[139.61787,35.79926]]}},{"type":"Feature","properties":{"tunnel":0},"geometry":{"type":"LineString","coordinates":[[139.61709,35.79809],[139.61707,35.79803],[139.61694,35.79766]]}},{"type":"Feature","properties":{"tunnel":0},"geometry":{"type":"LineString","coordinates":[[139.61728,35.79797],[139.61694,35.79766]]}},{"type":"Feature","properties":{"tunnel":1},"geometry":{"type":"LineString","coordinates":[[139.61784,35.79859],[139.61778,35.79852],[139.61757,35.79823],[139.61728,35.79797]]}},{"type":"Feature","properties":{"tunnel":1},"geometry":{"type":"LineString","coordinates":[[139.61749,35.79872],[139.61709,35.79809]]}},{"type":"Feature","properties":{"tunnel":0},"geometry":{"type":"LineString","coordinates":[[139.61775,35.79876],[139.61769,35.79868]]}},{"type":"Feature","properties":{"tunnel":0},"geometry":{"type":"LineString","coordinates":[[139.61775,35.79876],[139.61818,35.79931]]}},{"type":"Feature","properties":{"tunnel":0},"geometry":{"type":"LineString","coordinates":[[139.61873,35.79999],[139.61818,35.79931]]}},{"type":"Feature","properties":{"tunnel":1},"geometry":{"type":"LineString","coordinates":[[139.61769,35.79868],[139.61719,35.79802]]}},{"type":"Feature","properties":{"tunnel":0},"geometry":{"type":"LineString","coordinates":[[139.61838,35.79925],[139.61855,35.7994],[139.61864,35.7995],[139.61883,35.79967]]}},{"type":"Feature","properties":{"tunnel":0},"geometry":{"type":"LineString","coordinates":[[139.61897,35.79981],[139.61914,35.79999]]}},{"type":"Feature","properties":{"tunnel":0},"geometry":{"type":"LineString","coordinates":[[139.61883,35.79967],[139.61897,35.79981]]}},{"type":"Feature","properties":{"tunnel":0},"geometry":{"type":"LineString","coordinates":[[139.61869,35.79968],[139.61864,35.79962],[139.61848,35.79943],[139.61838,35.79925]]}},{"type":"Feature","properties":{"tunnel":0},"geometry":{"type":"LineString","coordinates":[[139.60967,35.5626],[139.60963,35.56245],[139.60945,35.56141],[139.60937,35.56087]]}},{"type":"Feature","properties":{"tunnel":0},"geometry":{"type":"LineString","coordinates":[[139.60919,35.55969],[139.6091,35.55904]]}},{"type":"Feature","properties":{"tunnel":0},"geometry":{"type":"LineString","coordinates":[[139.60937,35.56087],[139.60929,35.5603]]}},{"type":"Feature","properties":{"tunnel":0},"geometry":{"type":"LineString","coordinates":[[139.60929,35.5603],[139.60919,35.55969]]}},{"type":"Feature","properties":{"tunnel":0},"geometry":{"type":"LineString","coordinates":[[139.60993,35.56351],[139.60993,35.56349]]}},{"type":"Feature","properties":{"tunnel":0},"geometry":{"type":"LineString","coordinates":[[139.60993,35.56349],[139.60974,35.56288]]}},{"type":"Feature","properties":{"tunnel":0},"geometry":{"type":"LineString","coordinates":[[139.60974,35.56288],[139.60967,35.5626]]}},{"type":"Feature","properties":{"tunnel":0},"geometry":{"type":"LineString","coordinates":[[139.60899,35.55833],[139.60899,35.55833],[139.60889,35.5577],[139.60881,35.55736],[139.60876,35.55715]]}},{"type":"Feature","properties":{"tunnel":0},"geometry":{"type":"LineString","coordinates":[[139.6091,35.55904],[139.60904,35.55864],[139.60899,35.55833]]}},{"type":"Feature","properties":{"tunnel":0},"geometry":{"type":"LineString","coordinates":[[139.61426,35.57034],[139.61371,35.56959],[139.61322,35.56893]]}},{"type":"Feature","properties":{"tunnel":0},"geometry":{"type":"LineString","coordinates":[[139.61322,35.56893],[139.61294,35.56857],[139.61251,35.56798]]}},{"type":"Feature","properties":{"tunnel":0},"geometry":{"type":"LineString","coordinates":[[139.61156,35.56667],[139.61126,35.56625],[139.6109,35.56566],[139.61073,35.56533]]}},{"type":"Feature","properties":{"tunnel":0},"geometry":{"type":"LineString","coordinates":[[139.61073,35.56533],[139.61066,35.5652]]}},{"type":"Feature","properties":{"tunnel":0},"geometry":{"type":"LineString","coordinates":[[139.61038,35.5646],[139.61036,35.56456],[139.61004,35.56382],[139.60999,35.56369],[139.60993,35.56351]]}},{"type":"Feature","properties":{"tunnel":0},"geometry":{"type":"LineString","coordinates":[[139.61058,35.56503],[139.61039,35.56462],[139.61038,35.5646]]}},{"type":"Feature","properties":{"tunnel":0},"geometry":{"type":"LineString","coordinates":[[139.61066,35.5652],[139.6106,35.56508],[139.61058,35.56503]]}},{"type":"Feature","properties":{"tunnel":0},"geometry":{"type":"LineString","coordinates":[[139.61251,35.56798],[139.61234,35.56775],[139.61156,35.56667],[139.61156,35.56667]]}},{"type":"Feature","properties":{"tunnel":0},"geometry":{"type":"LineString","coordinates":[[139.61426,35.62859],[139.61384,35.62857],[139.61314,35.62849],[139.61274,35.62842],[139.61215,35.62826]]}},{"type":"Feature","properties":{"tunnel":0},"geometry":{"type":"LineString","coordinates":[[139.61215,35.62826],[139.61164,35.62811],[139.6114,35.62802],[139.61084,35.62781],[139.61059,35.62772],[139.60977,35.62733]]}},{"type":"Feature","properties":{"tunnel":0},"geometry":{"type":"LineString","coordinates":[[139.60977,35.62733],[139.60973,35.62731]]}},{"type":"Feature","properties":{"tunnel":0},"geometry":{"type":"LineString","coordinates":[[139.60973,35.62731],[139.60914,35.62702],[139.60876,35.62685]]}},{"type":"Feature","properties":{"tunnel":0},"geometry":{"type":"LineString","coordinates":[[139.60876,35.67949],[139.60968,35.67919],[139.61055,35.67889]]}},{"type":"Feature","properties":{"tunnel":0},"geometry":{"type":"LineString","coordinates":[[139.61119,35.67867],[139.6119,35.67844],[139.61266,35.67812],[139.61335,35.67771],[139.61386,35.67743],[139.61401,35.67737],[139.61426,35.67728]]}},{"type":"Feature","properties":{"tunnel":0},"geometry":{"type":"LineString","coordinates":[[139.61073,35.67883],[139.6108,35.67886],[139.61135,35.67869],[139.61166,35.67861],[139.61204,35.67849],[139.61252,35.67832],[139.61295,35.67809],[139.61386,35.67756],[139.6141,35.67746],[139.61426,35.6774]]}},{"type":"Feature","properties":{"tunnel":0},"geometry":{"type":"LineString","coordinates":[[139.61073,35.67883],[139.61073,35.67879],[139.61146,35.67853],[139.61158,35.67849],[139.61192,35.67833],[139.6123,35.67816],[139.61271,35.67796],[139.61308,35.67774],[139.61339,35.67755],[139.61373,35.67735],[139.61426,35.67715]]}},{"type":"Feature","properties":{"tunnel":0},"geometry":{"type":"LineString","coordinates":[[139.61055,35.67889],[139.61073,35.67883]]}},{"type":"Feature","properties":{"tunnel":0},"geometry":{"type":"LineString","coordinates":[[139.6093,35.77964],[139.60928,35.77947]]}},{"type":"Feature","properties":{"tunnel":0},"geometry":{"type":"LineString","coordinates":[[139.60952,35.78048],[139.60949,35.78036],[139.60941,35.78012],[139.6093,35.77964]]}},{"type":"Feature","properties":{"tunnel":0},"geometry":{"type":"LineString","coordinates":[[139.61051,35.78217],[139.61028,35.78187],[139.61003,35.78147],[139.60982,35.78114],[139.60967,35.78087],[139.60959,35.78065],[139.60952,35.78048]]}},{"type":"Feature","properties":{"tunnel":0},"geometry":{"type":"LineString","coordinates":[[139.6093,35.77964],[139.60946,35.77968],[139.60965,35.78024],[139.60977,35.78058],[139.60983,35.7807],[139.61008,35.78114],[139.61013,35.78125],[139.61025,35.78147],[139.6104,35.7817],[139.61055,35.78189],[139.61075,35.78201]]}},{"type":"Feature","properties":{"tunnel":0},"geometry":{"type":"LineString","coordinates":[[139.60952,35.78048],[139.60937,35.78066],[139.60943,35.7808],[139.60962,35.78121],[139.60985,35.78161],[139.60987,35.78168],[139.61,35.78198]]}},{"type":"Feature","properties":{"tunnel":1},"geometry":{"type":"LineString","coordinates":[[139.60928,35.77947],[139.60927,35.77912],[139.60921,35.77889],[139.6091,35.77861],[139.60896,35.77834],[139.60876,35.77807]]}},{"type":"Feature","properties":{"tunnel":0},"geometry":{"type":"LineString","coordinates":[[139.61073,35.78246],[139.61051,35.78217]]}},{"type":"Feature","properties":{"tunnel":1},"geometry":{"type":"LineString","coordinates":[[139.61073,35.78246],[139.61107,35.78278]]}},{"type":"Feature","properties":{"tunnel":1},"geometry":{"type":"LineString","coordinates":[[139.61107,35.78278],[139.61168,35.78333],[139.61168,35.78333]]}},{"type":"Feature","properties":{"tunnel":1},"geometry":{"type":"LineString","coordinates":[[139.61221,35.78379],[139.61286,35.78435]]}},{"type":"Feature","properties":{"tunnel":1},"geometry":{"type":"LineString","coordinates":[[139.61168,35.78333],[139.61221,35.78379]]}},{"type":"Feature","properties":{"tunnel":1},"geometry":{"type":"LineString","coordinates":[[139.6134,35.78486],[139.61372,35.78518],[139.61418,35.78571],[139.61426,35.78582]]}},{"type":"Feature","properties":{"tunnel":1},"geometry":{"type":"LineString","coordinates":[[139.61286,35.78435],[139.61307,35.78453],[139.6134,35.78486]]}},{"type":"Feature","properties":{"tunnel":0},"geometry":{"type":"LineString","coordinates":[[139.61418,35.78524],[139.61412,35.78532],[139.61426,35.78548]]}},{"type":"Feature","properties":{"tunnel":0},"geometry":{"type":"LineString","coordinates":[[139.61359,35.78542],[139.6138,35.7856],[139.61401,35.78586],[139.61416,35.78607],[139.61426,35.7862]]}},{"type":"Feature","properties":{"tunnel":0},"geometry":{"type":"LineString","coordinates":[[139.60436,35.55],[139.60436,35.54999],[139.60419,35.54975],[139.60394,35.54938],[139.60368,35.54894],[139.60348,35.54858],[139.60335,35.54832]]}},{"type":"Feature","properties":{"tunnel":0},"geometry":{"type":"LineString","coordinates":[[139.60327,35.54817],[139.60327,35.54817]]}},{"type":"Feature","properties":{"tunnel":0},"geometry":{"type":"LineString","coordinates":[[139.60327,35.54587],[139.60332,35.54583],[139.60336,35.54579],[139.60343,35.54571],[139.60346,35.54565]]}},{"type":"Feature","properties":{"tunnel":0},"geometry":{"type":"LineString","coordinates":[[139.60327,35.54817],[139.60327,35.54816]]}},{"type":"Feature","properties":{"tunnel":0},"geometry":{"type":"LineString","coordinates":[[139.60327,35.54658],[139.60332,35.54652],[139.60337,35.54646]]}},{"type":"Feature","properties":{"tunnel":0},"geometry":{"type":"LineString","coordinates":[[139.60346,35.54565],[139.60346,35.54564]]}},{"type":"Feature","properties":{"tunnel":0},"geometry":{"type":"LineString","coordinates":[[139.60381,35.54571],[139.60385,35.54564]]}},{"type":"Feature","properties":{"tunnel":0},"geometry":{"type":"LineString","coordinates":[[139.60398,35.54577],[139.604,35.54574],[139.60402,35.54564]]}},{"type":"Feature","properties":{"tunnel":0},"geometry":{"type":"LineString","coordinates":[[139.60337,35.54646],[139.60349,35.54634],[139.60353,35.54631],[139.60375,35.54612],[139.60383,35.54604],[139.60391,35.54593],[139.60398,35.54577]]}},{"type":"Feature","properties":{"tunnel":0},"geometry":{"type":"LineString","coordinates":[[139.6037,35.54564],[139.60369,35.54566]]}},{"type":"Feature","properties":{"tunnel":0},"geometry":{"type":"LineString","coordinates":[[139.60369,35.54566],[139.60364,35.54576],[139.6036,35.54582]]}},{"type":"Feature","properties":{"tunnel":1},"geometry":{"type":"LineString","coordinates":[[139.60327,35.54571],[139.60332,35.54571],[139.6034,35.54569],[139.60345,35.54566],[139.60349,35.54564]]}},{"type":"Feature","properties":{"tunnel":0},"geometry":{"type":"LineString","coordinates":[[139.60327,35.546],[139.60337,35.54598]]}},{"type":"Feature","properties":{"tunnel":1},"geometry":{"type":"LineString","coordinates":[[139.6036,35.54582],[139.6035,35.54598],[139.60343,35.54606],[139.60329,35.54616],[139.60327,35.54617]]}},{"type":"Feature","properties":{"tunnel":0},"geometry":{"type":"LineString","coordinates":[[139.60346,35.54595],[139.60367,35.54586],[139.60374,35.5458],[139.60378,35.54575],[139.60381,35.54571]]}},{"type":"Feature","properties":{"tunnel":0},"geometry":{"type":"LineString","coordinates":[[139.60337,35.54598],[139.6034,35.54598],[139.60346,35.54595]]}},{"type":"Feature","properties":{"tunnel":0},"geometry":{"type":"LineString","coordinates":[[139.60349,35.54898],[139.60381,35.54946],[139.60419,35.54994],[139.60427,35.55]]}},{"type":"Feature","properties":{"tunnel":0},"geometry":{"type":"LineString","coordinates":[[139.60327,35.54865],[139.60349,35.54898]]}},{"type":"Feature","properties":{"tunnel":0},"geometry":{"type":"LineString","coordinates":[[139.60335,35.54832],[139.60331,35.54825]]}},{"type":"Feature","properties":{"tunnel":0},"geometry":{"type":"LineString","coordinates":[[139.60331,35.54825],[139.60327,35.54817]]}},{"type":"Feature","properties":{"tunnel":0},"geometry":{"type":"LineString","coordinates":[[139.60444,35.55011],[139.60441,35.55007]]}},{"type":"Feature","properties":{"tunnel":0},"geometry":{"type":"LineString","coordinates":[[139.60441,35.55007],[139.60436,35.55],[139.60436,35.55]]}},{"type":"Feature","properties":{"tunnel":0},"geometry":{"type":"LineString","coordinates":[[139.60427,35.55],[139.60427,35.55],[139.60437,35.55007]]}},{"type":"Feature","properties":{"tunnel":0},"geometry":{"type":"LineString","coordinates":[[139.60437,35.55007],[139.60441,35.55011]]}},{"type":"Feature","properties":{"tunnel":0},"geometry":{"type":"LineString","coordinates":[[139.60392,35.54445],[139.60387,35.54409],[139.60383,35.54373],[139.60376,35.5435]]}},{"type":"Feature","properties":{"tunnel":0},"geometry":{"type":"LineString","coordinates":[[139.60393,35.54504],[139.60392,35.54445]]}},{"type":"Feature","properties":{"tunnel":0},"geometry":{"type":"LineString","coordinates":[[139.60342,35.54263],[139.60344,35.54273],[139.60349,35.54326],[139.60352,35.54339],[139.60357,35.5435],[139.60376,35.5435]]}},{"type":"Feature","properties":{"tunnel":0},"geometry":{"type":"LineString","coordinates":[[139.60392,35.54445],[139.60378,35.54447],[139.60382,35.54493],[139.60378,35.54516]]}},{"type":"Feature","properties":{"tunnel":0},"geometry":{"type":"LineString","coordinates":[[139.60424,35.54467],[139.60415,35.54451],[139.60404,35.54445],[139.60392,35.54445]]}},{"type":"Feature","properties":{"tunnel":0},"geometry":{"type":"LineString","coordinates":[[139.60376,35.5435],[139.60393,35.54343],[139.60388,35.54321],[139.60388,35.54308],[139.60392,35.5429],[139.60406,35.54248],[139.60407,35.5424]]}},{"type":"Feature","properties":{"tunnel":0},"geometry":{"type":"LineString","coordinates":[[139.60354,35.54187],[139.60365,35.54256],[139.60372,35.5434],[139.60376,35.5435]]}},{"type":"Feature","properties":{"tunnel":0},"geometry":{"type":"LineString","coordinates":[[139.60378,35.54516],[139.60375,35.54547],[139.60372,35.54557]]}},{"type":"Feature","properties":{"tunnel":0},"geometry":{"type":"LineString","coordinates":[[139.60356,35.54557],[139.60359,35.54553]]}},{"type":"Feature","properties":{"tunnel":0},"geometry":{"type":"LineString","coordinates":[[139.60346,35.54564],[139.60348,35.54559]]}},{"type":"Feature","properties":{"tunnel":0},"geometry":{"type":"LineString","coordinates":[[139.60348,35.54559],[139.6035,35.54553],[139.60351,35.5455]]}},{"type":"Feature","properties":{"tunnel":0},"geometry":{"type":"LineString","coordinates":[[139.60385,35.54564],[139.60386,35.54562],[139.60387,35.54561]]}},{"type":"Feature","properties":{"tunnel":0},"geometry":{"type":"LineString","coordinates":[[139.60402,35.54564],[139.60403,35.54561]]}},{"type":"Feature","properties":{"tunnel":0},"geometry":{"type":"LineString","coordinates":[[139.60351,35.5455],[139.60351,35.54545],[139.60351,35.54535],[139.60348,35.54507],[139.60341,35.54455],[139.60336,35.54413],[139.60327,35.54362]]}},{"type":"Feature","properties":{"tunnel":0},"geometry":{"type":"LineString","coordinates":[[139.60387,35.54561],[139.60389,35.54557],[139.60391,35.54551],[139.60392,35.54544],[139.60391,35.54527],[139.60393,35.54504]]}},{"type":"Feature","properties":{"tunnel":0},"geometry":{"type":"LineString","coordinates":[[139.60403,35.54561],[139.60404,35.54556],[139.60403,35.54536],[139.60393,35.54504]]}},{"type":"Feature","properties":{"tunnel":0},"geometry":{"type":"LineString","coordinates":[[139.60359,35.54553],[139.60363,35.54549],[139.60366,35.54545],[139.60369,35.54538],[139.60378,35.54516]]}},{"type":"Feature","properties":{"tunnel":0},"geometry":{"type":"LineString","coordinates":[[139.60372,35.54557],[139.60371,35.54562],[139.6037,35.54564]]}},{"type":"Feature","properties":{"tunnel":0},"geometry":{"type":"LineString","coordinates":[[139.60407,35.5424],[139.60407,35.54229],[139.60404,35.54217],[139.60401,35.54209],[139.60395,35.54202],[139.60387,35.54193],[139.60376,35.54186]]}},{"type":"Feature","properties":{"tunnel":0},"geometry":{"type":"LineString","coordinates":[[139.60327,35.54244],[139.60334,35.54249],[139.60342,35.54263]]}},{"type":"Feature","properties":{"tunnel":0},"geometry":{"type":"LineString","coordinates":[[139.60376,35.54186],[139.6037,35.54183],[139.6036,35.54179]]}},{"type":"Feature","properties":{"tunnel":0},"geometry":{"type":"LineString","coordinates":[[139.6036,35.54179],[139.60352,35.54178],[139.60337,35.54177],[139.60327,35.54178]]}},{"type":"Feature","properties":{"tunnel":1},"geometry":{"type":"LineString","coordinates":[[139.60349,35.54564],[139.6035,35.54563],[139.60356,35.54557]]}},{"type":"Feature","properties":{"tunnel":0},"geometry":{"type":"LineString","coordinates":[[139.60327,35.54542],[139.6033,35.54542],[139.60348,35.54549],[139.60367,35.54556],[139.60381,35.5456],[139.60393,35.54562],[139.60407,35.54561],[139.60413,35.54559],[139.60423,35.54553],[139.60428,35.54543],[139.60431,35.5453],[139.60424,35.54467]]}},{"type":"Feature","properties":{"tunnel":0},"geometry":{"type":"LineString","coordinates":[[139.60555,35.55154],[139.60484,35.55061],[139.60468,35.55042]]}},{"type":"Feature","properties":{"tunnel":0},"geometry":{"type":"LineString","coordinates":[[139.60775,35.55457],[139.60769,35.55445],[139.60748,35.55411],[139.60746,35.55408]]}},{"type":"Feature","properties":{"tunnel":0},"geometry":{"type":"LineString","coordinates":[[139.6045,35.55018],[139.60444,35.55011]]}},{"type":"Feature","properties":{"tunnel":0},"geometry":{"type":"LineString","coordinates":[[139.60468,35.55042],[139.6045,35.55018]]}},{"type":"Feature","properties":{"tunnel":0},"geometry":{"type":"LineString","coordinates":[[139.60602,35.55212],[139.60593,35.55199],[139.60575,35.55177],[139.60555,35.55154]]}},{"type":"Feature","properties":{"tunnel":0},"geometry":{"type":"LineString","coordinates":[[139.60621,35.55234],[139.60602,35.55212]]}},{"type":"Feature","properties":{"tunnel":0},"geometry":{"type":"LineString","coordinates":[[139.60635,35.55253],[139.60621,35.55234]]}},{"type":"Feature","properties":{"tunnel":0},"geometry":{"type":"LineString","coordinates":[[139.60746,35.55408],[139.60735,35.55389],[139.60723,35.55373],[139.60698,35.55336],[139.60654,35.55277],[139.60635,35.55253]]}},{"type":"Feature","properties":{"tunnel":0},"geometry":{"type":"LineString","coordinates":[[139.60441,35.55011],[139.6045,35.55018]]}},{"type":"Feature","properties":{"tunnel":0},"geometry":{"type":"LineString","coordinates":[[139.60833,35.55579],[139.60823,35.55552],[139.60817,35.55538],[139.60796,35.55496],[139.60775,35.55457]]}},{"type":"Feature","properties":{"tunnel":0},"geometry":{"type":"LineString","coordinates":[[139.60862,35.55658],[139.60844,35.55608]]}},{"type":"Feature","properties":{"tunnel":0},"geometry":{"type":"LineString","coordinates":[[139.60844,35.55608],[139.60841,35.55599],[139.60834,35.5558],[139.60833,35.55579]]}},{"type":"Feature","properties":{"tunnel":0},"geometry":{"type":"LineString","coordinates":[[139.60876,35.55715],[139.6087,35.55687],[139.60862,35.55658]]}},{"type":"Feature","properties":{"tunnel":0},"geometry":{"type":"LineString","coordinates":[[139.60575,35.62605],[139.60574,35.62605],[139.60522,35.62592],[139.60468,35.6258],[139.60375,35.62555],[139.6033,35.62542],[139.60327,35.62541]]}},{"type":"Feature","properties":{"tunnel":0},"geometry":{"type":"LineString","coordinates":[[139.60833,35.62666],[139.60798,35.62653],[139.60756,35.62641]]}},{"type":"Feature","properties":{"tunnel":0},"geometry":{"type":"LineString","coordinates":[[139.60756,35.62641],[139.60656,35.6262],[139.60575,35.62605]]}},{"type":"Feature","properties":{"tunnel":0},"geometry":{"type":"LineString","coordinates":[[139.60876,35.62685],[139.60868,35.62681],[139.60834,35.62666],[139.60833,35.62666],[139.60833,35.62666]]}},{"type":"Feature","properties":{"tunnel":0},"geometry":{"type":"LineString","coordinates":[[139.6084,35.67961],[139.60873,35.6795],[139.60876,35.67949]]}},{"type":"Feature","properties":{"tunnel":0},"geometry":{"type":"LineString","coordinates":[[139.6079,35.67977],[139.60832,35.67963],[139.60833,35.67963]]}},{"type":"Feature","properties":{"tunnel":0},"geometry":{"type":"LineString","coordinates":[[139.60611,35.68034],[139.60643,35.68025]]}},{"type":"Feature","properties":{"tunnel":0},"geometry":{"type":"LineString","coordinates":[[139.60611,35.68034],[139.60582,35.6804],[139.60555,35.68043]]}},{"type":"Feature","properties":{"tunnel":0},"geometry":{"type":"LineString","coordinates":[[139.60611,35.68034],[139.60656,35.68032],[139.60696,35.68021],[139.60766,35.68001],[139.60798,35.67992]]}},{"type":"Feature","properties":{"tunnel":0},"geometry":{"type":"LineString","coordinates":[[139.60643,35.68025],[139.6079,35.67977]]}},{"type":"Feature","properties":{"tunnel":0},"geometry":{"type":"LineString","coordinates":[[139.60555,35.68043],[139.60504,35.68046],[139.60454,35.68045]]}},{"type":"Feature","properties":{"tunnel":0},"geometry":{"type":"LineString","coordinates":[[139.60454,35.68045],[139.60402,35.68039],[139.60356,35.68029],[139.60327,35.6802]]}},{"type":"Feature","properties":{"tunnel":0},"geometry":{"type":"LineString","coordinates":[[139.60833,35.67963],[139.6084,35.67961]]}},{"type":"Feature","properties":{"tunnel":0},"geometry":{"type":"LineString","coordinates":[[139.60457,35.75543],[139.60418,35.75554],[139.60373,35.75568],[139.60327,35.75585]]}},{"type":"Feature","properties":{"tunnel":0},"geometry":{"type":"LineString","coordinates":[[139.60735,35.75461],[139.60702,35.75473]]}},{"type":"Feature","properties":{"tunnel":0},"geometry":{"type":"LineString","coordinates":[[139.60764,35.75448],[139.60752,35.75453]]}},{"type":"Feature","properties":{"tunnel":0},"geometry":{"type":"LineString","coordinates":[[139.60752,35.75453],[139.60735,35.75461]]}},{"type":"Feature","properties":{"tunnel":0},"geometry":{"type":"LineString","coordinates":[[139.60702,35.75473],[139.60457,35.75543]]}},{"type":"Feature","properties":{"tunnel":1},"geometry":{"type":"LineString","coordinates":[[139.60876,35.77807],[139.6085,35.77771]]}},{"type":"Feature","properties":{"tunnel":1},"geometry":{"type":"LineString","coordinates":[[139.60381,35.77335],[139.60373,35.77326]]}},{"type":"Feature","properties":{"tunnel":0},"geometry":{"type":"LineString","coordinates":[[139.60554,35.775],[139.60426,35.77381],[139.60381,35.77335]]}},{"type":"Feature","properties":{"tunnel":0},"geometry":{"type":"LineString","coordinates":[[139.60711,35.77644],[139.60554,35.775]]}},{"type":"Feature","properties":{"tunnel":1},"geometry":{"type":"LineString","coordinates":[[139.60833,35.77749],[139.60833,35.77748],[139.60819,35.77734],[139.60777,35.77701],[139.60711,35.77644]]}},{"type":"Feature","properties":{"tunnel":1},"geometry":{"type":"LineString","coordinates":[[139.6085,35.77771],[139.60834,35.77749],[139.60833,35.77749]]}},{"type":"Feature","properties":{"tunnel":1},"geometry":{"type":"LineString","coordinates":[[139.60373,35.77326],[139.60333,35.77281]]}},{"type":"Feature","properties":{"tunnel":1},"geometry":{"type":"LineString","coordinates":[[139.60333,35.77281],[139.60327,35.77273]]}},{"type":"Feature","properties":{"tunnel":0},"geometry":{"type":"LineString","coordinates":[[139.60184,35.53982],[139.60182,35.53965]]}},{"type":"Feature","properties":{"tunnel":0},"geometry":{"type":"LineString","coordinates":[[139.60192,35.54117],[139.60192,35.54108]]}},{"type":"Feature","properties":{"tunnel":0},"geometry":{"type":"LineString","coordinates":[[139.60169,35.53842],[139.60159,35.53777],[139.60144,35.53688],[139.60139,35.5367]]}},{"type":"Feature","properties":{"tunnel":0},"geometry":{"type":"LineString","coordinates":[[139.60192,35.54108],[139.60191,35.541],[139.6019,35.54082],[139.60186,35.54006],[139.60184,35.53982]]}},{"type":"Feature","properties":{"tunnel":0},"geometry":{"type":"LineString","coordinates":[[139.60182,35.53965],[139.6018,35.53948],[139.60177,35.53913]]}},{"type":"Feature","properties":{"tunnel":0},"geometry":{"type":"LineString","coordinates":[[139.60173,35.53877],[139.60172,35.53866],[139.60169,35.53842]]}},{"type":"Feature","properties":{"tunnel":0},"geometry":{"type":"LineString","coordinates":[[139.60174,35.53883],[139.60173,35.53877]]}},{"type":"Feature","properties":{"tunnel":0},"geometry":{"type":"LineString","coordinates":[[139.60177,35.53913],[139.60174,35.53883]]}},{"type":"Feature","properties":{"tunnel":0},"geometry":{"type":"LineString","coordinates":[[139.59786,35.52982],[139.59778,35.52969]]}},{"type":"Feature","properties":{"tunnel":0},"geometry":{"type":"LineString","coordinates":[[139.59941,35.53223],[139.59936,35.53214],[139.59917,35.53183],[139.59867,35.53106],[139.59821,35.53035],[139.59786,35.52982]]}},{"type":"Feature","properties":{"tunnel":0},"geometry":{"type":"LineString","coordinates":[[139.6,35.53324],[139.59995,35.53314],[139.59966,35.53264],[139.59957,35.5325]]}},{"type":"Feature","properties":{"tunnel":0},"geometry":{"type":"LineString","coordinates":[[139.59957,35.5325],[139.59941,35.53223]]}},{"type":"Feature","properties":{"tunnel":0},"geometry":{"type":"LineString","coordinates":[[139.60005,35.53333],[139.6,35.53324],[139.6,35.53324]]}},{"type":"Feature","properties":{"tunnel":0},"geometry":{"type":"LineString","coordinates":[[139.60139,35.5367],[139.6012,35.53606],[139.60097,35.53535],[139.60092,35.53524]]}},{"type":"Feature","properties":{"tunnel":0},"geometry":{"type":"LineString","coordinates":[[139.60092,35.53524],[139.60084,35.53502],[139.60071,35.53472],[139.60056,35.53437],[139.6003,35.53381],[139.60005,35.53334],[139.60005,35.53333],[139.60005,35.53333]]}},{"type":"Feature","properties":{"tunnel":0},"geometry":{"type":"LineString","coordinates":[[139.60194,35.54167],[139.60194,35.54167],[139.60192,35.54117]]}},{"type":"Feature","properties":{"tunnel":0},"geometry":{"type":"LineString","coordinates":[[139.60225,35.54494],[139.60224,35.54483],[139.60217,35.5443],[139.60214,35.54411]]}},{"type":"Feature","properties":{"tunnel":0},"geometry":{"type":"LineString","coordinates":[[139.60201,35.54283],[139.602,35.54263],[139.60199,35.54251]]}},{"type":"Feature","properties":{"tunnel":0},"geometry":{"type":"LineString","coordinates":[[139.60197,35.54222],[139.60196,35.54189],[139.60194,35.54167],[139.60194,35.54167]]}},{"type":"Feature","properties":{"tunnel":0},"geometry":{"type":"LineString","coordinates":[[139.60199,35.54251],[139.60198,35.54235],[139.60197,35.54222]]}},{"type":"Feature","properties":{"tunnel":0},"geometry":{"type":"LineString","coordinates":[[139.60236,35.54563],[139.6023,35.54529],[139.60225,35.54494]]}},{"type":"Feature","properties":{"tunnel":0},"geometry":{"type":"LineString","coordinates":[[139.60236,35.54564],[139.60236,35.54563]]}},{"type":"Feature","properties":{"tunnel":0},"geometry":{"type":"LineString","coordinates":[[139.60101,35.54261],[139.60077,35.54275],[139.60038,35.54289],[139.60035,35.5429]]}},{"type":"Feature","properties":{"tunnel":0},"geometry":{"type":"LineString","coordinates":[[139.60105,35.54278],[139.60073,35.54287],[139.60052,35.54295]]}},{"type":"Feature","properties":{"tunnel":0},"geometry":{"type":"LineString","coordinates":[[139.60052,35.54295],[139.60044,35.54298],[139.60012,35.54311]]}},{"type":"Feature","properties":{"tunnel":0},"geometry":{"type":"LineString","coordinates":[[139.60035,35.5429],[139.60002,35.54301]]}},{"type":"Feature","properties":{"tunnel":0},"geometry":{"type":"LineString","coordinates":[[139.60274,35.54497],[139.60273,35.54505]]}},{"type":"Feature","properties":{"tunnel":0},"geometry":{"type":"LineString","coordinates":[[139.60274,35.54497],[139.60277,35.54505],[139.60281,35.54512],[139.60285,35.54517],[139.60289,35.54522],[139.60295,35.54527],[139.60303,35.54531],[139.60314,35.54537]]}},{"type":"Feature","properties":{"tunnel":0},"geometry":{"type":"LineString","coordinates":[[139.60284,35.54564],[139.60283,35.54563],[139.60275,35.54558],[139.60269,35.54553],[139.60263,35.54546],[139.60259,35.54541]]}},{"type":"Feature","properties":{"tunnel":0},"geometry":{"type":"LineString","coordinates":[[139.60201,35.54283],[139.60195,35.54388],[139.60193,35.54408],[139.60193,35.54413]]}},{"type":"Feature","properties":{"tunnel":0},"geometry":{"type":"LineString","coordinates":[[139.60193,35.54413],[139.6019,35.54459],[139.60195,35.54496],[139.60198,35.54518],[139.602,35.54531],[139.60203,35.54544],[139.60208,35.54557]]}},{"type":"Feature","properties":{"tunnel":0},"geometry":{"type":"LineString","coordinates":[[139.60327,35.54362],[139.60324,35.54344],[139.60321,35.5431],[139.60318,35.54295],[139.60312,35.5427],[139.60304,35.54264],[139.60294,35.54261],[139.60288,35.5426],[139.60274,35.54261],[139.60265,35.54263],[139.6025,35.54268],[139.60247,35.54274],[139.60246,35.54279],[139.60246,35.54282],[139.60257,35.54368],[139.6027,35.54485],[139.60274,35.54497]]}},{"type":"Feature","properties":{"tunnel":0},"geometry":{"type":"LineString","coordinates":[[139.60259,35.54541],[139.60259,35.5454],[139.60253,35.5453],[139.6025,35.54522],[139.60225,35.54494]]}},{"type":"Feature","properties":{"tunnel":0},"geometry":{"type":"LineString","coordinates":[[139.60105,35.54278],[139.60143,35.54265],[139.60173,35.54256]]}},{"type":"Feature","properties":{"tunnel":0},"geometry":{"type":"LineString","coordinates":[[139.60243,35.54244],[139.60288,35.54235],[139.60298,35.54235],[139.60307,35.54236],[139.60316,35.54239],[139.60326,35.54243],[139.60327,35.54244]]}},{"type":"Feature","properties":{"tunnel":0},"geometry":{"type":"LineString","coordinates":[[139.60173,35.54256],[139.6018,35.54253],[139.60208,35.54249]]}},{"type":"Feature","properties":{"tunnel":0},"geometry":{"type":"LineString","coordinates":[[139.6017,35.54232],[139.60135,35.54245],[139.60112,35.54255],[139.60101,35.54261]]}},{"type":"Feature","properties":{"tunnel":0},"geometry":{"type":"LineString","coordinates":[[139.60226,35.54212],[139.60218,35.54215],[139.602,35.54221],[139.60188,35.54225]]}},{"type":"Feature","properties":{"tunnel":0},"geometry":{"type":"LineString","coordinates":[[139.60327,35.54178],[139.60321,35.54179],[139.60311,35.54182],[139.6026,35.542],[139.60226,35.54212]]}},{"type":"Feature","properties":{"tunnel":0},"geometry":{"type":"LineString","coordinates":[[139.60188,35.54225],[139.60175,35.5423],[139.6017,35.54232]]}},{"type":"Feature","properties":{"tunnel":0},"geometry":{"type":"LineString","coordinates":[[139.60208,35.54249],[139.60222,35.54247],[139.60243,35.54244]]}},{"type":"Feature","properties":{"tunnel":0},"geometry":{"type":"LineString","coordinates":[[139.60208,35.54557],[139.60211,35.54564]]}},{"type":"Feature","properties":{"tunnel":0},"geometry":{"type":"LineString","coordinates":[[139.60314,35.54537],[139.60327,35.54542]]}},{"type":"Feature","properties":{"tunnel":0},"geometry":{"type":"LineString","coordinates":[[139.60273,35.54505],[139.60272,35.54513],[139.60271,35.54518],[139.60264,35.54529],[139.60232,35.54564]]}},{"type":"Feature","properties":{"tunnel":0},"geometry":{"type":"LineString","coordinates":[[139.60214,35.54411],[139.60213,35.54405],[139.6021,35.54385],[139.60201,35.54283]]}},{"type":"Feature","properties":{"tunnel":0},"geometry":{"type":"LineString","coordinates":[[139.60327,35.54817],[139.60317,35.54794],[139.6029,35.54734],[139.60273,35.5469],[139.60268,35.54675]]}},{"type":"Feature","properties":{"tunnel":0},"geometry":{"type":"LineString","coordinates":[[139.60249,35.54617],[139.60241,35.54584]]}},{"type":"Feature","properties":{"tunnel":0},"geometry":{"type":"LineString","coordinates":[[139.60241,35.54584],[139.60239,35.54578],[139.60236,35.54564]]}},{"type":"Feature","properties":{"tunnel":0},"geometry":{"type":"LineString","coordinates":[[139.60268,35.54675],[139.60258,35.54643],[139.60249,35.54617]]}},{"type":"Feature","properties":{"tunnel":0},"geometry":{"type":"LineString","coordinates":[[139.60294,35.54601],[139.60326,35.54588],[139.60327,35.54587]]}},{"type":"Feature","properties":{"tunnel":0},"geometry":{"type":"LineString","coordinates":[[139.60326,35.54619],[139.60312,35.5463]]}},{"type":"Feature","properties":{"tunnel":0},"geometry":{"type":"LineString","coordinates":[[139.60248,35.54736],[139.60268,35.54766]]}},{"type":"Feature","properties":{"tunnel":0},"geometry":{"type":"LineString","coordinates":[[139.60258,35.54734],[139.60268,35.54766]]}},{"type":"Feature","properties":{"tunnel":0},"geometry":{"type":"LineString","coordinates":[[139.60303,35.5457],[139.60297,35.54569],[139.60288,35.54566],[139.60284,35.54564]]}},{"type":"Feature","properties":{"tunnel":0},"geometry":{"type":"LineString","coordinates":[[139.60327,35.54816],[139.60311,35.54746],[139.60309,35.54709],[139.6031,35.54697],[139.60312,35.54688],[139.60316,35.54676],[139.60324,35.54661],[139.60327,35.54658]]}},{"type":"Feature","properties":{"tunnel":0},"geometry":{"type":"LineString","coordinates":[[139.60312,35.5463],[139.60308,35.54633]]}},{"type":"Feature","properties":{"tunnel":0},"geometry":{"type":"LineString","coordinates":[[139.60211,35.54564],[139.60215,35.54571],[139.6023,35.54585],[139.60238,35.54589],[139.60246,35.54594],[139.60257,35.54597],[139.60276,35.546],[139.60294,35.54601]]}},{"type":"Feature","properties":{"tunnel":0},"geometry":{"type":"LineString","coordinates":[[139.60308,35.54633],[139.60295,35.54644],[139.60273,35.54661],[139.60265,35.54671],[139.60258,35.54685],[139.60254,35.54699],[139.60253,35.54715],[139.60255,35.54725],[139.60258,35.54734]]}},{"type":"Feature","properties":{"tunnel":1},"geometry":{"type":"LineString","coordinates":[[139.60303,35.5457],[139.60309,35.54571],[139.60316,35.54571],[139.60326,35.54571],[139.60327,35.54571]]}},{"type":"Feature","properties":{"tunnel":0},"geometry":{"type":"LineString","coordinates":[[139.60294,35.54601],[139.60317,35.54602],[139.60327,35.546]]}},{"type":"Feature","properties":{"tunnel":1},"geometry":{"type":"LineString","coordinates":[[139.60327,35.54617],[139.60326,35.54619]]}},{"type":"Feature","properties":{"tunnel":0},"geometry":{"type":"LineString","coordinates":[[139.60232,35.54564],[139.60219,35.54578],[139.60213,35.54583],[139.60208,35.5459],[139.60203,35.54599],[139.60198,35.54612],[139.60197,35.54625],[139.60197,35.54633],[139.60201,35.54644],[139.60248,35.54736]]}},{"type":"Feature","properties":{"tunnel":0},"geometry":{"type":"LineString","coordinates":[[139.60268,35.54766],[139.60302,35.54825]]}},{"type":"Feature","properties":{"tunnel":0},"geometry":{"type":"LineString","coordinates":[[139.60302,35.54825],[139.60327,35.54865]]}},{"type":"Feature","properties":{"tunnel":0},"geometry":{"type":"LineString","coordinates":[[139.59819,35.62158],[139.59809,35.62144],[139.59784,35.62108],[139.59778,35.62097]]}},{"type":"Feature","properties":{"tunnel":0},"geometry":{"type":"LineString","coordinates":[[139.6,35.62361],[139.59954,35.62318],[139.59907,35.62272],[139.59843,35.62193],[139.59819,35.62158]]}},{"type":"Feature","properties":{"tunnel":0},"geometry":{"type":"LineString","coordinates":[[139.60219,35.625],[139.60213,35.62497],[139.60182,35.62481],[139.60141,35.62458],[139.60107,35.62438],[139.60073,35.62417],[139.60042,35.62394],[139.60001,35.62362],[139.6,35.62361],[139.6,35.62361]]}},{"type":"Feature","properties":{"tunnel":0},"geometry":{"type":"LineString","coordinates":[[139.60327,35.62541],[139.60293,35.6253],[139.60256,35.62516],[139.60219,35.625]]}},{"type":"Feature","properties":{"tunnel":0},"geometry":{"type":"LineString","coordinates":[[139.60252,35.67991],[139.60206,35.67965],[139.602,35.67961]]}},{"type":"Feature","properties":{"tunnel":0},"geometry":{"type":"LineString","coordinates":[[139.60327,35.6802],[139.60298,35.68011],[139.60252,35.67991]]}},{"type":"Feature","properties":{"tunnel":0},"geometry":{"type":"LineString","coordinates":[[139.59822,35.67663],[139.59796,35.67649],[139.59783,35.67642]]}},{"type":"Feature","properties":{"tunnel":0},"geometry":{"type":"LineString","coordinates":[[139.59783,35.67642],[139.59778,35.67639]]}},{"type":"Feature","properties":{"tunnel":0},"geometry":{"type":"LineString","coordinates":[[139.6,35.678],[139.59937,35.67746]]}},{"type":"Feature","properties":{"tunnel":0},"geometry":{"type":"LineString","coordinates":[[139.59937,35.67746],[139.59898,35.67716],[139.59869,35.67694],[139.59822,35.67663]]}},{"type":"Feature","properties":{"tunnel":0},"geometry":{"type":"LineString","coordinates":[[139.60074,35.67865],[139.60062,35.67855],[139.60053,35.67847]]}},{"type":"Feature","properties":{"tunnel":0},"geometry":{"type":"LineString","coordinates":[[139.60053,35.67847],[139.60051,35.67845],[139.60033,35.6783],[139.6,35.67801],[139.6,35.678]]}},{"type":"Feature","properties":{"tunnel":0},"geometry":{"type":"LineString","coordinates":[[139.602,35.67961],[139.60162,35.67936]]}},{"type":"Feature","properties":{"tunnel":0},"geometry":{"type":"LineString","coordinates":[[139.60162,35.67936],[139.6012,35.67904],[139.60074,35.67865]]}},{"type":"Feature","properties":{"tunnel":0},"geometry":{"type":"LineString","coordinates":[[139.59929,35.75826],[139.59919,35.75833]]}},{"type":"Feature","properties":{"tunnel":0},"geometry":{"type":"LineString","coordinates":[[139.59816,35.75723],[139.5982,35.7574],[139.59823,35.75768],[139.59824,35.75784],[139.59824,35.75798]]}},{"type":"Feature","properties":{"tunnel":0},"geometry":{"type":"LineString","coordinates":[[139.59824,35.75798],[139.59817,35.75833],[139.59817,35.75833]]}},{"type":"Feature","properties":{"tunnel":0},"geometry":{"type":"LineString","coordinates":[[139.59836,35.75747],[139.59842,35.75716]]}},{"type":"Feature","properties":{"tunnel":0},"geometry":{"type":"LineString","coordinates":[[139.59824,35.75798],[139.59829,35.75809],[139.5983,35.7583],[139.5983,35.75833]]}},{"type":"Feature","properties":{"tunnel":0},"geometry":{"type":"LineString","coordinates":[[139.5987,35.75804],[139.59863,35.75797]]}},{"type":"Feature","properties":{"tunnel":0},"geometry":{"type":"LineString","coordinates":[[139.59894,35.75833],[139.59887,35.75824],[139.59876,35.75812],[139.5987,35.75804]]}},{"type":"Feature","properties":{"tunnel":0},"geometry":{"type":"LineString","coordinates":[[139.59863,35.75797],[139.59853,35.75786],[139.59844,35.75778],[139.59837,35.75763],[139.59836,35.75747]]}},{"type":"Feature","properties":{"tunnel":0},"geometry":{"type":"LineString","coordinates":[[139.59859,35.75795],[139.59857,35.75787],[139.59856,35.75774],[139.59856,35.75765]]}},{"type":"Feature","properties":{"tunnel":0},"geometry":{"type":"LineString","coordinates":[[139.59856,35.75765],[139.59856,35.7576],[139.5986,35.75748],[139.5986,35.75748]]}},{"type":"Feature","properties":{"tunnel":0},"geometry":{"type":"LineString","coordinates":[[139.5986,35.75748],[139.59864,35.75738],[139.59872,35.75731],[139.59879,35.75726],[139.59898,35.75721],[139.5991,35.75719],[139.59923,35.7572],[139.59937,35.75725],[139.59948,35.75732],[139.59956,35.7574],[139.59961,35.75751],[139.59962,35.75763],[139.59959,35.75774],[139.59953,35.75782],[139.59945,35.75791],[139.59918,35.75819],[139.59909,35.75833]]}},{"type":"Feature","properties":{"tunnel":0},"geometry":{"type":"LineString","coordinates":[[139.59862,35.75816],[139.59859,35.75795]]}},{"type":"Feature","properties":{"tunnel":0},"geometry":{"type":"LineString","coordinates":[[139.59865,35.75833],[139.59862,35.75816]]}},{"type":"Feature","properties":{"tunnel":0},"geometry":{"type":"LineString","coordinates":[[139.6,35.75771],[139.59929,35.75826]]}},{"type":"Feature","properties":{"tunnel":0},"geometry":{"type":"LineString","coordinates":[[139.59899,35.75848],[139.59886,35.75859],[139.59866,35.75877],[139.59855,35.75887],[139.5983,35.7591],[139.59792,35.75941],[139.59778,35.75953]]}},{"type":"Feature","properties":{"tunnel":0},"geometry":{"type":"LineString","coordinates":[[139.59919,35.75833],[139.5991,35.7584],[139.59905,35.75844],[139.59899,35.75848]]}},{"type":"Feature","properties":{"tunnel":0},"geometry":{"type":"LineString","coordinates":[[139.59817,35.75833],[139.59811,35.75854],[139.59804,35.75871]]}},{"type":"Feature","properties":{"tunnel":0},"geometry":{"type":"LineString","coordinates":[[139.59877,35.75907],[139.59875,35.75889],[139.5987,35.7586]]}},{"type":"Feature","properties":{"tunnel":0},"geometry":{"type":"LineString","coordinates":[[139.59804,35.75871],[139.59795,35.75887],[139.59787,35.75901]]}},{"type":"Feature","properties":{"tunnel":0},"geometry":{"type":"LineString","coordinates":[[139.59787,35.75901],[139.5978,35.75913],[139.59778,35.75916]]}},{"type":"Feature","properties":{"tunnel":0},"geometry":{"type":"LineString","coordinates":[[139.5987,35.7586],[139.59865,35.75833]]}},{"type":"Feature","properties":{"tunnel":0},"geometry":{"type":"LineString","coordinates":[[139.5983,35.75833],[139.59831,35.7584],[139.5983,35.75866],[139.59829,35.75908],[139.59831,35.75929],[139.59842,35.75989]]}},{"type":"Feature","properties":{"tunnel":0},"geometry":{"type":"LineString","coordinates":[[139.59886,35.75989],[139.59884,35.75978],[139.59883,35.75958],[139.59877,35.75907]]}},{"type":"Feature","properties":{"tunnel":0},"geometry":{"type":"LineString","coordinates":[[139.59908,35.75989],[139.59908,35.75946],[139.59907,35.7591],[139.59903,35.75868],[139.599,35.75853],[139.59897,35.75842],[139.59894,35.75833]]}},{"type":"Feature","properties":{"tunnel":0},"geometry":{"type":"LineString","coordinates":[[139.59908,35.75989],[139.59908,35.75989]]}},{"type":"Feature","properties":{"tunnel":0},"geometry":{"type":"LineString","coordinates":[[139.59909,35.75833],[139.59899,35.75848]]}},{"type":"Feature","properties":{"tunnel":0},"geometry":{"type":"LineString","coordinates":[[139.60087,35.75707],[139.6004,35.7574],[139.6,35.75771]]}},{"type":"Feature","properties":{"tunnel":0},"geometry":{"type":"LineString","coordinates":[[139.60327,35.75585],[139.60323,35.75586],[139.60255,35.75614],[139.60205,35.75638],[139.6017,35.75656],[139.60128,35.7568],[139.60087,35.75707]]}},{"type":"Feature","properties":{"tunnel":0},"geometry":{"type":"LineString","coordinates":[[139.60125,35.76913],[139.60118,35.76893]]}},{"type":"Feature","properties":{"tunnel":0},"geometry":{"type":"LineString","coordinates":[[139.60213,35.77103],[139.60192,35.7706],[139.60182,35.77039],[139.60164,35.77009]]}},{"type":"Feature","properties":{"tunnel":1},"geometry":{"type":"LineString","coordinates":[[139.60118,35.76893],[139.60114,35.7688]]}},{"type":"Feature","properties":{"tunnel":1},"geometry":{"type":"LineString","coordinates":[[139.6013,35.76928],[139.60125,35.76913]]}},{"type":"Feature","properties":{"tunnel":1},"geometry":{"type":"LineString","coordinates":[[139.60164,35.77009],[139.60134,35.7694],[139.6013,35.76928]]}},{"type":"Feature","properties":{"tunnel":1},"geometry":{"type":"LineString","coordinates":[[139.60221,35.77117],[139.60213,35.77103]]}},{"type":"Feature","properties":{"tunnel":1},"geometry":{"type":"LineString","coordinates":[[139.60327,35.77273],[139.60326,35.77272],[139.60227,35.77127],[139.60221,35.77117]]}},{"type":"Feature","properties":{"tunnel":0},"geometry":{"type":"LineString","coordinates":[[139.59979,35.76434],[139.59978,35.76432],[139.59967,35.76395]]}},{"type":"Feature","properties":{"tunnel":1},"geometry":{"type":"LineString","coordinates":[[139.59963,35.76382],[139.59967,35.76395]]}},{"type":"Feature","properties":{"tunnel":1},"geometry":{"type":"LineString","coordinates":[[139.59909,35.76155],[139.59896,35.76067]]}},{"type":"Feature","properties":{"tunnel":1},"geometry":{"type":"LineString","coordinates":[[139.59933,35.76297],[139.59942,35.76274]]}},{"type":"Feature","properties":{"tunnel":0},"geometry":{"type":"LineString","coordinates":[[139.59825,35.76033],[139.5983,35.7604],[139.59835,35.76048],[139.59841,35.7606],[139.59849,35.76087]]}},{"type":"Feature","properties":{"tunnel":1},"geometry":{"type":"LineString","coordinates":[[139.59896,35.76067],[139.59894,35.76056]]}},{"type":"Feature","properties":{"tunnel":1},"geometry":{"type":"LineString","coordinates":[[139.59942,35.76274],[139.59939,35.76262]]}},{"type":"Feature","properties":{"tunnel":0},"geometry":{"type":"LineString","coordinates":[[139.59939,35.76262],[139.59925,35.7621]]}},{"type":"Feature","properties":{"tunnel":1},"geometry":{"type":"LineString","coordinates":[[139.59845,35.76005],[139.59854,35.76052]]}},{"type":"Feature","properties":{"tunnel":1},"geometry":{"type":"LineString","coordinates":[[139.59849,35.76087],[139.59852,35.76099]]}},{"type":"Feature","properties":{"tunnel":1},"geometry":{"type":"LineString","coordinates":[[139.59854,35.76052],[139.5986,35.76127]]}},{"type":"Feature","properties":{"tunnel":1},"geometry":{"type":"LineString","coordinates":[[139.59957,35.7637],[139.59963,35.76382]]}},{"type":"Feature","properties":{"tunnel":1},"geometry":{"type":"LineString","coordinates":[[139.59957,35.7637],[139.59933,35.76297]]}},{"type":"Feature","properties":{"tunnel":1},"geometry":{"type":"LineString","coordinates":[[139.5991,35.76266],[139.59915,35.76278]]}},{"type":"Feature","properties":{"tunnel":1},"geometry":{"type":"LineString","coordinates":[[139.59852,35.76099],[139.5986,35.76127]]}},{"type":"Feature","properties":{"tunnel":1},"geometry":{"type":"LineString","coordinates":[[139.59915,35.76278],[139.59933,35.76297]]}},{"type":"Feature","properties":{"tunnel":0},"geometry":{"type":"LineString","coordinates":[[139.59874,35.76159],[139.59885,35.76179],[139.59898,35.7622],[139.5991,35.76266]]}},{"type":"Feature","properties":{"tunnel":0},"geometry":{"type":"LineString","coordinates":[[139.59842,35.75989],[139.59845,35.76005]]}},{"type":"Feature","properties":{"tunnel":1},"geometry":{"type":"LineString","coordinates":[[139.5986,35.76127],[139.59869,35.76149],[139.59874,35.76159]]}},{"type":"Feature","properties":{"tunnel":0},"geometry":{"type":"LineString","coordinates":[[139.59894,35.76056],[139.59886,35.75989]]}},{"type":"Feature","properties":{"tunnel":0},"geometry":{"type":"LineString","coordinates":[[139.59925,35.7621],[139.59909,35.76155]]}},{"type":"Feature","properties":{"tunnel":0},"geometry":{"type":"LineString","coordinates":[[139.59778,35.76019],[139.5978,35.76018],[139.59792,35.7602],[139.59802,35.76022],[139.59813,35.76026],[139.59825,35.76033]]}},{"type":"Feature","properties":{"tunnel":0},"geometry":{"type":"LineString","coordinates":[[139.59925,35.7621],[139.59933,35.76192],[139.59928,35.76153]]}},{"type":"Feature","properties":{"tunnel":0},"geometry":{"type":"LineString","coordinates":[[139.59912,35.76017],[139.59908,35.75989]]}},{"type":"Feature","properties":{"tunnel":0},"geometry":{"type":"LineString","coordinates":[[139.59916,35.76051],[139.59912,35.76017]]}},{"type":"Feature","properties":{"tunnel":1},"geometry":{"type":"LineString","coordinates":[[139.59928,35.76153],[139.59928,35.76151],[139.59916,35.76051]]}},{"type":"Feature","properties":{"tunnel":0},"geometry":{"type":"LineString","coordinates":[[139.59997,35.76493],[139.59991,35.76473],[139.59985,35.76453],[139.59979,35.76434]]}},{"type":"Feature","properties":{"tunnel":1},"geometry":{"type":"LineString","coordinates":[[139.6,35.76501],[139.59997,35.76493]]}},{"type":"Feature","properties":{"tunnel":1},"geometry":{"type":"LineString","coordinates":[[139.60046,35.7666],[139.60042,35.76648]]}},{"type":"Feature","properties":{"tunnel":1},"geometry":{"type":"LineString","coordinates":[[139.60042,35.76648],[139.60039,35.76639],[139.60025,35.76588],[139.60021,35.76576]]}},{"type":"Feature","properties":{"tunnel":1},"geometry":{"type":"LineString","coordinates":[[139.60048,35.76667],[139.60047,35.76663],[139.60046,35.7666]]}},{"type":"Feature","properties":{"tunnel":1},"geometry":{"type":"LineString","coordinates":[[139.60003,35.76508],[139.6,35.76501]]}},{"type":"Feature","properties":{"tunnel":1},"geometry":{"type":"LineString","coordinates":[[139.60021,35.76576],[139.60014,35.7655],[139.60008,35.7653],[139.60003,35.76508]]}},{"type":"Feature","properties":{"tunnel":0},"geometry":{"type":"LineString","coordinates":[[139.60055,35.7669],[139.6005,35.76673]]}},{"type":"Feature","properties":{"tunnel":0},"geometry":{"type":"LineString","coordinates":[[139.60103,35.76844],[139.60089,35.76802]]}},{"type":"Feature","properties":{"tunnel":1},"geometry":{"type":"LineString","coordinates":[[139.60089,35.76802],[139.60055,35.7669]]}},{"type":"Feature","properties":{"tunnel":1},"geometry":{"type":"LineString","coordinates":[[139.60114,35.7688],[139.60114,35.76878]]}},{"type":"Feature","properties":{"tunnel":1},"geometry":{"type":"LineString","coordinates":[[139.60114,35.76878],[139.60103,35.76844]]}},{"type":"Feature","properties":{"tunnel":1},"geometry":{"type":"LineString","coordinates":[[139.6005,35.76673],[139.60048,35.76667]]}},{"type":"Feature","properties":{"tunnel":0},"geometry":{"type":"LineString","coordinates":[[139.59353,35.52093],[139.59349,35.52075]]}},{"type":"Feature","properties":{"tunnel":0},"geometry":{"type":"LineString","coordinates":[[139.59366,35.52151],[139.59366,35.5215]]}},{"type":"Feature","properties":{"tunnel":0},"geometry":{"type":"LineString","coordinates":[[139.59261,35.52056],[139.59277,35.52064]]}},{"type":"Feature","properties":{"tunnel":0},"geometry":{"type":"LineString","coordinates":[[139.59413,35.52303],[139.59394,35.52246],[139.59389,35.52231],[139.5938,35.522],[139.59366,35.52151]]}},{"type":"Feature","properties":{"tunnel":0},"geometry":{"type":"LineString","coordinates":[[139.59277,35.52064],[139.59277,35.52064],[139.59288,35.5207],[139.59295,35.52073],[139.59303,35.52077],[139.59304,35.52078]]}},{"type":"Feature","properties":{"tunnel":0},"geometry":{"type":"LineString","coordinates":[[139.59345,35.52057],[139.59343,35.52046]]}},{"type":"Feature","properties":{"tunnel":0},"geometry":{"type":"LineString","coordinates":[[139.59304,35.52078],[139.59308,35.52081],[139.59315,35.52087],[139.59321,35.52094],[139.5933,35.52107],[139.59337,35.52117]]}},{"type":"Feature","properties":{"tunnel":0},"geometry":{"type":"LineString","coordinates":[[139.59349,35.52075],[139.59347,35.52064],[139.59345,35.52057]]}},{"type":"Feature","properties":{"tunnel":0},"geometry":{"type":"LineString","coordinates":[[139.59423,35.52329],[139.59419,35.52318],[139.59416,35.52312],[139.59414,35.52307],[139.59413,35.52303]]}},{"type":"Feature","properties":{"tunnel":0},"geometry":{"type":"LineString","coordinates":[[139.59322,35.51922],[139.59319,35.51895],[139.59317,35.51881]]}},{"type":"Feature","properties":{"tunnel":0},"geometry":{"type":"LineString","coordinates":[[139.59366,35.5215],[139.59357,35.52112]]}},{"type":"Feature","properties":{"tunnel":0},"geometry":{"type":"LineString","coordinates":[[139.59343,35.52046],[139.59338,35.52025],[139.59331,35.51981],[139.59322,35.51922]]}},{"type":"Feature","properties":{"tunnel":0},"geometry":{"type":"LineString","coordinates":[[139.59435,35.51963],[139.59442,35.51973],[139.59446,35.5198],[139.59446,35.5199],[139.59445,35.51999],[139.59441,35.52008],[139.59433,35.52019],[139.59421,35.52028],[139.59406,35.52035]]}},{"type":"Feature","properties":{"tunnel":0},"geometry":{"type":"LineString","coordinates":[[139.59406,35.52035],[139.59392,35.5204],[139.59368,35.52045],[139.59354,35.52045]]}},{"type":"Feature","properties":{"tunnel":0},"geometry":{"type":"LineString","coordinates":[[139.59365,35.5215],[139.59366,35.52151]]}},{"type":"Feature","properties":{"tunnel":0},"geometry":{"type":"LineString","coordinates":[[139.59337,35.52117],[139.59344,35.52126],[139.59365,35.5215]]}},{"type":"Feature","properties":{"tunnel":0},"geometry":{"type":"LineString","coordinates":[[139.59357,35.52112],[139.5936,35.52018]]}},{"type":"Feature","properties":{"tunnel":0},"geometry":{"type":"LineString","coordinates":[[139.59435,35.51963],[139.59438,35.51959],[139.59432,35.51953],[139.59428,35.51949],[139.59416,35.51944],[139.59394,35.51935],[139.59379,35.51929],[139.59367,35.51923],[139.59359,35.51917],[139.5935,35.51907],[139.59343,35.51899],[139.5934,35.51894]]}},{"type":"Feature","properties":{"tunnel":0},"geometry":{"type":"LineString","coordinates":[[139.59357,35.52112],[139.59353,35.52093]]}},{"type":"Feature","properties":{"tunnel":0},"geometry":{"type":"LineString","coordinates":[[139.5936,35.52018],[139.5936,35.52004],[139.59361,35.51993],[139.59362,35.51984],[139.59365,35.51978],[139.59367,35.51973],[139.59371,35.51969],[139.59374,35.51965],[139.59378,35.51962],[139.59386,35.51958],[139.59396,35.51955],[139.59406,35.51955],[139.59416,35.51958],[139.59426,35.51961],[139.59432,35.51966],[139.59435,35.51963]]}},{"type":"Feature","properties":{"tunnel":0},"geometry":{"type":"LineString","coordinates":[[139.5934,35.51894],[139.59335,35.51881]]}},{"type":"Feature","properties":{"tunnel":0},"geometry":{"type":"LineString","coordinates":[[139.59275,35.52018],[139.59273,35.52019]]}},{"type":"Feature","properties":{"tunnel":0},"geometry":{"type":"LineString","coordinates":[[139.59322,35.51922],[139.59314,35.51954],[139.59311,35.5197],[139.59307,35.51982],[139.59305,35.51992],[139.59303,35.51998],[139.59301,35.52002],[139.593,35.52004],[139.59298,35.52007],[139.59296,35.52009],[139.59295,35.52011],[139.59293,35.52012],[139.59291,35.52013],[139.59289,35.52014],[139.59287,35.52015],[139.59283,35.52017],[139.59279,35.52018],[139.59275,35.52018]]}},{"type":"Feature","properties":{"tunnel":0},"geometry":{"type":"LineString","coordinates":[[139.59273,35.52019],[139.59268,35.52019],[139.59264,35.52019],[139.59259,35.52018],[139.59256,35.52017],[139.59253,35.52016],[139.59249,35.52014],[139.59244,35.5201],[139.59241,35.52007],[139.59239,35.52003],[139.59237,35.51999]]}},{"type":"Feature","properties":{"tunnel":0},"geometry":{"type":"LineString","coordinates":[[139.59354,35.52045],[139.5932,35.52045],[139.59301,35.52044],[139.59281,35.52042],[139.59261,35.52037],[139.59246,35.5203],[139.59232,35.52019],[139.59229,35.52014]]}},{"type":"Feature","properties":{"tunnel":0},"geometry":{"type":"LineString","coordinates":[[139.59233,35.51881],[139.59231,35.51889],[139.5923,35.51896],[139.59229,35.51902]]}},{"type":"Feature","properties":{"tunnel":0},"geometry":{"type":"LineString","coordinates":[[139.59237,35.51999],[139.59236,35.51993],[139.59234,35.51985],[139.59235,35.51978],[139.59235,35.51973],[139.59236,35.51967],[139.5924,35.51954],[139.59242,35.51947],[139.59247,35.5193]]}},{"type":"Feature","properties":{"tunnel":0},"geometry":{"type":"LineString","coordinates":[[139.59229,35.52037],[139.59236,35.52043],[139.59244,35.52049],[139.5925,35.52052],[139.59261,35.52056]]}},{"type":"Feature","properties":{"tunnel":0},"geometry":{"type":"LineString","coordinates":[[139.59246,35.51881],[139.59243,35.51896]]}},{"type":"Feature","properties":{"tunnel":0},"geometry":{"type":"LineString","coordinates":[[139.59229,35.51956],[139.59234,35.51934],[139.59243,35.51896]]}},{"type":"Feature","properties":{"tunnel":0},"geometry":{"type":"LineString","coordinates":[[139.59255,35.51895],[139.59258,35.51884],[139.59259,35.51881]]}},{"type":"Feature","properties":{"tunnel":0},"geometry":{"type":"LineString","coordinates":[[139.59247,35.5193],[139.59252,35.51911],[139.59255,35.51895]]}},{"type":"Feature","properties":{"tunnel":0},"geometry":{"type":"LineString","coordinates":[[139.59497,35.525],[139.59468,35.52441]]}},{"type":"Feature","properties":{"tunnel":0},"geometry":{"type":"LineString","coordinates":[[139.59468,35.52441],[139.59464,35.52432],[139.59462,35.52429]]}},{"type":"Feature","properties":{"tunnel":0},"geometry":{"type":"LineString","coordinates":[[139.59462,35.52429],[139.5946,35.52424],[139.5945,35.524],[139.59446,35.5239]]}},{"type":"Feature","properties":{"tunnel":0},"geometry":{"type":"LineString","coordinates":[[139.59446,35.5239],[139.59423,35.52329]]}},{"type":"Feature","properties":{"tunnel":0},"geometry":{"type":"LineString","coordinates":[[139.59649,35.52775],[139.59592,35.5268],[139.5956,35.52625],[139.59553,35.52611]]}},{"type":"Feature","properties":{"tunnel":0},"geometry":{"type":"LineString","coordinates":[[139.59553,35.52611],[139.5953,35.52566],[139.59497,35.525],[139.59497,35.525],[139.59497,35.525]]}},{"type":"Feature","properties":{"tunnel":0},"geometry":{"type":"LineString","coordinates":[[139.59649,35.52776],[139.59649,35.52775]]}},{"type":"Feature","properties":{"tunnel":0},"geometry":{"type":"LineString","coordinates":[[139.59778,35.52969],[139.59775,35.52964]]}},{"type":"Feature","properties":{"tunnel":0},"geometry":{"type":"LineString","coordinates":[[139.59775,35.52964],[139.59769,35.52956],[139.59738,35.52909]]}},{"type":"Feature","properties":{"tunnel":0},"geometry":{"type":"LineString","coordinates":[[139.59674,35.52811],[139.5967,35.52806]]}},{"type":"Feature","properties":{"tunnel":0},"geometry":{"type":"LineString","coordinates":[[139.5967,35.52806],[139.59666,35.52799],[139.59649,35.52776]]}},{"type":"Feature","properties":{"tunnel":0},"geometry":{"type":"LineString","coordinates":[[139.59738,35.52909],[139.59725,35.52889],[139.59682,35.52824]]}},{"type":"Feature","properties":{"tunnel":0},"geometry":{"type":"LineString","coordinates":[[139.59682,35.52824],[139.59674,35.52811]]}},{"type":"Feature","properties":{"tunnel":0},"geometry":{"type":"LineString","coordinates":[[139.5945,35.61667],[139.5942,35.61636],[139.59323,35.61554],[139.59268,35.61509],[139.59229,35.6148]]}},{"type":"Feature","properties":{"tunnel":0},"geometry":{"type":"LineString","coordinates":[[139.59491,35.61712],[139.5945,35.61667],[139.5945,35.61667]]}},{"type":"Feature","properties":{"tunnel":0},"geometry":{"type":"LineString","coordinates":[[139.59778,35.62097],[139.59743,35.62043],[139.59697,35.61966],[139.59609,35.61845],[139.59562,35.6179],[139.59525,35.61748],[139.59491,35.61712]]}},{"type":"Feature","properties":{"tunnel":0},"geometry":{"type":"LineString","coordinates":[[139.59778,35.67639],[139.59748,35.67624],[139.59713,35.67607],[139.59695,35.676]]}},{"type":"Feature","properties":{"tunnel":0},"geometry":{"type":"LineString","coordinates":[[139.59447,35.6753],[139.59436,35.67527],[139.59375,35.67515]]}},{"type":"Feature","properties":{"tunnel":0},"geometry":{"type":"LineString","coordinates":[[139.59695,35.676],[139.59672,35.67589],[139.59641,35.67578],[139.5961,35.67569],[139.59594,35.67565],[139.59565,35.67557],[139.59488,35.67538],[139.59458,35.67532],[139.59447,35.6753]]}},{"type":"Feature","properties":{"tunnel":0},"geometry":{"type":"LineString","coordinates":[[139.59293,35.675],[139.59234,35.67491]]}},{"type":"Feature","properties":{"tunnel":0},"geometry":{"type":"LineString","coordinates":[[139.59234,35.67491],[139.59229,35.6749]]}},{"type":"Feature","properties":{"tunnel":0},"geometry":{"type":"LineString","coordinates":[[139.59375,35.67515],[139.59351,35.6751],[139.59344,35.67509],[139.59337,35.67507],[139.59312,35.67503],[139.59293,35.675],[139.59293,35.675]]}},{"type":"Feature","properties":{"tunnel":0},"geometry":{"type":"LineString","coordinates":[[139.59778,35.75953],[139.59735,35.75989]]}},{"type":"Feature","properties":{"tunnel":0},"geometry":{"type":"LineString","coordinates":[[139.59778,35.75916],[139.59765,35.75932],[139.59748,35.7595],[139.597,35.75989]]}},{"type":"Feature","properties":{"tunnel":0},"geometry":{"type":"LineString","coordinates":[[139.59396,35.76198],[139.59388,35.76202],[139.59359,35.76215],[139.59339,35.76224],[139.59281,35.76246],[139.59259,35.76254],[139.59232,35.76264],[139.59229,35.76265]]}},{"type":"Feature","properties":{"tunnel":0},"geometry":{"type":"LineString","coordinates":[[139.5966,35.76043],[139.59631,35.76063],[139.59618,35.76073],[139.59588,35.76091],[139.59585,35.76094],[139.59551,35.76115],[139.59483,35.76155],[139.5947,35.76162],[139.59423,35.76185],[139.59396,35.76198]]}},{"type":"Feature","properties":{"tunnel":0},"geometry":{"type":"LineString","coordinates":[[139.59735,35.75989],[139.59734,35.7599],[139.59692,35.76018],[139.5966,35.76043]]}},{"type":"Feature","properties":{"tunnel":0},"geometry":{"type":"LineString","coordinates":[[139.597,35.75989],[139.59699,35.7599],[139.59666,35.76016],[139.59661,35.76024],[139.5966,35.76043]]}},{"type":"Feature","properties":{"tunnel":0},"geometry":{"type":"LineString","coordinates":[[139.59396,35.76198],[139.59442,35.76192],[139.59457,35.76189],[139.59585,35.7612],[139.59611,35.76108],[139.59633,35.76096],[139.59657,35.76084],[139.59706,35.76052],[139.59732,35.76032],[139.5974,35.76028],[139.5975,35.76024],[139.59759,35.76021],[139.5977,35.76019],[139.59778,35.76019]]}},{"type":"Feature","properties":{"tunnel":0},"geometry":{"type":"LineString","coordinates":[[139.59229,35.52014],[139.59224,35.52008]]}},{"type":"Feature","properties":{"tunnel":0},"geometry":{"type":"LineString","coordinates":[[139.59228,35.51904],[139.59224,35.51918],[139.59221,35.51927],[139.59219,35.51935],[139.59217,35.51947],[139.59215,35.51954],[139.59212,35.51966],[139.59209,35.51981],[139.59208,35.51991]]}},{"type":"Feature","properties":{"tunnel":0},"geometry":{"type":"LineString","coordinates":[[139.59229,35.51902],[139.59228,35.51904]]}},{"type":"Feature","properties":{"tunnel":0},"geometry":{"type":"LineString","coordinates":[[139.59208,35.51991],[139.59208,35.52],[139.59209,35.52004],[139.59211,35.5201],[139.59216,35.52022],[139.59223,35.52032],[139.59228,35.52037],[139.59229,35.52037]]}},{"type":"Feature","properties":{"tunnel":0},"geometry":{"type":"LineString","coordinates":[[139.59224,35.52008],[139.5922,35.52006],[139.59214,35.51999],[139.59208,35.51991]]}},{"type":"Feature","properties":{"tunnel":0},"geometry":{"type":"LineString","coordinates":[[139.59224,35.52008],[139.59222,35.51996],[139.59222,35.51988],[139.59223,35.51979],[139.59228,35.51959],[139.59229,35.51956]]}},{"type":"Feature","properties":{"tunnel":0},"geometry":{"type":"LineString","coordinates":[[139.58944,35.61265],[139.58875,35.6121]]}},{"type":"Feature","properties":{"tunnel":0},"geometry":{"type":"LineString","coordinates":[[139.58808,35.61148],[139.5872,35.61057],[139.58679,35.61009]]}},{"type":"Feature","properties":{"tunnel":0},"geometry":{"type":"LineString","coordinates":[[139.58875,35.6121],[139.58808,35.61148]]}},{"type":"Feature","properties":{"tunnel":0},"geometry":{"type":"LineString","coordinates":[[139.59167,35.61434],[139.59069,35.61361],[139.59069,35.61361],[139.59056,35.61351],[139.59017,35.61323],[139.58978,35.61292],[139.58944,35.61265]]}},{"type":"Feature","properties":{"tunnel":0},"geometry":{"type":"LineString","coordinates":[[139.59229,35.6148],[139.59167,35.61434],[139.59167,35.61434],[139.59167,35.61434]]}},{"type":"Feature","properties":{"tunnel":0},"geometry":{"type":"LineString","coordinates":[[139.58924,35.67455],[139.5886,35.6745],[139.58833,35.67448]]}},{"type":"Feature","properties":{"tunnel":0},"geometry":{"type":"LineString","coordinates":[[139.59167,35.67481],[139.59135,35.67477],[139.59112,35.67475],[139.59092,35.67472],[139.59073,35.6747],[139.59025,35.67464],[139.58966,35.67458],[139.58924,35.67455]]}},{"type":"Feature","properties":{"tunnel":0},"geometry":{"type":"LineString","coordinates":[[139.58833,35.67448],[139.58723,35.67441],[139.58679,35.67438]]}},{"type":"Feature","properties":{"tunnel":0},"geometry":{"type":"LineString","coordinates":[[139.59229,35.6749],[139.59167,35.67481],[139.59167,35.67481]]}},{"type":"Feature","properties":{"tunnel":0},"geometry":{"type":"LineString","coordinates":[[139.59167,35.76286],[139.5907,35.76312],[139.59004,35.76328],[139.58997,35.76329],[139.58917,35.76345],[139.58886,35.7635],[139.58854,35.76355],[139.58798,35.76363],[139.58788,35.76365],[139.58775,35.76366],[139.58717,35.76373],[139.58711,35.76374],[139.58679,35.76377]]}},{"type":"Feature","properties":{"tunnel":0},"geometry":{"type":"LineString","coordinates":[[139.59168,35.76285],[139.59167,35.76285],[139.59167,35.76286],[139.59167,35.76286]]}},{"type":"Feature","properties":{"tunnel":0},"geometry":{"type":"LineString","coordinates":[[139.59229,35.76265],[139.59224,35.76267],[139.59202,35.76274],[139.59194,35.76277],[139.59168,35.76285]]}},{"type":"Feature","properties":{"tunnel":0},"geometry":{"type":"LineString","coordinates":[[139.58273,35.60372],[139.58214,35.60275]]}},{"type":"Feature","properties":{"tunnel":0},"geometry":{"type":"LineString","coordinates":[[139.58214,35.60275],[139.58175,35.60218],[139.5813,35.60155]]}},{"type":"Feature","properties":{"tunnel":0},"geometry":{"type":"LineString","coordinates":[[139.58328,35.60466],[139.5828,35.60383],[139.58273,35.60372]]}},{"type":"Feature","properties":{"tunnel":0},"geometry":{"type":"LineString","coordinates":[[139.58333,35.60476],[139.58328,35.60466]]}},{"type":"Feature","properties":{"tunnel":0},"geometry":{"type":"LineString","coordinates":[[139.58536,35.60818],[139.58488,35.60745],[139.58407,35.6061],[139.58361,35.60527],[139.58333,35.60476]]}},{"type":"Feature","properties":{"tunnel":0},"geometry":{"type":"LineString","coordinates":[[139.58546,35.60833],[139.58536,35.60818]]}},{"type":"Feature","properties":{"tunnel":0},"geometry":{"type":"LineString","coordinates":[[139.58549,35.60838],[139.58547,35.60835]]}},{"type":"Feature","properties":{"tunnel":0},"geometry":{"type":"LineString","coordinates":[[139.58547,35.60835],[139.58546,35.60833]]}},{"type":"Feature","properties":{"tunnel":0},"geometry":{"type":"LineString","coordinates":[[139.58679,35.61009],[139.58674,35.61003],[139.58633,35.60953],[139.58598,35.60908],[139.58549,35.60838]]}},{"type":"Feature","properties":{"tunnel":0},"geometry":{"type":"LineString","coordinates":[[139.58333,35.67419],[139.58166,35.67407],[139.5813,35.67404]]}},{"type":"Feature","properties":{"tunnel":0},"geometry":{"type":"LineString","coordinates":[[139.58679,35.67438],[139.58653,35.67436],[139.58545,35.6743],[139.58519,35.67429],[139.58428,35.67425],[139.58419,35.67425],[139.58414,35.67424],[139.58349,35.6742],[139.58334,35.67419],[139.58333,35.67419]]}},{"type":"Feature","properties":{"tunnel":0},"geometry":{"type":"LineString","coordinates":[[139.58333,35.76412],[139.58203,35.76427]]}},{"type":"Feature","properties":{"tunnel":0},"geometry":{"type":"LineString","coordinates":[[139.58203,35.76427],[139.58156,35.76434]]}},{"type":"Feature","properties":{"tunnel":0},"geometry":{"type":"LineString","coordinates":[[139.58497,35.76395],[139.58333,35.76412]]}},{"type":"Feature","properties":{"tunnel":0},"geometry":{"type":"LineString","coordinates":[[139.58679,35.76377],[139.58656,35.76379],[139.58648,35.7638],[139.58497,35.76395]]}},{"type":"Feature","properties":{"tunnel":0},"geometry":{"type":"LineString","coordinates":[[139.58156,35.76434],[139.5813,35.76438]]}},{"type":"Feature","properties":{"tunnel":0},"geometry":{"type":"LineString","coordinates":[[139.58003,35.6],[139.57998,35.59995]]}},{"type":"Feature","properties":{"tunnel":0},"geometry":{"type":"LineString","coordinates":[[139.57998,35.59995],[139.57982,35.59978],[139.57939,35.59934],[139.5793,35.59925]]}},{"type":"Feature","properties":{"tunnel":0},"geometry":{"type":"LineString","coordinates":[[139.5813,35.60155],[139.58112,35.60131],[139.58067,35.60074],[139.58003,35.6]]}},{"type":"Feature","properties":{"tunnel":0},"geometry":{"type":"LineString","coordinates":[[139.5793,35.59925],[139.57874,35.59871],[139.57773,35.59784],[139.57699,35.59722],[139.57684,35.5971],[139.57658,35.5969],[139.57633,35.59671],[139.57592,35.59641],[139.57581,35.59631]]}},{"type":"Feature","properties":{"tunnel":0},"geometry":{"type":"LineString","coordinates":[[139.5813,35.67404],[139.58054,35.67396],[139.57954,35.67384],[139.57904,35.67378],[139.57829,35.67366],[139.57816,35.67364],[139.57801,35.67361],[139.57724,35.67345],[139.5769,35.67338],[139.5766,35.67331],[139.57613,35.6732],[139.576,35.67317],[139.57581,35.67312]]}},{"type":"Feature","properties":{"tunnel":0},"geometry":{"type":"LineString","coordinates":[[139.5813,35.76438],[139.58119,35.7644],[139.58042,35.76455],[139.57946,35.76479],[139.57908,35.7649],[139.57865,35.76502],[139.57809,35.76522],[139.57792,35.76528],[139.5775,35.76544],[139.57713,35.76559],[139.57608,35.76607],[139.57581,35.76622]]}},{"type":"Feature","properties":{"tunnel":0},"geometry":{"type":"LineString","coordinates":[[139.57071,35.59167],[139.57031,35.59121]]}},{"type":"Feature","properties":{"tunnel":0},"geometry":{"type":"LineString","coordinates":[[139.57184,35.59285],[139.57156,35.59259],[139.57101,35.59201],[139.57071,35.59167],[139.57071,35.59167]]}},{"type":"Feature","properties":{"tunnel":0},"geometry":{"type":"LineString","coordinates":[[139.57266,35.59363],[139.57254,35.59351]]}},{"type":"Feature","properties":{"tunnel":0},"geometry":{"type":"LineString","coordinates":[[139.57289,35.59384],[139.57278,35.59374]]}},{"type":"Feature","properties":{"tunnel":0},"geometry":{"type":"LineString","coordinates":[[139.57393,35.59479],[139.57392,35.59478],[139.5734,35.5943],[139.57289,35.59384]]}},{"type":"Feature","properties":{"tunnel":0},"geometry":{"type":"LineString","coordinates":[[139.57278,35.59374],[139.57266,35.59363]]}},{"type":"Feature","properties":{"tunnel":0},"geometry":{"type":"LineString","coordinates":[[139.57254,35.59351],[139.5724,35.59339]]}},{"type":"Feature","properties":{"tunnel":0},"geometry":{"type":"LineString","coordinates":[[139.5724,35.59339],[139.57229,35.59327]]}},{"type":"Feature","properties":{"tunnel":0},"geometry":{"type":"LineString","coordinates":[[139.57229,35.59327],[139.57219,35.59317]]}},{"type":"Feature","properties":{"tunnel":0},"geometry":{"type":"LineString","coordinates":[[139.57219,35.59317],[139.57207,35.59307]]}},{"type":"Feature","properties":{"tunnel":0},"geometry":{"type":"LineString","coordinates":[[139.57207,35.59307],[139.57197,35.59296]]}},{"type":"Feature","properties":{"tunnel":0},"geometry":{"type":"LineString","coordinates":[[139.57197,35.59296],[139.57184,35.59285]]}},{"type":"Feature","properties":{"tunnel":0},"geometry":{"type":"LineString","coordinates":[[139.57031,35.58771],[139.57066,35.58776],[139.5708,35.58777],[139.57091,35.58776],[139.57117,35.58773],[139.57167,35.58765]]}},{"type":"Feature","properties":{"tunnel":0},"geometry":{"type":"LineString","coordinates":[[139.57031,35.58778],[139.57064,35.58801]]}},{"type":"Feature","properties":{"tunnel":0},"geometry":{"type":"LineString","coordinates":[[139.575,35.59568],[139.57498,35.59566]]}},{"type":"Feature","properties":{"tunnel":0},"geometry":{"type":"LineString","coordinates":[[139.57449,35.59525],[139.57439,35.59517],[139.57423,35.59504]]}},{"type":"Feature","properties":{"tunnel":0},"geometry":{"type":"LineString","coordinates":[[139.57396,35.59482],[139.57393,35.59479]]}},{"type":"Feature","properties":{"tunnel":0},"geometry":{"type":"LineString","coordinates":[[139.57423,35.59504],[139.57396,35.59482]]}},{"type":"Feature","properties":{"tunnel":0},"geometry":{"type":"LineString","coordinates":[[139.57477,35.5955],[139.57449,35.59525]]}},{"type":"Feature","properties":{"tunnel":0},"geometry":{"type":"LineString","coordinates":[[139.57498,35.59566],[139.57477,35.5955]]}},{"type":"Feature","properties":{"tunnel":0},"geometry":{"type":"LineString","coordinates":[[139.57581,35.59631],[139.57567,35.5962]]}},{"type":"Feature","properties":{"tunnel":0},"geometry":{"type":"LineString","coordinates":[[139.57519,35.59583],[139.575,35.59568],[139.575,35.59568]]}},{"type":"Feature","properties":{"tunnel":0},"geometry":{"type":"LineString","coordinates":[[139.5754,35.59599],[139.57519,35.59583]]}},{"type":"Feature","properties":{"tunnel":0},"geometry":{"type":"LineString","coordinates":[[139.57553,35.59609],[139.5754,35.59599]]}},{"type":"Feature","properties":{"tunnel":0},"geometry":{"type":"LineString","coordinates":[[139.57567,35.5962],[139.57553,35.59609]]}},{"type":"Feature","properties":{"tunnel":0},"geometry":{"type":"LineString","coordinates":[[139.57424,35.67267],[139.57389,35.67255]]}},{"type":"Feature","properties":{"tunnel":0},"geometry":{"type":"LineString","coordinates":[[139.57389,35.67255],[139.5735,35.67242]]}},{"type":"Feature","properties":{"tunnel":0},"geometry":{"type":"LineString","coordinates":[[139.57171,35.67172],[139.57135,35.67155],[139.5712,35.67147]]}},{"type":"Feature","properties":{"tunnel":0},"geometry":{"type":"LineString","coordinates":[[139.57346,35.67241],[139.57315,35.6723],[139.57234,35.67198]]}},{"type":"Feature","properties":{"tunnel":0},"geometry":{"type":"LineString","coordinates":[[139.5712,35.67147],[139.57081,35.6713],[139.57052,35.67115],[139.57031,35.67106]]}},{"type":"Feature","properties":{"tunnel":0},"geometry":{"type":"LineString","coordinates":[[139.575,35.67292],[139.57445,35.67274],[139.57424,35.67267]]}},{"type":"Feature","properties":{"tunnel":0},"geometry":{"type":"LineString","coordinates":[[139.57171,35.67172],[139.57234,35.67198]]}},{"type":"Feature","properties":{"tunnel":0},"geometry":{"type":"LineString","coordinates":[[139.5735,35.67242],[139.57346,35.67241]]}},{"type":"Feature","properties":{"tunnel":0},"geometry":{"type":"LineString","coordinates":[[139.57581,35.67312],[139.57522,35.67298],[139.57513,35.67296],[139.575,35.67292],[139.575,35.67292]]}},{"type":"Feature","properties":{"tunnel":0},"geometry":{"type":"LineString","coordinates":[[139.57228,35.7688],[139.5719,35.76918],[139.5714,35.76976],[139.57121,35.77],[139.57084,35.77048],[139.57064,35.77075]]}},{"type":"Feature","properties":{"tunnel":0},"geometry":{"type":"LineString","coordinates":[[139.57064,35.77075],[139.57031,35.77123]]}},{"type":"Feature","properties":{"tunnel":0},"geometry":{"type":"LineString","coordinates":[[139.5745,35.767],[139.57419,35.7672],[139.57382,35.76747],[139.57342,35.76778],[139.57322,35.76795],[139.57277,35.76833],[139.57234,35.76873],[139.57228,35.7688]]}},{"type":"Feature","properties":{"tunnel":0},"geometry":{"type":"LineString","coordinates":[[139.575,35.76668],[139.57492,35.76673],[139.57475,35.76683],[139.57454,35.76697],[139.5745,35.767]]}},{"type":"Feature","properties":{"tunnel":0},"geometry":{"type":"LineString","coordinates":[[139.57581,35.76622],[139.57576,35.76625],[139.57554,35.76637],[139.57523,35.76654],[139.57503,35.76667],[139.57503,35.76667]]}},{"type":"Feature","properties":{"tunnel":0},"geometry":{"type":"LineString","coordinates":[[139.57503,35.76667],[139.575,35.76668],[139.575,35.76668]]}},{"type":"Feature","properties":{"tunnel":0},"geometry":{"type":"LineString","coordinates":[[139.56576,35.58333],[139.56556,35.58271],[139.56543,35.58223],[139.56519,35.58138]]}},{"type":"Feature","properties":{"tunnel":0},"geometry":{"type":"LineString","coordinates":[[139.56624,35.58458],[139.5664,35.58526],[139.56642,35.58534],[139.56651,35.58574],[139.56654,35.58585]]}},{"type":"Feature","properties":{"tunnel":0},"geometry":{"type":"LineString","coordinates":[[139.56667,35.58508],[139.56624,35.58458]]}},{"type":"Feature","properties":{"tunnel":0},"geometry":{"type":"LineString","coordinates":[[139.56667,35.58549],[139.56624,35.58458]]}},{"type":"Feature","properties":{"tunnel":0},"geometry":{"type":"LineString","coordinates":[[139.56624,35.58458],[139.56611,35.58429]]}},{"type":"Feature","properties":{"tunnel":0},"geometry":{"type":"LineString","coordinates":[[139.56598,35.58393],[139.56576,35.58334],[139.56576,35.58333]]}},{"type":"Feature","properties":{"tunnel":0},"geometry":{"type":"LineString","coordinates":[[139.56611,35.58429],[139.56598,35.58393]]}},{"type":"Feature","properties":{"tunnel":0},"geometry":{"type":"LineString","coordinates":[[139.56715,35.58585],[139.5671,35.58577],[139.56687,35.5854],[139.56667,35.58508],[139.56667,35.58508]]}},{"type":"Feature","properties":{"tunnel":0},"geometry":{"type":"LineString","coordinates":[[139.56684,35.58585],[139.56674,35.58566],[139.56667,35.58549],[139.56667,35.58549]]}},{"type":"Feature","properties":{"tunnel":0},"geometry":{"type":"LineString","coordinates":[[139.56519,35.58138],[139.56518,35.58132],[139.56508,35.58095],[139.56503,35.5808]]}},{"type":"Feature","properties":{"tunnel":0},"geometry":{"type":"LineString","coordinates":[[139.56503,35.5808],[139.56499,35.58063],[139.56487,35.58003],[139.56482,35.57978]]}},{"type":"Feature","properties":{"tunnel":0},"geometry":{"type":"LineString","coordinates":[[139.56635,35.58713],[139.56635,35.58721],[139.56637,35.5873],[139.56641,35.58736],[139.56646,35.58742],[139.56653,35.58747],[139.56661,35.58751],[139.56667,35.58753]]}},{"type":"Feature","properties":{"tunnel":0},"geometry":{"type":"LineString","coordinates":[[139.56654,35.58585],[139.56658,35.58598],[139.56662,35.58619],[139.56663,35.58632],[139.56662,35.58644],[139.56656,35.58658],[139.56648,35.58672],[139.56639,35.58686],[139.56633,35.58696],[139.56632,35.58704],[139.56635,35.58713]]}},{"type":"Feature","properties":{"tunnel":0},"geometry":{"type":"LineString","coordinates":[[139.56635,35.58713],[139.56642,35.58706],[139.56646,35.58701],[139.56652,35.58696],[139.56659,35.58692],[139.56667,35.58688]]}},{"type":"Feature","properties":{"tunnel":0},"geometry":{"type":"LineString","coordinates":[[139.56953,35.58727],[139.56991,35.58751],[139.57018,35.58768],[139.57019,35.58769]]}},{"type":"Feature","properties":{"tunnel":0},"geometry":{"type":"LineString","coordinates":[[139.57019,35.58769],[139.57031,35.58771]]}},{"type":"Feature","properties":{"tunnel":0},"geometry":{"type":"LineString","coordinates":[[139.56928,35.58711],[139.56953,35.58727]]}},{"type":"Feature","properties":{"tunnel":0},"geometry":{"type":"LineString","coordinates":[[139.56788,35.58783],[139.56736,35.58732],[139.56727,35.58719],[139.56719,35.58707]]}},{"type":"Feature","properties":{"tunnel":0},"geometry":{"type":"LineString","coordinates":[[139.5696,35.59032],[139.56946,35.59014],[139.56921,35.5898]]}},{"type":"Feature","properties":{"tunnel":0},"geometry":{"type":"LineString","coordinates":[[139.56894,35.58939],[139.56849,35.58877],[139.56819,35.58833],[139.56804,35.5881],[139.56788,35.58783]]}},{"type":"Feature","properties":{"tunnel":0},"geometry":{"type":"LineString","coordinates":[[139.56921,35.5898],[139.56894,35.58939]]}},{"type":"Feature","properties":{"tunnel":0},"geometry":{"type":"LineString","coordinates":[[139.56788,35.58783],[139.56752,35.5872]]}},{"type":"Feature","properties":{"tunnel":0},"geometry":{"type":"LineString","coordinates":[[139.56667,35.58753],[139.56667,35.58753],[139.56673,35.58754],[139.56681,35.58755],[139.5669,35.58755],[139.56706,35.58754],[139.56731,35.58749],[139.56742,35.58746],[139.56782,35.58733],[139.56798,35.58727],[139.56814,35.58721],[139.56841,35.5871],[139.56853,35.58706],[139.56868,35.58702],[139.56879,35.58701],[139.56891,35.587],[139.56911,35.58703],[139.56928,35.58711]]}},{"type":"Feature","properties":{"tunnel":0},"geometry":{"type":"LineString","coordinates":[[139.56667,35.58688],[139.56667,35.58688],[139.56677,35.58687],[139.56688,35.58688],[139.56699,35.58692],[139.5671,35.58698],[139.56719,35.58707]]}},{"type":"Feature","properties":{"tunnel":0},"geometry":{"type":"LineString","coordinates":[[139.56953,35.58727],[139.56941,35.58707],[139.56929,35.58697],[139.56906,35.58692],[139.56876,35.58686],[139.5682,35.58681],[139.5681,35.58679],[139.56792,35.58672],[139.56777,35.58663],[139.56766,35.58654],[139.5676,35.58648],[139.56744,35.58624],[139.56729,35.58605],[139.56715,35.58585]]}},{"type":"Feature","properties":{"tunnel":0},"geometry":{"type":"LineString","coordinates":[[139.56752,35.5872],[139.56729,35.58678],[139.5672,35.58658],[139.56684,35.58585]]}},{"type":"Feature","properties":{"tunnel":0},"geometry":{"type":"LineString","coordinates":[[139.56831,35.5875],[139.56827,35.58764],[139.56828,35.5878],[139.56834,35.58797],[139.56847,35.58829],[139.56873,35.58873],[139.56894,35.58939]]}},{"type":"Feature","properties":{"tunnel":0},"geometry":{"type":"LineString","coordinates":[[139.56831,35.5875],[139.56834,35.58743],[139.56844,35.58731],[139.56854,35.58723],[139.56868,35.58717],[139.56884,35.58714],[139.56902,35.58715],[139.56918,35.58718],[139.56934,35.58722],[139.56953,35.58727]]}},{"type":"Feature","properties":{"tunnel":0},"geometry":{"type":"LineString","coordinates":[[139.57019,35.58769],[139.57022,35.58785],[139.57022,35.58792],[139.57018,35.58799],[139.57012,35.58805],[139.57001,35.58809],[139.56955,35.58825]]}},{"type":"Feature","properties":{"tunnel":0},"geometry":{"type":"LineString","coordinates":[[139.57019,35.58769],[139.57031,35.58778]]}},{"type":"Feature","properties":{"tunnel":0},"geometry":{"type":"LineString","coordinates":[[139.57031,35.59121],[139.57008,35.59095],[139.5696,35.59032]]}},{"type":"Feature","properties":{"tunnel":0},"geometry":{"type":"LineString","coordinates":[[139.56667,35.6689],[139.56649,35.66879],[139.56562,35.66825],[139.56482,35.66774]]}},{"type":"Feature","properties":{"tunnel":0},"geometry":{"type":"LineString","coordinates":[[139.56961,35.67069],[139.56885,35.67024],[139.56873,35.67016],[139.56732,35.66933],[139.56676,35.66896],[139.56667,35.6689]]}},{"type":"Feature","properties":{"tunnel":0},"geometry":{"type":"LineString","coordinates":[[139.57031,35.67106],[139.57022,35.67102],[139.56969,35.67073],[139.56961,35.67069]]}},{"type":"Feature","properties":{"tunnel":0},"geometry":{"type":"LineString","coordinates":[[139.56517,35.77842],[139.56482,35.77878]]}},{"type":"Feature","properties":{"tunnel":0},"geometry":{"type":"LineString","coordinates":[[139.5658,35.77771],[139.56547,35.77808],[139.56517,35.77842]]}},{"type":"Feature","properties":{"tunnel":0},"geometry":{"type":"LineString","coordinates":[[139.56667,35.77669],[139.56655,35.77684],[139.56623,35.77722],[139.56594,35.77755],[139.5658,35.77771]]}},{"type":"Feature","properties":{"tunnel":0},"geometry":{"type":"LineString","coordinates":[[139.56868,35.77382],[139.56833,35.77441],[139.56794,35.775]]}},{"type":"Feature","properties":{"tunnel":0},"geometry":{"type":"LineString","coordinates":[[139.56875,35.7737],[139.5687,35.77378],[139.56868,35.77382]]}},{"type":"Feature","properties":{"tunnel":0},"geometry":{"type":"LineString","coordinates":[[139.56881,35.77359],[139.56875,35.7737]]}},{"type":"Feature","properties":{"tunnel":0},"geometry":{"type":"LineString","coordinates":[[139.56902,35.77326],[139.56884,35.77355],[139.56881,35.77359]]}},{"type":"Feature","properties":{"tunnel":0},"geometry":{"type":"LineString","coordinates":[[139.56699,35.77627],[139.56667,35.77669]]}},{"type":"Feature","properties":{"tunnel":0},"geometry":{"type":"LineString","coordinates":[[139.56734,35.77581],[139.56699,35.77627]]}},{"type":"Feature","properties":{"tunnel":0},"geometry":{"type":"LineString","coordinates":[[139.56794,35.775],[139.56784,35.77513]]}},{"type":"Feature","properties":{"tunnel":0},"geometry":{"type":"LineString","coordinates":[[139.56746,35.77565],[139.56734,35.77581]]}},{"type":"Feature","properties":{"tunnel":0},"geometry":{"type":"LineString","coordinates":[[139.5676,35.77546],[139.56746,35.77565]]}},{"type":"Feature","properties":{"tunnel":0},"geometry":{"type":"LineString","coordinates":[[139.56766,35.77538],[139.5676,35.77546]]}},{"type":"Feature","properties":{"tunnel":0},"geometry":{"type":"LineString","coordinates":[[139.56774,35.77527],[139.56766,35.77538]]}},{"type":"Feature","properties":{"tunnel":0},"geometry":{"type":"LineString","coordinates":[[139.56784,35.77513],[139.56774,35.77527]]}},{"type":"Feature","properties":{"tunnel":0},"geometry":{"type":"LineString","coordinates":[[139.57031,35.77123],[139.5701,35.77154],[139.5696,35.77233],[139.56928,35.77284]]}},{"type":"Feature","properties":{"tunnel":0},"geometry":{"type":"LineString","coordinates":[[139.56928,35.77284],[139.56909,35.77314]]}},{"type":"Feature","properties":{"tunnel":0},"geometry":{"type":"LineString","coordinates":[[139.56909,35.77314],[139.56902,35.77326]]}},{"type":"Feature","properties":{"tunnel":0},"geometry":{"type":"LineString","coordinates":[[139.56424,35.575],[139.56419,35.57445],[139.56402,35.5734]]}},{"type":"Feature","properties":{"tunnel":0},"geometry":{"type":"LineString","coordinates":[[139.56394,35.57305],[139.5639,35.57282],[139.5638,35.57245]]}},{"type":"Feature","properties":{"tunnel":0},"geometry":{"type":"LineString","coordinates":[[139.56402,35.5734],[139.56398,35.57321],[139.56394,35.57305]]}},{"type":"Feature","properties":{"tunnel":0},"geometry":{"type":"LineString","coordinates":[[139.56443,35.57692],[139.56441,35.57666],[139.56432,35.57577]]}},{"type":"Feature","properties":{"tunnel":0},"geometry":{"type":"LineString","coordinates":[[139.56432,35.57577],[139.5643,35.57551],[139.56424,35.575]]}},{"type":"Feature","properties":{"tunnel":0},"geometry":{"type":"LineString","coordinates":[[139.5638,35.57245],[139.5636,35.57165],[139.56351,35.57137],[139.5635,35.57133]]}},{"type":"Feature","properties":{"tunnel":0},"geometry":{"type":"LineString","coordinates":[[139.56316,35.57037],[139.56306,35.57008]]}},{"type":"Feature","properties":{"tunnel":0},"geometry":{"type":"LineString","coordinates":[[139.56306,35.57008],[139.56301,35.56997],[139.56265,35.56927]]}},{"type":"Feature","properties":{"tunnel":0},"geometry":{"type":"LineString","coordinates":[[139.5635,35.57133],[139.56344,35.57113],[139.56329,35.57072],[139.56316,35.57037]]}},{"type":"Feature","properties":{"tunnel":0},"geometry":{"type":"LineString","coordinates":[[139.56265,35.56927],[139.56255,35.56904],[139.5622,35.56837],[139.56196,35.56798]]}},{"type":"Feature","properties":{"tunnel":0},"geometry":{"type":"LineString","coordinates":[[139.56109,35.56667],[139.56106,35.56662],[139.5605,35.56591]]}},{"type":"Feature","properties":{"tunnel":0},"geometry":{"type":"LineString","coordinates":[[139.5605,35.56591],[139.56013,35.56547],[139.55933,35.56465]]}},{"type":"Feature","properties":{"tunnel":0},"geometry":{"type":"LineString","coordinates":[[139.56165,35.56748],[139.56157,35.56734],[139.56143,35.56714]]}},{"type":"Feature","properties":{"tunnel":0},"geometry":{"type":"LineString","coordinates":[[139.56196,35.56798],[139.56165,35.56748]]}},{"type":"Feature","properties":{"tunnel":0},"geometry":{"type":"LineString","coordinates":[[139.56143,35.56714],[139.56117,35.56678],[139.56109,35.56667]]}},{"type":"Feature","properties":{"tunnel":0},"geometry":{"type":"LineString","coordinates":[[139.56457,35.57807],[139.56451,35.57766]]}},{"type":"Feature","properties":{"tunnel":0},"geometry":{"type":"LineString","coordinates":[[139.56466,35.57893],[139.56466,35.5789],[139.56457,35.57807]]}},{"type":"Feature","properties":{"tunnel":0},"geometry":{"type":"LineString","coordinates":[[139.56451,35.57766],[139.56443,35.57692]]}},{"type":"Feature","properties":{"tunnel":0},"geometry":{"type":"LineString","coordinates":[[139.56482,35.57978],[139.56471,35.57922],[139.5647,35.57914],[139.56466,35.57893]]}},{"type":"Feature","properties":{"tunnel":0},"geometry":{"type":"LineString","coordinates":[[139.56215,35.66622],[139.56098,35.66563],[139.55933,35.66501]]}},{"type":"Feature","properties":{"tunnel":0},"geometry":{"type":"LineString","coordinates":[[139.56303,35.66667],[139.56302,35.66666]]}},{"type":"Feature","properties":{"tunnel":0},"geometry":{"type":"LineString","coordinates":[[139.56302,35.66666],[139.56278,35.66654],[139.56215,35.66622]]}},{"type":"Feature","properties":{"tunnel":0},"geometry":{"type":"LineString","coordinates":[[139.56482,35.66774],[139.56468,35.66765],[139.56303,35.66667]]}},{"type":"Feature","properties":{"tunnel":0},"geometry":{"type":"LineString","coordinates":[[139.56482,35.77878],[139.56463,35.77897],[139.5643,35.7793],[139.56371,35.77987],[139.56328,35.78024],[139.56288,35.78059],[139.56283,35.78064],[139.56256,35.78086],[139.56219,35.78117],[139.5618,35.78148],[139.5612,35.78194],[139.56087,35.78217]]}},{"type":"Feature","properties":{"tunnel":0},"geometry":{"type":"LineString","coordinates":[[139.56087,35.78217],[139.56053,35.78242],[139.55987,35.78287],[139.55934,35.78322],[139.55933,35.78323]]}}]}