{
  "_comment": "恵豊様式・営業明細の固定テンプレート。measure-template.js が基準画像Aから1回測定。グリッドは推論しない。",
  "reference": "2026-05-10-v5.json",
  "columns": [
    "No",
    "乗車",
    "降車",
    "時間",
    "迎",
    "乗車地",
    "降車地",
    "営Km",
    "男",
    "女",
    "合計",
    "料金",
    "現収",
    "未収",
    "立替",
    "備考"
  ],
  "colCenterFrac": [
    0,
    0.03712035995500562,
    0.08492688413948256,
    0.12879640044994375,
    0.1608548931383577,
    0.2727784026996625,
    0.47412823397075365,
    0.5984251968503937,
    0.6299212598425197,
    0.6541057367829022,
    0.6957255343082115,
    0.7446569178852643,
    0.7941507311586051,
    0.8526434195725534,
    0.9015748031496063,
    1
  ],
  "colBoundFrac": [
    -0.01856017997750281,
    0.01856017997750281,
    0.06102362204724409,
    0.10686164229471315,
    0.14482564679415072,
    0.21681664791901012,
    0.3734533183352081,
    0.5362767154105736,
    0.6141732283464567,
    0.6420134983127109,
    0.6749156355455568,
    0.7201912260967379,
    0.7694038245219348,
    0.8233970753655793,
    0.8771091113610798,
    0.9507874015748031,
    1.0492125984251968
  ],
  "headerTopFrac": -0.266029246344207,
  "headerYFrac": -0.22778402699662542,
  "rowY0Frac": -0.21497368496954092,
  "pitchFrac": 0.01833823389977556,
  "measured": {
    "x0": 643,
    "span": 1778,
    "rowY0": 260.77678812415627,
    "pitch": 32.60537987380094,
    "rowCount": 38,
    "etcY": 1532
  }
}